tree
version=v4
num_class=1
num_tree_per_iteration=1
label_index=0
max_feature_idx=18
objective=binary sigmoid:1
feature_names=Column_0 Column_1 Column_2 Column_3 Column_4 Column_5 Column_6 Column_7 Column_8 Column_9 Column_10 Column_11 Column_12 Column_13 Column_14 Column_15 Column_16 Column_17 Column_18
feature_infos=[0.05128205195069313:1] [0.25:1] [0.042553190141916275:1] [0.042553190141916275:1] [0.05714285746216774:1] [0:1] [0:1] [0:6] [0:62] [0:1] [0:1] [0:16] [0:1] [0:8] [0:1] [0:1] [0:1] [0:1] none
tree_sizes=3418 3435 3475 3490 3481 3490 3477 3498 3494 3517 3507 3516 3521 3514 3509 3516 3539 3521 3545 3529 3543 3534 3512 3509 3522 3529 3508 3527 3540 3551 3543 3527 3545 3524 3548 3576 3564 3532 3549 3568 3573 3533 3571 3566 3534 3555 3549 3531 3567 3546 3570 3557 3547 3562 3550 3565 3544 3545 3558 3556 3535 3534 3558 3554 3558 3560 3543 3536 3544 3551 3540 3552 3542 3561 3539 3576 3550 3551 3516 3557 3519 3564 3552 3566 3539 3553 3557 3522 3539 3504 3548 3536 3542 3543 3519 3562 3515 3540 3520 3564 3529 3571 3535 3526 3536 3504 3550 3529 3540 3559 3530 3508 3535 3500 3504 3509 3535 3564 3554 3519 3493 3494 3516 3562 3509 3521 3549 3553 3510 3516 3513 3506 3505 3511 3539 3542 3515 3534 3529 3571 3523 3515 3481 3500 3528 3538 3478 3469 3517 3542 3524 3548 3492 3521 3520 3522 3543 3497 3483 3498 3518 3534 3497 3506 3533 3528 3484 3529 3533 3479 3454 3522 3519 3486 3467 3495 3489 3529 3468 3532 3492 3529 3491 3486 3520 3497 3458 3507 3494 3463 3522 3520 3455 3453 3488 3486 3512 3472 3500 3508 3445 3503 3501 3542 3489 3555 3558 3502 3528 3491

Tree=0
num_leaves=31
num_cat=0
split_feature=9 0 12 10 16 2 9 9 12 1 9 10 13 16 2 9 5 0 9 12 2 0 3 5 2 9 3 3 0 9
split_gain=1.37037e+06 27638.4 20301.3 19512 16183.3 12483.7 19584.2 20203.7 4718.31 9260.41 4384.85 3234.7 2865.79 2683.79 2531.64 2426.1 8185.44 2258.29 1887.57 1700.21 2195.93 1636.07 1108.61 913.646 1321.39 1246.89 836.988 826.032 774.024 1350.19
threshold=0.74106001853942882 0.59896907210350048 0.41428571939468389 0.39230769872665411 1.0000000180025095e-35 0.92403846979141246 0.54267463088035595 1.0000000180025095e-35 0.41428571939468389 0.84028983116149913 0.85014972090721141 0.48333333432674414 1.0000000180025095e-35 1.0000000180025095e-35 0.82413583993911754 0.65682536363601696 1.0000000180025095e-35 0.51899951696395885 0.87332859635353099 0.41428571939468389 0.69282051920890819 0.56294015049934398 0.71834936738014232 1.0000000180025095e-35 0.86240702867507946 0.8011976182460786 0.71516755223274242 0.95488464832305919 0.93788579106330883 1.0000000180025095e-35
decision_type=2 2 2 2 2 2 2 2 2 2 2 2 2 2 2 2 2 2 2 2 2 2 2 2 2 2 2 2 2 2
left_child=3 2 18 5 14 15 7 27 9 10 13 22 -9 -3 -5 28 19 -18 -2 -17 -21 -6 -4 24 25 -11 -20 -7 -1 -30
right_child=1 8 11 4 21 6 -8 12 -10 23 -12 -13 -14 -15 -16 16 17 -19 26 20 -22 -23 -24 -25 -26 -27 -28 -29 29 -31
leaf_value=-2.621391599363748 -2.5579211273769471 -2.5031326954839299 -2.3104196347533832 -2.5503796044893265 -2.3161555512973377 -2.050474532478848 -1.5600233582590448 -2.615450370327546 -1.4526448621234795 -2.2711117360845168 -1.6913905238136433 -1.5176676653452905 -1.6635906487369925 -1.7449144034836457 -1.6496019420371626 -2.6028680619639948 -2.576154024101585 -1.5278900827916486 -2.3012668600113599 -2.4879856617341263 -1.7474191018504899 -1.4665333881673375 -1.5635695600449271 -1.4597856508836926 -1.4884319514453879 -1.6800831072203555 -1.6649551767335269 -1.6612863823112645 -1.853558020035996 -2.5380446701613524
leaf_weight=103688.5418721661 270.00510767102242 114.98961243778467 50.88035948574543 268.44477664679289 15.806831680238245 44.706875868141651 160.17137166112661 1331.5729279816151 5943.7079141661525 30.528215691447258 142.26148512214422 333.2324343919754 20.555665232241154 40.365085192024708 21.573272421956062 912.11524438112974 16.417395994067192 66.144467331469059 32.631270550191402 99.929026030004025 34.462963491678238 176.18172477930784 16.96011982858181 752.48659655451775 183.23713462799788 90.770561322569847 22.251677215099335 159.15376447141171 21.573272421956062 127.13305823504925
leaf_count=1528417 3980 1695 750 3957 233 659 2361 19628 87613 450 2097 4912 303 595 318 13445 242 975 481 1473 508 2597 250 11092 2701 1338 328 2346 318 1874
internal_value=-2.53856 -1.53018 -2.00094 -2.61407 -2.10622 -2.61636 -2.40234 -2.48905 -1.48335 -1.61809 -2.01228 -1.62018 -2.60098 -2.30613 -2.48337 -2.61986 -2.50323 -1.73634 -2.47098 -2.56373 -2.29808 -1.53648 -2.12371 -1.5071 -1.62402 -1.82883 -2.04328 -1.74664 -2.62113 -2.43874
internal_weight=115189 8024.31 725.961 107164 482.007 106682 1716.16 1555.99 7298.35 1354.64 297.616 401.073 1352.13 155.355 290.018 104966 1129.07 82.5619 324.888 1046.51 134.392 191.989 67.8405 1057.02 304.536 121.299 54.8829 203.861 103837 148.706
internal_count=1697936 118282 10701 1579654 7105 1572549 25297 22936 107581 19968 4387 5912 19931 2290 4275 1547252 16643 1217 4789 15426 1981 2830 1000 15581 4489 1788 809 3005 1530609 2192
is_linear=0
shrinkage=1


Tree=1
num_leaves=31
num_cat=0
split_feature=9 2 10 9 4 9 6 9 9 5 12 10 6 12 12 6 4 10 12 13 0 0 12 6 9 10 7 17 7 6
split_gain=541944 10293 8272.73 10246.2 7914.9 7634.64 2330.45 7213.47 6709.5 3581.63 1251.28 1212.61 2524.55 1579.5 1014.96 970.234 879.992 732.448 1707.71 714.925 688.721 686.696 679.735 792.998 643.895 645.463 618.405 506.468 378.676 376.476
threshold=0.70031845569610607 0.91331186890602123 0.10263158008456232 1.0000000180025095e-35 0.58643677830696117 0.83594325184822094 0.77500000596046459 0.56148993968963634 1.0000000180025095e-35 1.0000000180025095e-35 0.63333335518836986 0.36931818723678594 0.58571431040763866 0.30952382087707525 0.18333333730697635 0.46428571641445165 0.84764185547828685 0.31414473056793218 0.63333335518836986 1.0000000180025095e-35 0.65806129574775707 0.73123827576637279 0.41428571939468389 0.38750000298023229 0.65682536363601696 0.39230769872665411 1.5000000000000002 1.0000000180025095e-35 1.5000000000000002 0.58571431040763866
decision_type=2 2 2 2 2 2 2 2 2 2 2 2 2 2 2 2 2 2 2 2 2 2 2 2 2 2 2 2 2 2
left_child=1 6 3 28 5 15 17 8 9 -8 -10 12 13 16 26 -2 -6 -1 29 -5 -20 -11 23 -7 25 -16 -9 -17 -3 -19
right_child=4 2 -4 19 11 22 7 14 10 21 -12 -13 -14 -15 24 27 -18 18 20 -21 -22 -23 -24 -25 -26 -27 -28 -29 -30 -31
leaf_value=-0.083970178285073194 -0.044950289476886091 0.2380198093668599 0.42782811233717666 -0.07941284390730273 0.011572343865247667 0.045609932475021112 0.03560118456491173 0.028813332470995063 -0.081101454059548356 0.23907986850021845 0.64762929060007779 0.41860273930907843 0.42743205096486026 0.34500554400670125 1.0894450229673136 0.53401981440287116 0.34712603506403933 -0.059702538935740249 0.089733752012652282 0.32678311285520456 0.50962635678392254 0.63222585664064124 0.4168663724924207 0.50478637367743406 0.45866608486235649 0.44861233916938453 0.46119759105229707 0.10416635524890007 0.41991645085510187 0.43696617837243729
leaf_weight=92638.386075161397 514.2725393101573 95.444164238870144 385.1959930062294 1519.2334859073162 231.78040608018637 72.023065529763699 174.53963063657284 40.691629849374294 3522.1112941876054 35.9499666467309 15.144786231219767 15454.72943187505 902.8021661862731 297.93437466770411 28.111353874206543 27.74785340577364 63.783725932240486 633.7991259098053 49.164373576641083 28.246842280030251 50.866228677332401 136.00195877254009 602.55496507138014 36.153993606567383 61.47025802731514 15.664400674402712 44.125957280397415 47.697064861655235 314.9769633859396 9.9203951731324178
leaf_count=1465607 7247 904 2995 23697 2950 881 2754 599 55672 569 230 102141 6099 2173 441 245 516 9562 693 221 473 1952 4177 336 434 108 495 628 2574 86
internal_value=-0.00346517 -0.0767677 0.0889264 0.0222511 0.397353 0.207151 -0.0807514 -0.0215221 -0.0450718 0.290895 -0.0779814 0.411945 0.343179 0.215017 0.459691 -0.00564739 0.083986 -0.0833353 -0.00426227 -0.0719984 0.303252 0.550031 0.383717 0.199072 0.625652 0.860134 0.253759 0.262262 0.377616 -0.0520484
internal_weight=118051 99799 2343.1 1957.9 18251.5 1300.45 97455.9 4073.81 3883.75 346.492 3537.26 16951 1496.3 593.499 190.064 589.717 295.564 93382.1 743.75 1547.48 100.031 171.952 710.732 108.177 105.246 43.7758 84.8176 75.4449 410.421 643.72
internal_count=1697459 1570066 30391 27396 127393 13514 1539675 63254 61177 5275 55902 113879 11738 5639 2077 8120 3466 1476421 10814 23918 1166 2521 5394 1217 983 549 1094 873 3478 9648
is_linear=0
shrinkage=0.08


Tree=2
num_leaves=31
num_cat=0
split_feature=9 2 4 9 10 9 6 9 10 5 9 6 12 5 16 12 13 12 10 12 6 13 13 2 4 9 2 5 4 2
split_gain=381970 7777.29 5243.54 5224.02 4454.12 7034.56 1869.95 3873.39 4392.71 1356.35 999.885 2138.08 1586.27 825.862 579.174 554.824 487.605 481.458 454.041 967.87 439.036 400.144 390.094 342.362 311.781 283.339 262.465 258.233 245.934 230.952
threshold=0.68535399436950695 0.91010102629661571 0.57735043764114391 0.81983605027198803 0.097619049251079573 1.0000000180025095e-35 0.77500000596046459 1.0000000180025095e-35 0.13961039483547213 1.0000000180025095e-35 0.76239567995071422 0.53571429848670971 0.41428571939468389 1.0000000180025095e-35 1.0000000180025095e-35 0.41428571939468389 1.0000000180025095e-35 0.63333335518836986 0.31414473056793218 0.63333335518836986 0.46428571641445165 1.0000000180025095e-35 1.0000000180025095e-35 0.62767899036407482 0.73375529050827037 0.46683587133884435 0.81872946023941051 1.0000000180025095e-35 0.680425524711609 0.85553771257400524
decision_type=2 2 2 2 2 2 2 2 2 2 2 2 2 2 2 2 2 2 2 2 2 2 2 2 2 2 2 2 2 2
left_child=1 6 3 17 5 -3 18 9 16 -8 11 12 14 21 -4 20 -9 29 -1 -20 27 -10 -7 -21 -16 -18 -11 -5 -14 -2
right_child=2 4 10 15 -6 22 7 8 13 26 -12 -13 28 -15 24 -17 25 -19 19 23 -22 -23 -24 -25 -26 -27 -28 -29 -30 -31
leaf_value=-0.083480711769362878 -0.062921470977271979 0.26479351390986339 -0.050792821445375252 -0.026019092444256448 0.29453180116376443 -0.07999267134624917 0.026516379478888543 -0.082472327906933138 -0.009944160120936206 0.24188290350931016 0.30098449592793614 0.31268451964457361 0.13941503128106481 0.39617605520315091 0.034525493229289238 0.29734579817380807 0.013220002857114001 0.17222634851978458 -0.058428987015225538 0.06534855085481299 0.31687687655058822 0.39657089347693159 0.22568569788847079 0.35893001914183592 0.35106849870057888 0.43081030540630311 0.40296816641717492 0.46407675354414529 0.31782852613235096 0.47446845905551116
leaf_weight=85953.375899065286 558.31607704609632 527.88393434137106 267.83459154888988 80.866724774241447 438.32611413672566 1482.4238471500576 179.04186187684536 3209.6997368484735 66.529604509472847 148.97289500385523 20207.100781321526 869.46423327922821 67.774850472807884 146.62429373711348 39.306458588689566 721.49384832382202 24.56684634834528 64.824351783841848 547.3187125697732 51.483318649232388 47.681904286146164 20.202692665159702 27.209381870925426 50.22009165585041 40.364767875522375 18.031257830560207 114.48253022134304 7.5205551460385314 182.85646075755358 5.1656275317072859
leaf_count=1463009 8549 3541 3634 1028 2764 24825 2738 54297 1000 1438 106160 4722 568 1135 467 3990 340 638 8682 638 343 151 178 367 270 144 1053 91 1100 40
internal_value=-0.00431249 -0.0767029 0.286387 0.141004 0.0631861 0.0134173 -0.0805287 -0.026543 -0.0548475 0.196418 0.296354 0.232596 0.116177 0.280426 0.00553602 0.269401 -0.0789038 -0.0342424 -0.0829774 -0.016316 0.121228 0.084746 -0.0744832 0.210316 0.194899 0.189981 0.311881 0.0156814 0.269583 -0.057995
internal_weight=116167 93006.4 23160.6 1485.87 2475.84 2037.52 90530.5 3928.15 3485.65 442.497 21674.7 1467.6 598.137 233.357 347.506 857.563 3252.3 628.306 86602.4 649.022 136.069 86.7323 1509.63 101.703 79.6712 42.5981 263.455 88.3873 250.631 563.482
internal_count=1697900 1566300 131600 14679 31308 28544 1534992 62296 57067 5229 116921 10761 6039 2286 4371 5452 54781 9227 1472696 9687 1462 1151 25003 1005 737 484 2491 1119 1668 8589
is_linear=0
shrinkage=0.08


Tree=3
num_leaves=31
num_cat=0
split_feature=9 2 10 9 1 9 6 9 10 5 10 6 0 13 13 7 10 17 4 2 9 17 13 5 5 7 10 17 7 13
split_gain=297444 7241.61 3452.53 5916.54 3399.26 3445.78 1669.44 2767.77 3273.44 745.652 704.035 1464.63 819.018 515.639 494.556 449.393 411.82 536.522 668.77 395.368 379.039 366.661 361.703 264.448 246.176 243.893 243.773 224.409 207.101 202.407
threshold=0.68535399436950695 0.90366768836975109 0.097619049251079573 1.0000000180025095e-35 0.68457102775573742 0.83594325184822094 0.77500000596046459 1.0000000180025095e-35 0.13961039483547213 1.0000000180025095e-35 0.39230769872665411 0.46428571641445165 0.6911335587501527 1.0000000180025095e-35 1.0000000180025095e-35 1.5000000000000002 0.31414473056793218 1.0000000180025095e-35 0.64346247911453258 0.59896907210350048 0.56148993968963634 1.0000000180025095e-35 1.0000000180025095e-35 1.0000000180025095e-35 1.0000000180025095e-35 1.5000000000000002 0.39230769872665411 1.0000000180025095e-35 1.5000000000000002 1.0000000180025095e-35
decision_type=2 2 2 2 2 2 2 2 2 2 2 2 2 2 2 2 2 2 2 2 2 2 2 2 2 2 2 2 2 2
left_child=1 6 3 25 5 13 16 9 22 28 11 12 23 -2 21 24 -1 18 -18 -15 -5 -14 -9 -6 -10 -3 -7 -11 -8 -4
right_child=4 2 29 20 10 26 7 8 15 27 -12 -13 14 19 -16 -17 17 -19 -20 -21 -22 -23 -24 -25 -26 -27 -28 -29 -30 -31
leaf_value=-0.082969864336926824 -0.061473410550558202 0.12187655964651668 0.17680822377156802 -0.079562215293150634 -0.038635643788457345 0.091398081627095909 -0.054961543918680952 -0.081949299620141663 -0.035744085943857119 0.17788696613152158 0.24402979445520526 0.23970045412655464 0.2741583042935607 0.016112901423899026 0.25107906391304236 0.2879158728347655 -0.034255312595748336 -0.056096461328794221 0.32790067554857721 0.2371888377781706 0.21952614579942278 0.035947392699691091 0.14708499283013202 0.23538416894056796 0.2479291077393751 0.23796872971557703 0.22746864960942723 0.32262929205855967 0.11945797799085506 0.27666437696071805
leaf_weight=79711.69167778641 461.99120147898793 150.62068843096495 225.79827843233943 1585.5991772934794 230.28926335275173 92.205771431326866 99.688204973936081 2895.67159152776 55.194931861013174 198.48187907040119 22014.775037743151 1665.4220692850649 52.689957201480865 175.38571019843221 227.14998409152031 178.41885571554303 74.203832741826773 499.26358634606004 58.251775439828634 73.455986030399799 27.590344220399857 192.22320964187384 44.812679842114449 24.985687032341957 30.342010721564293 501.23309523612261 978.20569422841072 104.72361652553082 77.392982102930546 305.93488686531782
leaf_count=1460121 7158 1165 1511 28447 2709 709 1489 52659 827 1533 101988 8336 310 2001 1147 1152 1151 8150 375 480 209 1906 466 218 229 2821 4823 776 1157 1506
internal_value=-0.00455094 -0.0758301 0.0508093 0.00774288 0.231764 0.125074 -0.0800451 -0.0273907 -0.0542334 0.151702 0.23955 0.198338 0.103627 -0.0114672 0.166054 0.21564 -0.08246 -0.018122 0.125015 0.0813727 -0.0744469 0.0871954 -0.0784588 -0.0118153 0.0648816 0.211144 0.215747 0.227879 0.0212682 0.234261
internal_weight=113014 86824.9 2796.78 2265.04 26188.8 1781.24 84028.1 3684.73 3204.44 480.287 24407.5 2392.76 727.338 710.833 472.063 263.956 80343.4 631.719 132.456 248.842 1613.19 244.913 2940.48 255.275 85.5369 651.854 1070.41 303.205 177.081 531.733
internal_count=1697529 1565744 35659 32642 131785 15171 1530085 60288 55333 4955 116614 14626 6290 9639 3363 2208 1469797 9676 1526 2481 28656 2216 53125 2927 1056 3986 5532 2309 2646 3017
is_linear=0
shrinkage=0.08


Tree=4
num_leaves=31
num_cat=0
split_feature=9 4 4 12 9 10 2 10 7 9 1 12 9 9 5 0 2 2 12 10 0 13 2 2 9 2 13 9 12 10
split_gain=243150 6072.1 3120.7 3357.5 2934.53 4565.97 1039.13 643.14 1177.46 609.026 1399.61 877.676 541.247 480.009 3438.6 774.509 490.121 477.399 420.27 367.853 244.491 223.557 367.132 191.56 186.088 177.773 170.588 163.924 186.165 148.505
threshold=0.66849818825721752 0.92084378004074108 0.58643677830696117 0.41428571939468389 1.0000000180025095e-35 0.07275132462382318 0.9529346525669099 0.27525253593921667 1.5000000000000002 0.78297102451324474 0.84475743770599376 0.41428571939468389 0.85014972090721141 1.0000000180025095e-35 1.0000000180025095e-35 0.65419578552246105 0.87007671594619762 0.77629500627517711 0.63333335518836986 0.39230769872665411 0.67826876044273388 1.5000000000000002 0.7243877947330476 0.63453349471092235 0.59424430131912243 0.88341891765594494 1.0000000180025095e-35 0.46974781155586248 0.41428571939468389 0.07275132462382318
decision_type=2 2 2 2 2 2 2 2 2 2 2 2 2 2 2 2 2 2 2 2 2 2 2 2 2 2 2 2 2 2
left_child=1 6 3 12 -3 26 7 13 18 10 11 17 25 14 16 -16 -1 -4 -9 -5 -20 24 -23 -13 -15 -2 -6 28 -7 -8
right_child=2 4 9 19 5 27 29 8 -10 -11 -12 23 -14 21 15 -17 -18 -19 20 -21 -22 22 -24 -25 -26 -27 -28 -29 -30 -31
leaf_value=-0.077691135505103856 -0.065567981697437314 0.185276598150693 -0.046410555071970332 0.061971354592003265 -0.080794926518067897 -0.022485178968905149 0.062129928530212028 -0.067540805523500835 0.22410838354654974 0.20756378941940679 0.20232234579724609 0.073109450199926457 0.11504015610418718 -0.083722544503736049 -0.016059100377495569 0.23298923129349297 0.054712121272689748 0.19283814406825728 0.014367845149152948 0.20095960219839767 0.27320545415052733 -0.024160906579569798 0.48158872476394998 0.21082245359472318 -0.056072410501582452 0.41777804723276019 0.17203093509391565 0.22524764116139476 0.29665250410473804 0.22118525874303627
leaf_weight=7234.9633466601372 632.68867915123701 695.25224231183529 332.88822164013982 138.4357345700264 1419.2934895902872 37.300614312291145 92.183660883456469 784.49238086491823 115.34676982834935 23878.179109357297 1940.9276491515338 90.986554306000471 133.97012923657894 67478.315469115973 109.74177952110767 294.05871974676847 183.46868143975735 63.571653831750154 67.182968787848949 1018.4556741975248 35.801450498402119 48.512523353099823 11.33182319998741 223.29242393374443 1594.5851834230125 4.9077896922826758 17.287899494171143 420.6826619617641 17.043469443917274 63.411540687084198
leaf_count=141906 10649 3782 4254 1379 27355 466 1039 14451 833 102318 9177 646 991 1329345 1802 2681 2660 512 993 4743 253 936 94 1099 30411 33 111 2180 106 318
internal_value=-0.0046871 -0.075575 0.196382 0.0981228 0.044533 -0.00665545 -0.0795833 -0.0799955 -0.0163425 0.203525 0.167151 0.0711042 -0.0311338 -0.080825 -0.0620417 0.165305 -0.0744166 -0.00804744 -0.0475943 0.184328 0.10435 -0.0829503 0.0716053 0.170953 -0.0830842 -0.0618475 -0.0777524 0.208357 0.0776032 0.126952
internal_weight=109179 80720.3 28458.3 1928.46 2606.86 1911.61 78113.4 77957.8 1002.82 26529.8 2651.67 710.739 771.567 76955 7822.23 403.8 7418.43 396.46 887.477 1156.89 102.984 69132.7 59.8443 314.279 69072.9 637.596 1436.58 475.027 54.3441 155.595
internal_count=1697523 1561722 135801 17795 34000 30218 1527722 1526365 16530 118006 15688 6511 11673 1509835 149049 4483 144566 4766 15697 6122 1246 1360786 1030 1745 1359756 10682 27466 2752 572 1357
is_linear=0
shrinkage=0.08


Tree=5
num_leaves=31
num_cat=0
split_feature=9 2 4 9 9 10 4 12 10 12 4 9 5 0 10 9 12 16 9 7 12 2 16 12 9 9 7 7 9 2
split_gain=204001 5597.47 2435.67 3447.16 2115.55 3617.66 899.502 671.603 610.052 1000.54 587.571 438.558 2837.65 506.017 378.177 524.975 367.457 747.185 1117.34 593.872 335.954 269.106 234.766 227.507 221.242 210.242 794.169 209.125 198.709 194.064
threshold=0.66849818825721752 0.90366768836975109 0.63100686669349682 0.81983605027198803 1.0000000180025095e-35 0.07275132462382318 0.9529346525669099 0.63333335518836986 0.27525253593921667 0.41428571939468389 0.64346247911453258 1.0000000180025095e-35 1.0000000180025095e-35 0.61143791675567638 0.081666667014360442 1.0000000180025095e-35 0.30952382087707525 1.0000000180025095e-35 0.8011976182460786 1.5000000000000002 0.41428571939468389 0.70438539981842052 1.0000000180025095e-35 0.18333333730697635 0.92762354016304027 0.5827293097972871 1.5000000000000002 1.5000000000000002 0.59424430131912243 0.85553771257400524
decision_type=2 2 2 2 2 2 2 2 2 2 2 2 2 2 2 2 2 2 2 2 2 2 2 2 2 2 2 2 2 2
left_child=1 6 3 7 -3 28 8 21 11 -10 -11 12 29 -14 15 -8 17 18 19 -4 22 -2 24 27 -5 -13 -27 -7 -6 -1
right_child=2 4 16 20 5 23 14 -9 9 10 -12 25 13 -15 -16 -17 -18 -19 -20 -21 -22 -23 -24 -25 -26 26 -28 -29 -30 -31
leaf_value=-0.077020157281119869 -0.057361292791809487 0.15107227493092104 -0.04043307639248634 -0.021779704106111134 -0.079256461504150971 -0.0013582681144882875 0.18506678898226053 0.12617714925605053 -0.068077990180770362 -0.014353848827456224 0.21824602637389259 -0.083341417883256191 -0.041408147676864147 0.17080827884963301 0.25938588007815161 -0.073654282572710394 0.1850648639328466 0.18375258614643611 0.15834659903783632 0.17559519768783877 0.1789141204550263 0.14263401622762145 0.18120247484382521 0.20382172870823259 0.18295127851919954 -0.069778429392935423 0.14233144278197077 0.15816633232539148 0.22351291233954582 0.0062278097587775798
leaf_weight=6690.2435140646994 782.49212383851409 761.41977947205305 349.05989626422524 134.62137272208929 1368.3076235279441 82.039658293128014 78.776622701436281 174.89017696306109 696.17743584513664 128.91425019130111 150.82533569261432 62114.012033641338 89.062050335109234 373.3825323022902 52.553834818303585 138.34231830760837 22032.59307744354 2981.2391461953521 1133.473461471498 106.22769848257303 1710.7649946063757 45.566384240984917 102.73819180205464 344.96419804915786 45.098449639976025 1800.5587131865323 120.53474236652255 146.52886141464114 14.015210464596747 184.1496858894825
leaf_count=140632 12561 3942 3975 1151 28119 756 403 1176 13347 2195 1092 1319437 1530 3030 338 2798 90451 12583 4904 530 7187 417 637 1526 250 37159 1680 887 89 3457
internal_value=-0.00487385 -0.0747917 0.173081 0.104699 0.0379389 -0.0061042 -0.07901 -0.0162703 -0.0795536 -0.0167307 0.111055 -0.0804126 -0.061886 0.129938 0.066826 0.0202167 0.180783 0.160138 0.115827 0.00997064 0.165569 -0.046356 0.084739 0.162808 0.029595 -0.0825353 -0.0564701 0.100908 -0.0761867 -0.0747901
internal_weight=104934 75334.8 29598.8 2996.17 2717.28 1955.86 72617.5 1002.95 72347.9 975.917 279.74 71371.9 7336.84 462.445 269.673 217.119 26602.6 4570 1588.76 455.288 1993.22 828.059 282.458 573.533 179.72 64035.1 1921.09 228.569 1382.32 6874.39
internal_count=1698239 1562417 135822 23379 35319 31377 1527098 14154 1523559 16634 3287 1506925 148649 4560 3539 3201 112443 21992 9409 4505 9225 12978 2038 3169 1401 1358276 38839 1643 28208 144089
is_linear=0
shrinkage=0.08


Tree=6
num_leaves=31
num_cat=0
split_feature=9 6 9 10 4 9 6 4 10 9 9 12 6 4 9 12 12 6 7 10 12 7 6 12 2 16 12 5 5 16
split_gain=174831 5228.39 3619.84 4912.52 1937.52 2788.89 789.888 723.176 547.038 550.836 409.425 325.009 753.051 767.333 423.047 283.439 274.964 378.012 261.143 257.451 507.022 241.534 229.862 229.257 197.515 196.328 205.335 185.765 178.164 164.9
threshold=0.66849818825721752 0.77500000596046459 1.0000000180025095e-35 0.10818713530898096 0.63100686669349682 0.81983605027198803 0.46428571641445165 0.91331186890602123 0.12132352963089944 1.0000000180025095e-35 0.55391839146614086 0.41428571939468389 0.41428571939468389 0.79431909322738659 0.86217218637466442 0.11805555596947671 0.41428571939468389 0.38750000298023229 1.5000000000000002 0.27525253593921667 0.63333335518836986 1.5000000000000002 0.26785714924335485 0.63333335518836986 0.79795917868614208 1.0000000180025095e-35 0.22500000149011615 1.0000000180025095e-35 1.0000000180025095e-35 1.0000000180025095e-35
decision_type=2 2 2 2 2 2 2 2 2 2 2 2 2 2 2 2 2 2 2 2 2 2 2 2 2 2 2 2 2 2
left_child=1 7 21 10 5 6 23 19 9 29 -4 12 13 14 -6 18 17 28 -5 -1 -21 27 -22 -2 -10 26 -8 -3 -7 -9
right_child=4 2 3 15 11 16 25 8 24 -11 -12 -13 -14 -15 -16 -17 -18 -19 -20 20 22 -23 -24 -25 -26 -27 -28 -29 -30 -31
leaf_value=-0.081638064674511984 -0.06910459315718788 -0.028499722077518601 -0.079299730496731599 -0.010423578126503019 -0.035219504594852361 -0.037667349220663462 -0.035046083261163027 0.035312798115132868 0.47140767010136742 -0.074693905259788793 0.13308031984549887 0.1673027779193644 0.16115249261859418 0.14925923234955671 0.11727463885388648 0.19502278315624783 0.16056180309332063 0.17649871631130581 0.14838194442395281 -0.063325503209990072 0.03178034497774853 0.14282352136088791 0.25729616180688103 0.051331073592493122 0.13549325970800294 0.2227826830351837 0.20390720256097211 0.11136047752905533 0.22379787549138602 0.20202429923272289
leaf_weight=63484.55747866258 669.00257689505816 101.99842771887779 3207.8427150845528 101.51281777769327 346.61678509041667 140.04986997321248 60.158545359969139 98.367784921079874 13.033320918679236 419.78273011371493 59.164874013513327 22049.509285099804 3966.4067649319768 588.27720066905022 175.31957700848579 436.70825497433543 1748.1482482850552 132.33277777582407 190.89686381444335 728.82791921123862 84.389143269509077 956.28862745314837 44.012649156153202 119.17596434801817 79.757771577686071 84.917963400483131 37.276559621095657 150.40082637965679 18.934050559997559 61.846857491880655
leaf_count=1449564 11582 1633 71956 1604 3652 1298 903 776 138 9076 538 88703 16583 2833 733 1961 7161 630 1273 14821 1068 5338 250 880 444 454 214 836 116 361
internal_value=-0.00483669 -0.0740107 0.00314142 -0.0335504 0.156344 0.0954492 -0.0161796 -0.0801872 0.00232413 -0.0265294 -0.0754536 0.163101 0.144851 0.0866128 0.0160036 0.154208 0.148571 0.076613 0.0932511 -0.08105 -0.0375013 0.124451 0.109081 -0.0508942 0.182675 0.133866 0.0563723 0.0548408 -0.00652838 0.0996676
internal_weight=100356 70219.4 5204.81 3996.13 30136.1 3010 970.532 65014.6 672.788 579.997 3267.01 27126.1 5076.62 1110.21 521.936 729.118 2039.46 291.317 292.41 64341.8 857.23 1208.69 128.402 788.179 92.7911 182.353 97.4351 252.399 158.984 160.215
internal_count=1697379 1561637 85139 77332 135742 23238 14033 1476498 10795 10213 72494 112504 23801 7218 4385 4838 9205 2044 2877 1465703 16139 7807 1318 12462 582 1571 1117 2469 1414 1137
is_linear=0
shrinkage=0.08


Tree=7
num_leaves=31
num_cat=0
split_feature=9 6 9 10 10 4 4 6 9 9 13 6 13 16 10 4 13 13 1 9 16 3 17 4 6 9 10 5 13 9
split_gain=151477 4984.98 2930.12 4285.16 1731.11 2427.36 696.961 643.461 436.704 471.911 429.838 308.644 420.907 355.837 275.844 342.553 263.125 244.12 225.978 444.349 479.827 215.253 210.019 208.845 202.699 180.153 168.042 167.934 147.731 129.981
threshold=0.66849818825721752 0.77500000596046459 1.0000000180025095e-35 0.10818713530898096 0.39230769872665411 0.680425524711609 0.91331186890602123 0.46428571641445165 0.52191373705863964 1.0000000180025095e-35 1.0000000180025095e-35 0.58571431040763866 1.0000000180025095e-35 1.0000000180025095e-35 0.27525253593921667 0.77581480145454418 1.0000000180025095e-35 1.0000000180025095e-35 0.7933771312236787 0.8011976182460786 1.0000000180025095e-35 0.86526826024055492 1.0000000180025095e-35 0.80982521176338207 0.63333335518836986 0.85014972090721141 0.31414473056793218 1.0000000180025095e-35 1.0000000180025095e-35 0.59424430131912243
decision_type=2 2 2 2 2 2 2 2 2 2 2 2 2 2 2 2 2 2 2 2 2 2 2 2 2 2 2 2 2 2
left_child=1 6 23 10 5 7 14 16 9 -8 29 12 13 25 -1 24 -2 22 19 20 -6 27 -17 -3 -16 -7 -19 -5 -9 -4
right_child=4 2 3 21 18 11 8 28 -10 -11 -12 -13 -14 -15 15 17 -18 26 -20 -21 -22 -23 -24 -25 -26 -27 -28 -29 -30 -31
leaf_value=-0.081206680437404255 -0.076451055231888138 0.047701709131091528 -0.080303048794601414 -0.034708318203784047 -0.0075182984936966405 -0.030648615155934943 0.087768897818882266 0.05390670737329567 0.16330155003732394 -0.071029446160440574 0.13244237085499402 0.15320976365470515 0.15730836359105407 0.16017706937087389 -0.057897541344954881 0.46976256243313913 0.018338781084276761 0.76621546076487546 0.15342918844662926 0.14191208258158569 0.1731899137225319 0.15547558900017547 -0.065530923786675382 0.12535782800062573 0.2421843419571576 0.12157386071680085 0.21266131259809765 0.17543047756456434 0.18370266711702735 0.14217304385146645
leaf_weight=58952.791872341186 540.23465631902218 285.78282787278295 2963.7592706978321 73.87926659733057 273.64646520093083 265.06588374450803 169.74500999227166 136.60531729087234 92.124922126531601 406.80989133939147 62.803875289857388 1701.4715451002121 360.36748185753822 117.71471578255296 726.02704400569201 5.298006545752286 286.98306356742978 3.9199159368872634 22668.938363771886 3530.7149350717664 143.27633614465594 647.91186191141605 40.933740552514791 987.53462941199541 14.697898898273705 61.257490873336792 33.542910866439342 36.297083385288715 95.255125142633915 16.90301625803113
leaf_count=1450038 9884 2842 71733 1285 2816 2709 1162 1298 561 9198 524 6892 1539 582 14958 46 2630 49 91207 14745 709 3397 848 4962 93 261 164 196 413 146
internal_value=-0.00495182 -0.0732616 0.00289417 -0.0322868 0.143341 0.0909895 -0.0796555 -0.0105526 0.00156576 -0.0242772 -0.0746773 0.133905 0.0930717 0.0409393 -0.080564 -0.0346091 -0.043566 0.118803 0.150353 0.132689 0.0545824 0.137897 -0.00418805 0.107929 -0.0519431 -0.00207338 0.270582 0.0345209 0.107231 -0.0790414
internal_weight=95702.3 65520.8 5074.87 3801.55 30181.5 3564.96 60445.9 1059.08 668.68 576.555 3043.47 2505.88 804.406 444.038 59777.2 824.42 827.218 83.6946 26616.6 3947.64 416.923 758.088 46.2317 1273.32 740.725 326.323 37.4628 110.176 231.86 2980.66
internal_count=1697887 1562202 85085 77281 135685 26208 1477117 14225 10921 10360 72403 11983 5091 3552 1466196 16158 12514 1107 109477 18270 3525 4878 894 7804 15051 2970 213 1481 1711 71879
is_linear=0
shrinkage=0.08


Tree=8
num_leaves=31
num_cat=0
split_feature=10 6 10 14 10 4 2 12 10 14 12 13 1 12 6 2 12 16 6 10 4 13 6 2 13 2 16 2 0 7
split_gain=126831 6784.97 3104.22 3835.93 1801.72 2122.13 1042.07 709.81 567.56 483.122 407.115 326.273 314.953 767.947 531.689 288.85 278.946 410.251 253.629 225.384 451.458 539.653 216.297 209.478 204.729 197.581 197.211 202.523 152.618 142.299
threshold=0.27525253593921667 0.77500000596046459 0.097619049251079573 1.0000000180025095e-35 0.39230769872665411 0.680425524711609 0.89386734366416942 0.30952382087707525 0.13961039483547213 1.0000000180025095e-35 0.41428571939468389 1.5000000000000002 0.78456193208694469 0.41428571939468389 0.46428571641445165 0.73746865987777721 0.22500000149011615 1.0000000180025095e-35 0.63333335518836986 0.18898809701204303 0.680425524711609 1.0000000180025095e-35 0.46428571641445165 0.6820855736732484 1.0000000180025095e-35 0.81872946023941051 1.0000000180025095e-35 0.91010102629661571 0.6911335587501527 1.5000000000000002
decision_type=2 2 2 2 2 2 2 2 2 2 2 2 2 2 2 2 2 2 2 2 2 2 2 2 2 2 2 2 2 2
left_child=1 6 3 7 5 10 11 -3 9 24 -2 19 13 14 15 -6 17 18 -7 -1 -21 -22 -12 -4 -8 29 -11 -28 -13 -5
right_child=4 2 23 25 12 16 8 -9 -10 26 22 28 -14 -15 -16 -17 -18 -19 -20 20 21 -23 -24 -25 -26 -27 27 -29 -30 -31
leaf_value=-0.080777267993061633 -0.065457722525014111 -0.078523030184871154 0.032985868934869565 -0.014437567498569722 -0.046829417313106456 -0.038571960703555119 -0.075996330012629468 0.094035526631837132 0.14295113404099044 0.020630487383371303 0.011548083042626556 0.006202662020983447 0.14229711277634738 0.13428288268610658 0.13077809474404103 0.11927356350469871 0.14996231848517524 0.14910075265803882 0.13032250902052001 -0.073261106763016282 -0.034406832993544079 0.1574863963694588 0.17750916723286495 0.13770954502121932 0.13814860652805919 0.1161828196163109 0.59398783570658542 0.14085923216173707 0.25317373611536242 0.084600731124358855
leaf_weight=52571.598622951657 630.26126289740205 2737.1257771588862 137.36096424236894 145.01339865475893 342.15337701141834 196.73904807493091 491.66964296624064 161.56850589066744 162.45284199714661 131.93581884726882 214.17018511518836 45.643831521272659 22872.720625750721 3126.1132785342634 260.74293016269803 83.319911256432533 982.86040448024869 268.30333713069558 80.061555795371532 2296.2279629223049 430.33027656003833 119.93471881002188 65.670234818011522 1110.8136312812567 30.335097409784794 916.19777611643076 6.9298528134822837 70.876117847859859 24.66855138912797 258.11300959438086
leaf_count=1388678 13140 70543 1663 1712 4093 3163 12145 1744 876 1141 2731 945 93294 13238 1348 439 4322 1171 362 56982 8857 1411 334 5552 215 4330 107 348 193 1796
internal_value=-0.00492176 -0.0697407 0.0153591 -0.0174359 0.132734 0.066904 -0.077991 -0.0689049 0.00768306 -0.0223474 -0.0298045 -0.0793716 0.138749 0.11746 0.0408246 -0.0143017 0.124506 0.0786078 0.0102789 -0.0795901 -0.0576648 0.00741785 0.0504942 0.126185 -0.0635518 0.095647 0.080202 0.181218 0.0928505 0.0489745
internal_weight=90971.9 61848.8 5466.19 4218.02 29123.1 2438.07 56382.6 2898.69 894.199 731.747 910.102 55488.4 26685.1 3812.33 686.216 425.473 1527.96 545.104 276.801 55418.1 2846.49 550.265 279.84 1248.17 522.005 1319.32 209.742 77.806 70.3124 403.126
internal_count=1696873 1559238 87340 80125 137635 25223 1471898 72287 14832 13956 16205 1457066 112412 19118 5880 4532 9018 4696 3525 1455928 67250 10268 3065 7215 12360 7838 1596 455 1138 3508
is_linear=0
shrinkage=0.08


Tree=9
num_leaves=31
num_cat=0
split_feature=10 6 10 14 10 4 4 12 10 14 12 1 12 17 2 13 2 10 12 7 12 17 6 14 6 10 6 6 0 2
split_gain=111968 6265.53 2665.98 3313.69 1591.45 1815.99 1022.18 619.506 479.062 418.913 381.201 308.336 714.672 555.021 325.204 286.127 253.415 382.329 214.15 249.811 213.629 334.134 219.405 194.61 177.174 172.178 349.718 161.255 161.221 147.278
threshold=0.27525253593921667 0.77500000596046459 0.097619049251079573 1.0000000180025095e-35 0.39230769872665411 0.68908989429473888 0.91331186890602123 0.22500000149011615 0.097619049251079573 1.0000000180025095e-35 0.41428571939468389 0.80874970555305492 0.41428571939468389 1.0000000180025095e-35 0.73546314239501964 1.5000000000000002 0.88548010587692272 0.13961039483547213 0.11805555596947671 1.5000000000000002 0.30952382087707525 1.0000000180025095e-35 0.63333335518836986 1.0000000180025095e-35 0.46428571641445165 0.17914438992738727 0.63333335518836986 0.63333335518836986 0.81872946023941051 0.55403152108192455
decision_type=2 2 2 2 2 2 2 2 2 2 2 2 2 2 2 2 2 2 2 2 2 2 2 2 2 2 2 2 2 2
left_child=1 6 3 7 5 10 15 -3 9 -8 27 12 13 -6 -15 16 25 23 19 -4 21 -7 -23 -18 -12 -1 -27 -2 -5 -14
right_child=4 2 18 28 11 20 8 -9 -10 -11 24 -13 29 14 -16 -17 17 -19 -20 -21 -22 22 -24 -25 -26 26 -28 -29 -30 -31
leaf_value=-0.080706461395868956 -0.071552942578563761 -0.078332739717331887 -0.0042472888646501675 0.041355205908694022 0.13738285081941462 0.13902707958606353 -0.071479946813715306 0.080264026463056068 0.1318016376061856 0.079126818191661619 0.012472497787102719 0.13404478346904317 0.091275126611076743 -0.042849089803348263 0.096544978935402703 0.082413042728836622 -0.073574696235623044 0.14919503477421889 0.14728460596650625 0.11261799827395139 0.13933744959796279 -0.036315204306888352 0.12148898175032746 0.055341964872817451 0.15593207089387964 -0.064454860869602351 0.15884372341940953 0.12564423731917151 0.10345271913651573 0.13344255973632838
leaf_weight=48067.249248478562 587.70852989703417 2536.1801635250449 160.38339667394757 372.23571204394102 263.96903043985367 268.03555836901069 346.15913429483771 168.07566275447607 177.97330602630973 179.48661870136857 225.34602710232139 21795.254288718104 644.32626052945852 387.77400225773454 147.99477443099022 70.43279330804944 416.76160022243857 69.871935918927193 659.37988821044564 433.39837682247162 952.71811763942242 183.06305354088545 81.489420514553785 91.372835796326399 72.92640521004796 3011.5970279127359 45.566725838929415 27.794624827802181 951.71553808823228 2990.4349687322974
leaf_count=1369457 13278 70313 2112 3263 1298 1164 9014 1778 986 1174 2801 90441 3023 4462 736 1100 11401 561 2855 2256 4189 2999 372 1289 359 77513 435 195 4472 12487
internal_value=-0.0049374 -0.0690599 0.0139963 -0.0177062 0.124428 0.0620603 -0.0774189 -0.0684756 0.0183564 -0.0200539 -0.0266782 0.130132 0.110903 0.0424354 -0.00434443 -0.0787206 -0.0789401 -0.0262658 0.115902 0.0810521 0.116653 0.0760744 0.0122928 -0.0503929 0.0475478 -0.0795356 -0.0611266 -0.062648 0.0859937 0.125968
internal_weight=86386.7 57757.8 5281.37 4028.21 28628.8 2399.08 52476.5 2704.26 703.619 525.646 913.776 26229.8 4434.5 799.738 535.769 51772.9 51702.4 578.006 1253.16 593.782 1485.31 532.588 264.552 508.134 298.272 51124.4 3057.16 615.503 1323.95 3634.76
internal_count=1697783 1559979 87049 79826 137804 25357 1472930 72091 11174 10188 16633 112447 22006 6496 5198 1461756 1460656 13251 7223 4368 8724 4535 3371 12690 3160 1447405 77948 13473 7735 15510
is_linear=0
shrinkage=0.08


Tree=10
num_leaves=31
num_cat=0
split_feature=10 6 10 4 10 4 12 6 12 6 4 10 4 10 2 12 5 2 12 7 16 12 5 0 7 16 2 8 6 12
split_gain=99229 5891.18 2237.4 1457.26 1437.14 920.6 466.672 462.188 439.423 825.334 645.02 409.578 364.938 293.537 577.082 513.007 263.071 308.761 239.597 242.332 189.969 177.673 170.662 179.614 147.236 256.969 137.906 123.983 114.447 325.601
threshold=0.27525253593921667 0.77500000596046459 0.08893280848860742 0.58643677830696117 0.59166666865348827 0.91331186890602123 0.30952382087707525 0.46428571641445165 0.41428571939468389 0.46428571641445165 0.80901724100112926 0.10818713530898096 0.94570022821426403 0.18465909361839297 0.70859703421592724 0.18333333730697635 1.0000000180025095e-35 0.76384064555168163 0.11805555596947671 1.5000000000000002 1.0000000180025095e-35 0.63333335518836986 1.0000000180025095e-35 0.41421362757682806 1.5000000000000002 1.0000000180025095e-35 0.88548010587692272 5.5000000000000009 0.63333335518836986 0.22500000149011615
decision_type=2 2 2 2 2 2 2 2 2 2 2 2 2 2 2 2 2 2 2 2 2 2 2 2 2 2 2 2 2 2
left_child=1 5 6 4 7 13 12 21 9 10 16 -7 24 26 22 20 17 -5 19 -4 -16 -2 -15 -24 -3 -26 28 -9 -1 -30
right_child=3 2 18 8 -6 11 -8 27 -10 -11 -12 -13 -14 14 15 -17 -18 -19 -20 -21 -22 -23 23 -25 25 -27 -28 -29 29 -31
leaf_value=-0.081017238146629325 -0.065600565562002375 -0.066955754211105334 -0.010016137926228857 -0.05096841280305698 0.11736297953378784 -0.020560569338490868 0.078267900772048121 0.15242059821553119 0.12747858750378954 0.11974753981356923 0.11339456073850983 0.1218978816305734 0.014730268048192765 -0.070847908681911348 -0.058406102506846545 0.1724639847683872 0.15280551458973299 0.084959613183282295 0.13813480748651805 0.10043397354088905 0.12161099724778261 0.030946615775138148 -0.083163578117753101 0.21704981585132924 0.035497777639066093 -0.043462381365556239 -0.038327877243278165 0.017496604302759008 -0.066917513549278523 0.15247209804703582
leaf_weight=42644.596896689385 618.44911672174931 933.06555549427867 177.58210622146726 499.86198873445392 1012.5461300648749 518.63933607190847 301.79190326854587 104.37866483256221 21235.035069089383 3571.0580991059542 485.58094980195165 171.99875891581178 1032.531944077462 2195.1022989340127 207.78919362276793 124.3581683523953 60.412576042115688 136.06297247484326 661.3198446854949 447.51272161304951 45.784378446638584 151.96431170403957 23.930111922323704 27.310544081032276 333.5580830052495 1260.9766892082989 512.09983178600669 74.840791296213865 2261.1731020323932 44.139782059937716
leaf_count=1309104 13111 24799 2582 6846 4538 10304 2522 697 91120 15857 2406 918 17056 60768 5091 1126 268 962 2927 2428 488 1273 679 289 5952 28974 12923 956 69011 924
internal_value=-0.00479321 -0.068199 0.0131906 0.117538 0.0510588 -0.0767895 -0.0172475 -0.019638 0.122557 0.100569 0.0426225 0.0149177 -0.0253443 -0.0781067 -0.0520912 0.0393696 -0.00672941 -0.0218852 0.104568 0.0690564 -0.0259028 -0.0465566 -0.0674789 0.0768459 -0.0417149 -0.0269448 -0.0796084 0.0960773 -0.0800787 -0.0627169
internal_weight=81875.5 53925.3 5148.34 27950.2 1962.18 48776.9 3861.92 949.633 25988 4752.98 1181.92 690.638 3560.13 48086.3 2624.27 377.932 696.338 635.925 1286.41 625.095 253.574 770.413 2246.34 51.2407 2527.6 1594.53 45462 179.219 44949.9 2305.31
internal_count=1696899 1558865 87240 138034 20575 1471625 79303 16037 117459 26339 10482 11222 76781 1460403 68441 6705 8076 7808 7937 5010 5579 14384 61736 968 59725 34926 1391962 1653 1379039 69935
is_linear=0
shrinkage=0.08


Tree=11
num_leaves=31
num_cat=0
split_feature=9 6 9 9 9 6 0 2 9 13 13 1 9 13 15 13 16 3 0 0 9 13 0 10 6 9 6 1 16 6
split_gain=93465.3 3517.36 2104.72 2134.33 1463.95 1841.34 614.579 499.54 276.162 380.481 269.307 251.427 259.381 250.181 224.61 181.931 172.506 170.154 167.713 148.61 144.125 428.397 844.7 443.868 371.004 142.646 1112.21 882.166 140.557 135.552
threshold=0.64533194899559032 0.77500000596046459 1.0000000180025095e-35 0.49890829622745519 0.76239567995071422 0.46428571641445165 0.77459675073623668 0.89386734366416942 1.0000000180025095e-35 1.0000000180025095e-35 1.0000000180025095e-35 0.65599384903907787 0.89377820491790783 1.0000000180025095e-35 1.0000000180025095e-35 1.0000000180025095e-35 1.0000000180025095e-35 0.60922586917877208 0.67942845821380626 0.84074437618255626 0.56572300195693981 1.0000000180025095e-35 0.73123827576637279 0.27525253593921667 0.46428571641445165 1.0000000180025095e-35 0.63333335518836986 0.96190130710601818 1.0000000180025095e-35 0.58571431040763866
decision_type=2 2 2 2 2 2 2 2 2 2 2 2 2 2 2 2 2 2 2 2 2 2 2 2 2 2 2 2 2 2
left_child=1 7 19 10 5 6 13 20 28 -10 -4 12 17 -2 -5 16 -8 -6 -15 -3 25 -22 24 -24 -23 26 -1 -28 -9 -7
right_child=4 2 3 14 11 29 15 8 9 -11 -12 -13 -14 18 -16 -17 -18 -19 -20 -21 21 22 23 -25 -26 -27 27 -29 -30 -31
leaf_value=-0.074477048535106047 -0.072067803379209455 0.040916319968187599 -0.078096058204123381 0.1286085120974812 -0.015835714119954086 0.062324151309553946 -0.028453263303786277 0.011081451192805687 -0.069035754965513507 0.15805884397903666 0.067979766491856705 0.11906560292615177 0.11070127877735685 -0.019334150706742208 0.021343529877229511 0.14982712674743673 0.16297325192538609 0.091582724781638106 0.11206265891822026 0.097196582826790223 -0.074562514288827542 -0.045872976879576852 0.74543853746999289 0.18788167791195284 0.40413459905495835 -0.081776485287177514 0.04907475168853128 0.52557861467149225 0.14022925130380484 0.12394957274991915
leaf_weight=4250.9138090498745 661.51943178474903 444.13894637674093 2378.1797724999487 412.26494800671935 234.23113181442022 273.50017224624753 107.90404827147722 142.49973199516535 459.24673619121313 52.628028307110071 83.613940749317408 24235.32890785858 614.84543824195862 256.99660778418183 179.26393032819033 149.1819122210145 41.800054576247931 158.06419125199318 82.00754551589489 926.98791436851025 1541.4496429674327 251.58661596849561 13.08264156617224 30.307632841169834 12.298309493809937 37843.533112933859 133.84231538325548 30.539121881127357 86.776758313179016 1386.4603489339352
leaf_count=138795 16104 3652 71382 2755 2434 2773 1455 1188 12484 326 594 107358 2729 3631 1973 679 197 1001 501 4201 47287 6887 273 167 149 1255406 4073 607 454 6214
internal_value=-0.00494799 -0.0714244 -0.00337283 -0.040348 0.111197 0.0579641 -0.0133595 -0.0781379 -0.0130046 -0.0456872 -0.0731346 0.117438 0.078272 -0.0434303 0.0961017 0.0873027 0.0249964 0.0274455 0.0124517 0.0789661 -0.0792324 -0.0573685 0.0288852 0.355991 -0.0249005 -0.0801889 -0.0665814 0.137601 0.0599614 0.113796
internal_weight=77475 49273.2 4424.45 3053.32 28201.8 2959.37 1299.41 44848.7 741.151 511.875 2461.79 25242.5 1007.14 1000.52 591.529 298.886 149.704 392.295 339.004 1371.13 44107.6 1848.72 307.275 43.3903 263.885 42258.8 4415.3 164.381 229.276 1659.96
internal_count=1697729 1552653 84557 76704 145076 31554 22567 1468096 14452 12810 71976 113522 6164 20236 4728 2331 1652 3435 4132 7853 1453644 54763 7476 440 7036 1398881 143475 4680 1642 8987
is_linear=0
shrinkage=0.08


Tree=12
num_leaves=31
num_cat=0
split_feature=9 6 9 9 4 9 4 9 6 13 13 0 4 9 9 6 9 6 5 2 16 9 13 2 15 5 6 16 16 3
split_gain=83826.4 3275.63 1791.94 1908.99 1389.32 1001.3 520.539 445.288 878.185 389.502 321.712 257.329 238.039 205.352 324.684 161.036 152.203 861.789 440.869 234.02 423.205 168.423 400.695 693.717 150.38 137.795 136.798 120.398 115.714 113.968
threshold=0.64533194899559032 0.77500000596046459 1.0000000180025095e-35 0.5085725486278535 0.54950982332229625 0.83594325184822094 0.91331186890602123 0.78297102451324474 0.46428571641445165 1.0000000180025095e-35 1.0000000180025095e-35 0.6911335587501527 0.86319074034690868 1.0000000180025095e-35 0.47839424014091497 0.46428571641445165 1.0000000180025095e-35 0.63333335518836986 1.0000000180025095e-35 0.85553771257400524 1.0000000180025095e-35 0.56572300195693981 1.0000000180025095e-35 0.73046398162841808 1.0000000180025095e-35 1.0000000180025095e-35 0.63333335518836986 1.0000000180025095e-35 1.0000000180025095e-35 0.89022758603096019
decision_type=2 2 2 2 2 2 2 2 2 2 2 2 2 2 2 2 2 2 2 2 2 2 2 2 2 2 2 2 2 2
left_child=1 6 29 10 5 15 16 8 9 12 -4 -11 25 -8 -15 -2 17 19 28 -1 -21 -18 26 -24 -5 -6 -23 -26 -19 -3
right_child=4 2 3 24 7 -7 13 -9 -10 11 -12 -13 -14 14 -16 -17 21 18 -20 20 -22 22 23 -25 27 -27 -28 -29 -30 -31
leaf_value=-0.075989923380161889 -0.060684157313893074 0.020419849251303104 -0.07749202493320051 0.12080200857484652 -0.055544673619392082 0.092623029157558726 0.068800015125983799 0.11405488248027421 0.11153344606797269 0.0048627864790910576 0.074011885899599297 0.12321391065337245 0.10681306659676798 -0.075176373268166133 0.10041864054775511 0.051792795542690284 -0.081534961447992868 0.17338505712173799 0.29035368880840678 -0.036009893390209338 0.31785869235230274 -0.076675706469551824 -0.023689675598051525 0.31228045583712105 -0.058138457470876599 0.19899548658182034 0.14232960139821516 0.083252567707659889 -0.012784401778675201 0.081865823626616693
leaf_weight=3861.6021182723343 556.46223639138043 232.74954614043236 2238.2852522786707 390.25525831058621 445.70048016496003 720.42667409032583 181.79396728426218 22909.667176164687 2074.4523296542466 204.46972721628845 93.446287110447884 276.67587281018496 74.016545802354813 291.72067756578326 87.639876490458846 95.437806341797113 35136.93103790842 26.551493186503649 55.953761041164398 123.59733647108078 26.217570118606091 1424.7101255506277 264.31552306190133 46.209980644285679 62.255513343960047 14.040094919502733 18.490539994090796 101.19869906455278 109.4333874322474 1136.4917356744409
leaf_count=136124 13429 2290 71845 2415 8255 3530 1155 104748 10461 2192 626 1378 449 8853 752 1121 1258263 701 795 2835 401 46971 7076 373 730 83 405 847 3223 5471
internal_value=-0.00474324 -0.0708094 -0.00394656 -0.039711 0.106069 0.0276193 -0.0776389 0.11021 0.0816996 0.0207194 -0.0714204 0.0729189 -0.0263349 -0.00110914 -0.0346104 -0.0442176 -0.0786839 -0.0642604 0.10134 -0.072184 0.025917 -0.0803273 -0.0561319 0.0263068 0.0938204 -0.0477712 -0.0738698 0.0294004 0.0235658 0.071421
internal_weight=73281.2 45909.8 4254.68 2885.44 27371.3 1372.33 41655.2 25999 3089.36 1014.9 2331.73 481.146 533.757 561.155 379.361 651.9 41094 4203.36 191.939 4011.42 149.815 36890.7 1753.73 310.526 553.709 459.741 1443.2 163.454 135.985 1369.24
internal_count=1697797 1552151 84224 76463 145646 18080 1467927 127566 22818 12357 72471 3570 8787 10760 9605 14550 1457167 144079 4719 139360 3236 1313088 54825 7449 3992 8338 47376 1577 3924 7761
is_linear=0
shrinkage=0.08


Tree=13
num_leaves=31
num_cat=0
split_feature=9 6 9 10 12 3 5 4 9 12 9 13 2 6 16 16 7 9 2 5 9 16 2 6 9 13 5 2 9 9
split_gain=75339.7 3137.54 1535.31 1744.26 1298.58 1876.16 869.54 461.075 439.427 387.962 330.191 434.92 222.312 274.599 259.621 170.479 165.732 151.218 143.358 207.018 257.565 224.508 133.252 131.187 688.594 396.949 250.415 125.249 119.593 117.906
threshold=0.64533194899559032 0.77500000596046459 1.0000000180025095e-35 0.07275132462382318 0.41428571939468389 0.81530213356018078 1.0000000180025095e-35 0.89323708415031444 0.86217218637466442 0.30952382087707525 1.0000000180025095e-35 1.0000000180025095e-35 0.86240702867507946 0.58571431040763866 1.0000000180025095e-35 1.0000000180025095e-35 1.5000000000000002 0.91184088587760936 0.57804551720619213 1.0000000180025095e-35 0.89377820491790783 1.0000000180025095e-35 0.81872946023941051 0.63333335518836986 1.0000000180025095e-35 1.0000000180025095e-35 1.0000000180025095e-35 0.83424907922744762 0.56572300195693981 0.94759726524353038
decision_type=2 2 2 2 2 2 2 2 2 2 2 2 2 2 2 2 2 2 2 2 2 2 2 2 2 2 2 2 2 2
left_child=1 7 22 -4 5 6 8 23 -2 16 15 28 13 14 17 -9 -5 -7 19 20 21 -6 -3 -1 26 -26 -25 -17 -12 -10
right_child=4 2 3 9 18 12 -8 10 29 -11 11 -13 -14 -15 -16 27 -18 -19 -20 -21 -22 -23 -24 24 25 -27 -28 -29 -30 -31
leaf_value=-0.079768473358669087 -0.051999042011962059 0.028014169844191143 -0.076575879047035139 -0.051126401459909959 -0.0094381160702624867 -0.049500683532284276 0.11828604474116201 0.0066038083578704209 0.021899931920776924 0.12954069530716086 -0.076793665030466488 0.16423004299055705 0.11290144672298068 0.097657960094300125 0.10986638557615098 0.49665894306671332 0.057516470776545162 0.098299411374360379 0.11313710485025541 0.11817997323664463 0.10128777398194773 0.12296647309189951 0.081409125893601469 0.018315933889595987 -0.079038289525881364 0.25201173017687573 0.20730715291228904 0.11836128403790251 0.084440788983183634 0.12467304038297158
leaf_weight=35769.742868205532 1092.6005112919956 436.13056171685457 2024.1021154318005 155.59845394082367 353.27648029662669 240.42675122059882 323.72646618820727 162.53939637541771 264.39801062643528 346.58183562010527 616.73970269598067 55.51035138592124 2532.2235294952989 909.88041860982776 140.55607823096216 5.9945086650550357 212.71161876060069 54.310736387968063 18749.829517556354 915.230911526829 585.01904703676701 106.72009167633951 952.21449144929647 134.03568751364946 1726.3869222737849 23.496262889355421 67.449717670679092 85.388038080185652 30.918258963152766 97.893883891403675
leaf_count=1372383 21878 3512 70152 3204 2865 2886 1811 1899 1341 1686 21279 397 11893 4223 710 85 1606 236 89809 4317 2686 548 4281 3815 65661 259 768 443 306 423
internal_value=-0.00467449 -0.0702001 -0.00389717 -0.0386352 0.101707 0.0677335 -0.000296202 -0.0772752 -0.0266818 0.0687876 -0.0224401 -0.050677 0.0989397 0.0726574 0.0203996 0.0557543 0.0116186 -0.0222658 0.110985 0.0903998 0.0660698 0.02128 0.0646358 -0.0786665 -0.0584674 -0.0745932 0.0815831 0.143177 -0.0690966 0.04967
internal_weight=69171.6 42805.5 4127.34 2738.99 26366.1 5656.02 1778.62 38678.2 1454.89 714.892 957.09 703.168 3877.4 1345.17 435.294 253.922 368.31 294.737 20710.1 1960.25 1045.02 459.997 1388.35 37721.1 1951.37 1749.88 201.485 91.3825 647.658 362.292
internal_count=1697362 1551736 84441 76648 145626 45401 25453 1467295 23642 6496 24409 21982 19948 8055 3832 2427 4810 3122 100225 10416 6099 3413 7793 1442886 70503 65920 4583 528 21585 1764
is_linear=0
shrinkage=0.08


Tree=14
num_leaves=31
num_cat=0
split_feature=9 6 9 10 4 12 4 6 12 6 16 9 12 9 9 6 9 16 16 6 9 10 5 9 9 7 4 9 8 12
split_gain=67512 2889.61 1443.41 1412.97 1390.88 1450.33 458.634 402.476 377.559 559.655 652.232 484.61 340.25 307.164 391.752 215.196 217.846 177.072 134.926 134.127 637.201 282.512 173.727 132.368 118.847 112.05 111.738 101.791 101.604 101.277
threshold=0.63759058713912975 0.77500000596046459 1.0000000180025095e-35 0.07275132462382318 0.63100686669349682 0.41428571939468389 0.89323708415031444 0.46428571641445165 0.41428571939468389 0.58571431040763866 1.0000000180025095e-35 0.87332859635353099 0.22500000149011615 1.0000000180025095e-35 0.51119467616081249 0.30952382087707525 0.89377820491790783 1.0000000180025095e-35 1.0000000180025095e-35 0.63333335518836986 1.0000000180025095e-35 0.16228070110082629 1.0000000180025095e-35 0.5246713161468507 0.95258533954620372 1.5000000000000002 0.91024166345596325 0.55747640132904064 4.5000000000000009 0.30952382087707525
decision_type=2 2 2 2 2 2 2 2 2 2 2 2 2 2 2 2 2 2 2 2 2 2 2 2 2 2 2 2 2 2
left_child=1 6 25 27 5 7 19 24 9 10 11 26 23 18 -15 16 -7 -9 -8 -1 22 -22 28 -5 -2 -3 -6 -4 -21 -16
right_child=4 2 3 12 8 15 13 17 -10 -11 -12 -13 -14 14 29 -17 -18 -19 -20 20 21 -23 -24 -25 -26 -27 -28 -29 -30 -31
leaf_value=-0.079462350007501764 -0.065523390141386056 0.017176026770026477 -0.078279140109030365 -0.041375468734945832 -0.052544246803809119 0.011817373044579433 0.007378030238054614 -0.0040632932632514423 0.10925854794331491 0.10310574987859156 0.10587658816723954 0.082106972858122393 0.1213048805319271 -0.074654989342491804 0.029057204210563181 0.11229355136682401 0.093898425559565915 0.12877389857095323 0.12535403166021186 0.091432642385698926 -0.079415642427855968 0.15375679882237481 0.16606723872872287 0.057870409361225922 0.15174741305968178 0.072578588084503265 0.098732181652251297 0.062680345476374799 -0.046074963871851685 0.20266865134943932
leaf_weight=33088.115588186309 746.21420666761696 296.77437112852931 1847.4451130796224 180.60211898013949 544.58881345391273 372.90145269036293 165.02389125712216 146.15510549396276 17945.556924683973 3051.5535529181361 623.51256919279695 295.37270694971085 310.83469493314624 567.27612519450486 47.361962527036667 1003.0330165419728 464.97528679668903 114.56431219354272 99.419978795573115 63.832097236067057 1584.0238555017859 33.968580858781934 78.948191687464714 164.20899911411107 16.468158163130283 1098.0873566940427 33.151360902935266 33.379213571548462 74.561539564281702 39.389270696789026
leaf_count=1369890 19168 2437 69716 3445 7488 3150 1917 1732 90093 14866 3351 1316 1559 20968 669 5034 2204 618 547 1731 65108 552 764 1231 79 5309 162 315 2144 225
internal_value=-0.00465055 -0.0696856 -0.00457683 -0.0405241 0.0973548 0.0448502 -0.0768271 -0.0314993 0.104041 0.0834528 0.0433814 -0.00124811 0.0606061 -0.0210247 -0.0504426 0.0872945 0.0573678 0.0543075 0.0517321 -0.0782947 -0.0572439 -0.0745204 0.0713697 0.00588828 -0.060832 0.060791 -0.0438638 -0.0757775 0.0173485 0.107885
internal_weight=65131.3 39773.3 3931.33 2536.47 25358 2864.31 35841.9 1023.4 22493.7 4548.18 1496.63 873.113 655.646 918.471 654.027 1840.91 837.877 260.719 264.444 34923.4 1835.33 1617.99 217.342 344.811 762.682 1394.86 577.74 1880.82 138.394 86.7512
internal_count=1697788 1548527 84012 76266 149261 31985 1464515 21597 117276 27183 12317 8966 6235 24326 21862 10388 5354 2350 2464 1440189 70299 65660 4639 4676 19247 7746 7650 70031 3875 894
is_linear=0
shrinkage=0.08


Tree=15
num_leaves=31
num_cat=0
split_feature=9 4 1 12 9 10 2 9 5 2 9 12 2 2 9 9 12 5 2 16 9 12 16 1 7 7 16 9 0 2
split_gain=60610.7 2651.48 1351.08 1640.59 1000.6 1217.85 595.479 459.302 971.696 358.245 295.048 668.874 354.129 287.89 227.37 216.628 204.033 327.095 364.19 241.852 195.55 184.668 154.101 132.648 128.782 125.627 112.567 107.728 98.3666 94.0075
threshold=0.63759058713912975 0.89323708415031444 0.7933771312236787 0.41428571939468389 1.0000000180025095e-35 0.060661764815449722 0.73546314239501964 1.0000000180025095e-35 1.0000000180025095e-35 0.83047896623611461 0.55391839146614086 0.41428571939468389 0.64174234867095958 0.55403152108192455 0.89377820491790783 0.90338954329490673 0.30952382087707525 1.0000000180025095e-35 0.86240702867507946 1.0000000180025095e-35 0.88384941220283519 0.22500000149011615 1.0000000180025095e-35 0.84028983116149913 1.5000000000000002 1.5000000000000002 1.0000000180025095e-35 0.5085725486278535 0.59896907210350048 0.9529346525669099
decision_type=2 2 2 2 2 2 2 2 2 2 2 2 2 2 2 2 2 2 2 2 2 2 2 2 2 2 2 2 2 2
left_child=1 7 3 6 -3 -6 15 8 9 -1 29 24 23 14 22 -2 17 18 19 20 -4 27 -5 -13 -12 26 -11 -7 -10 -9
right_child=2 4 16 13 5 21 -8 10 28 25 11 12 -14 -15 -16 -17 -18 -19 -20 -21 -22 -23 -24 -25 -26 -27 -28 -29 -30 -31
leaf_value=-0.071163722504410373 -0.056332774493171034 0.065871834952690597 -0.054563993924114977 -0.031098896544319774 -0.074807335438374201 -0.039420560317185417 0.081730702890264198 -0.080577118468631512 -0.03641771778066865 -0.04682019995594805 -0.076532899165407786 -0.034099360171832314 0.15574036288378648 0.099456996682997831 0.086684352331129352 0.051542695896222512 0.10683818549463832 0.10426894497550176 0.099281469879078141 0.071999731766417593 0.067124387566282029 0.128141144454677 0.11005253203747639 0.25130210550124932 0.010403840278532438 0.086950536646463239 0.16273804898115174 0.072747258383534047 0.07467696964487322 0.033252084259010987
leaf_weight=3250.3409447707236 988.18931220658123 1093.7716184388846 316.24005054682493 277.10796230658889 1207.0012772679329 92.914131447672844 311.16268998198211 28544.856920367107 58.525522194802761 140.6341355945915 1342.5801494587213 163.77946549840271 137.23001350648701 2493.763885172084 341.92877669632435 135.46998275816441 15926.928642144427 2294.1357619222254 628.32552464865148 294.41069200076163 115.34157583117485 233.32144708186388 60.266975443810225 11.130751919001339 118.69150764495134 116.49101898260415 18.571609960868955 133.58417950570583 397.12717312015593 46.509548956528306
leaf_count=136828 23099 5997 4089 2495 48153 1681 2118 1277345 1440 4714 55262 5478 1641 13218 1668 655 84025 12020 3197 1628 522 1267 356 164 2545 1347 396 876 2564 916
internal_value=-0.00479118 -0.0690153 0.0937549 0.0547807 0.00641508 -0.0326006 -0.0162065 -0.075078 -0.0495304 -0.0637372 -0.078428 -0.0467641 0.0595395 0.0868803 0.0407103 -0.0433272 0.102929 0.0858645 0.0546884 0.0160944 -0.0220424 0.0781898 -0.00588431 -0.0159373 -0.0694715 0.0238187 -0.0223749 0.0267338 0.0604076 -0.080392
internal_weight=61290.3 37107.1 24183.3 4607.89 2760.59 1666.82 1434.82 34346.5 3981.69 3526.04 30364.8 1773.41 312.14 3173.07 679.304 1123.66 19575.4 3648.45 1354.32 725.992 431.582 459.82 337.375 174.91 1461.27 275.697 159.206 226.498 455.653 28591.4
internal_count=1697704 1548614 149090 43609 57974 51977 25872 1490640 147289 143285 1343351 65090 7283 17737 4519 23754 105481 21456 9436 6239 4611 3824 2851 5642 57807 6457 5110 2557 4004 1278261
is_linear=0
shrinkage=0.08


Tree=16
num_leaves=31
num_cat=0
split_feature=10 2 4 10 5 14 10 10 14 12 1 16 0 12 12 2 13 13 3 12 5 2 14 2 10 2 0 2 8 16
split_gain=51889.2 3256.45 1612 1429.57 651.419 1100.06 1218.95 525.023 1154.99 388.935 526.101 377.697 328.916 294.881 255.049 234.921 160.145 142.693 116.64 135.082 116.4 123.104 90.393 143.83 88.791 244.947 85.3702 84.8189 79.4191 76.87
threshold=0.24264705926179889 0.88548010587692272 0.63100686669349682 0.48333333432674414 1.0000000180025095e-35 1.0000000180025095e-35 0.081666667014360442 0.07275132462382318 1.0000000180025095e-35 0.41428571939468389 0.85313725471496593 1.0000000180025095e-35 0.56294015049934398 0.63333335518836986 0.22500000149011615 0.76138716936111461 1.5000000000000002 1.0000000180025095e-35 0.71516755223274242 0.63333335518836986 1.0000000180025095e-35 0.87841832637786876 1.0000000180025095e-35 0.75513628125190746 0.16228070110082629 0.70647653937339794 0.59896907210350048 0.69614070653915416 7.5000000000000009 1.0000000180025095e-35
decision_type=2 2 2 2 2 2 2 2 2 2 2 2 2 2 2 2 2 2 2 2 2 2 2 2 2 2 2 2 2 2
left_child=1 4 3 13 16 6 17 8 14 10 11 15 -8 27 -3 -4 22 -6 19 -5 21 -12 24 -24 -1 -26 -7 -2 -17 -25
right_child=2 7 9 18 5 26 12 -9 -10 -11 20 -13 -14 -15 -16 28 -18 -19 -20 -21 -22 -23 23 29 25 -27 -28 -29 -30 -31
leaf_value=-0.080206093222418284 -0.060158926116262272 -0.073895175582273917 -0.048219529774126628 0.014506914173610696 -0.080098911602712444 -0.037444913743548164 -0.062530696435361188 0.08297042053573532 0.060649503617773562 0.1032033371966659 0.034779350714747956 0.093682773535882891 0.11832832605842969 0.046860643907797289 0.072116753373694789 0.068328877324644016 0.068835272323572783 0.098828202701730761 0.10241686045289804 0.083360568487647418 0.10176470353944568 0.09531065523013045 -0.073350750731280889 -0.047565812410448931 -0.073698092172024568 0.0017998999612546071 0.06554297592413115 0.03814222760611085 -0.097804142044918982 0.013704062038547973
leaf_weight=22701.340149007738 888.28403128683567 904.28408407792449 410.48846631683409 277.76155416294932 2791.897648697719 56.710219189524651 83.392970802262425 641.68102059140801 992.71116461232305 15926.612705430016 404.67519936896861 326.35604449361563 281.90544546954334 230.96846607513726 83.646682649850845 205.2385692819953 48.281411817297339 28.81967337243259 828.82084319740534 530.92483165115118 2129.5000055450946 458.82810126245022 2559.09215230681 543.52456797473133 2271.1734226830304 312.92527830973268 562.05328037589788 59.969108823686838 20.231228085234761 172.68972221761942
leaf_count=1093646 28068 38110 7484 2336 132967 1417 3461 4486 5159 89456 3458 1867 2419 2785 1126 1596 981 417 4421 2724 11583 2460 115748 22127 99165 8910 3227 904 184 5291
internal_value=-0.00462248 -0.0656677 0.0896028 0.0329621 -0.0726049 -0.0415062 -0.0604633 0.0200807 -0.000294079 0.0976273 0.0751745 0.0237193 0.0770405 -0.0341984 -0.0615326 -0.012184 -0.0767408 -0.0782708 0.0813266 0.0597112 0.0917184 0.0669431 -0.0769868 -0.0644819 -0.0786067 -0.0645556 0.056104 -0.0539422 0.0534219 -0.0327928
internal_weight=57734.8 35036.1 22698.7 2816.73 32413.8 3804.78 3186.02 2622.32 1980.64 19881.9 3955.32 962.314 365.298 1179.22 987.931 635.958 28609 2820.72 1637.51 808.686 2993 863.503 28560.7 3275.31 25285.4 2584.1 618.763 948.253 225.47 716.214
internal_count=1697983 1538657 159326 41238 1489776 143908 139264 48881 44395 118088 28632 11131 5880 31757 39236 9264 1345868 133384 9481 5060 17501 5918 1344887 143166 1201721 108075 4644 28972 1780 27418
is_linear=0
shrinkage=0.08


Tree=17
num_leaves=31
num_cat=0
split_feature=9 6 4 9 9 12 6 2 12 4 16 9 10 9 13 6 12 13 9 6 12 6 3 9 10 12 4 16 4 7
split_gain=49697.7 2423.58 1227.43 1241.76 995.705 1006.01 413.175 396.536 317.25 409.918 350.168 306.916 281.483 248.037 286.429 201.353 172.269 164.08 148.561 599.646 147.947 152.008 139.093 131.239 128.165 178.894 166.105 125.437 100.706 89.7847
threshold=0.62871870398521434 0.77500000596046459 0.6569296419620515 0.81983605027198803 1.0000000180025095e-35 0.11805555596947671 0.46428571641445165 0.87570226192474376 0.30952382087707525 0.86817279458045971 1.0000000180025095e-35 0.88384941220283519 0.13961039483547213 1.0000000180025095e-35 1.0000000180025095e-35 0.58571431040763866 0.63333335518836986 1.0000000180025095e-35 1.0000000180025095e-35 0.63333335518836986 0.41428571939468389 0.38750000298023229 0.90595519542694103 0.4361302256584168 0.24264705926179889 0.41428571939468389 0.64346247911453258 1.0000000180025095e-35 0.9929577410221101 1.5000000000000002
decision_type=2 2 2 2 2 2 2 2 2 2 2 2 2 2 2 2 2 2 2 2 2 2 2 2 2 2 2 2 2 2
left_child=1 7 3 6 28 12 16 18 9 10 11 15 -6 22 -15 -4 -2 27 19 -1 21 -5 -9 -7 -20 -26 -27 -8 29 -3
right_child=2 4 8 20 5 23 17 13 -10 -11 -12 -13 -14 14 -16 -17 -18 -19 24 -21 -22 -23 -24 -25 25 26 -28 -29 -30 -31
leaf_value=-0.070558558796684073 -0.063910820958442915 -0.014005523458972253 -0.056615346111161813 -0.016673439583739992 -0.075048556570977837 -0.0031011242311072603 -0.033800651680379178 0.19328460846408366 0.10081863623749281 0.097345171053623322 0.083341432233583645 0.07301193791238815 0.031243444610761527 -0.069397672543442368 0.13038937581595772 0.06479785313002133 0.022320353129445178 0.13412813794271758 -0.080209961849132524 0.065298152338545398 0.089848360376509992 0.085977451374351171 0.019122857900223438 0.1132417714269983 -0.07123344506759105 -0.041336671308178911 0.1067130688725802 0.11398141895875413 0.075843378765748995 0.04534846069953976
leaf_weight=2782.7279426157475 749.90952190570533 214.461938906461 404.37721050903201 186.49492398835719 1579.9101455658674 81.411637548357248 118.32683086395264 33.310890305787325 15163.151624657214 2104.5072968304157 719.64066755771637 285.50210143625736 177.35138954222202 525.7527486179024 50.322291918098927 111.52965000644326 184.81282632425427 119.72417895868421 24164.669034652412 224.71896456927061 1755.8800878673792 182.84287580102682 246.68926384672523 260.9598006028682 498.22005580738187 120.94865268655121 80.969817355275154 53.324180768802762 503.88512982428074 681.21268785744905
leaf_count=137749 23315 2143 6445 1560 71811 1335 1996 701 89189 11951 4077 1418 1480 22996 426 586 1611 631 1266062 4575 9553 872 1911 1504 21451 3904 1059 408 2147 3533
internal_value=-0.00450098 -0.0678973 0.0877801 0.0431796 -0.00503693 -0.0398783 -0.0209326 -0.0755539 0.0957355 0.0744761 0.0428348 0.00646111 -0.0643211 -0.0219241 -0.0519455 -0.030368 -0.0468612 0.0622456 -0.0772011 -0.0604072 0.0801677 0.0341445 0.0398424 0.0855769 -0.0792323 -0.0454896 0.0180316 0.0121085 0.0472325 0.0311366
internal_weight=54367.5 32227.5 22140 3351.32 3499.19 2099.63 1226.1 28728.3 18788.7 3625.56 1521.05 801.409 1757.26 856.075 576.075 515.907 934.722 291.375 27872.3 3007.45 2125.22 369.338 280 342.371 24864.8 700.139 201.918 171.651 1399.56 895.675
internal_count=1698399 1544787 153612 39946 83953 76130 27961 1460834 113666 24477 12526 8449 73291 26034 23422 7031 24926 3035 1434800 142324 11985 2432 2612 2839 1292476 26414 4963 2404 7823 5676
is_linear=0
shrinkage=0.08


Tree=18
num_leaves=31
num_cat=0
split_feature=9 6 1 9 9 9 2 4 13 9 9 6 9 6 9 13 2 9 3 15 13 2 16 13 7 13 5 9 2 16
split_gain=44997.8 2343.14 1169.51 1195.91 809.087 999.901 540.976 406.877 196.895 196.292 280.796 157.028 150.762 487.619 146.597 318.424 323.19 144.446 137.6 130.012 128.954 126.046 193.44 120.375 117.283 110.254 189.187 255.191 211.694 172.373
threshold=0.63759058713912975 0.77500000596046459 0.80874970555305492 0.81983605027198803 1.0000000180025095e-35 0.46683587133884435 0.70051544904708873 0.89323708415031444 1.0000000180025095e-35 1.0000000180025095e-35 0.4652314186096192 0.46428571641445165 1.0000000180025095e-35 0.63333335518836986 0.56572300195693981 1.0000000180025095e-35 0.73046398162841808 0.91184088587760936 0.7320508360862733 1.0000000180025095e-35 1.0000000180025095e-35 0.83131474256515514 1.0000000180025095e-35 1.0000000180025095e-35 1.5000000000000002 1.0000000180025095e-35 1.0000000180025095e-35 0.85014972090721141 0.86240702867507946 1.0000000180025095e-35
decision_type=2 2 2 2 2 2 2 2 2 2 2 2 2 2 2 2 2 2 2 2 2 2 2 2 2 2 2 2 2 2
left_child=1 7 3 6 -3 23 11 12 19 24 -11 -2 13 21 -14 -16 -17 18 -5 -7 -13 -1 -23 -6 -9 26 27 28 29 -4
right_child=2 4 25 17 5 8 -8 9 -10 10 -12 20 14 -15 15 16 -18 -19 -20 -21 -22 22 -24 -25 -26 -27 -28 -29 -30 -31
leaf_value=-0.07354476025152952 -0.050820160218347427 0.042447705351993603 -0.048272451534345895 0.023936337115152875 -0.076670820762609768 0.057925435249563513 0.072487460771653009 -0.0050197769548029174 0.11456816658245847 -0.078162007360640787 0.063977274748811472 -0.014299128599260117 -0.080216290976007923 0.050062529965933182 -0.072154627137654748 -0.0081674426586155289 0.24978478040833768 0.091619211941990061 0.082229874645040224 -0.041773287473264364 0.13269462658525483 -0.041927180387206837 0.19206823507105991 0.036205501551745761 0.10293389953962613 0.099843786704891371 0.097487297490382471 0.087783210115620403 0.08361095198362288 0.065160704542968989
leaf_weight=2476.6763661578298 924.14818032458425 1391.050151180476 269.10532561689615 491.33099358156323 1393.3892114013433 202.95605484955013 386.13690750300884 166.97390913963318 213.22183848917484 408.4478853661567 113.71297092922032 123.87298768945038 22036.474091334268 239.04343330860138 886.17774825915694 190.62606408074498 37.142473991960287 1945.6677086427808 548.42033425718546 142.47723578102887 55.224451933056116 117.69458059035242 27.987242054194212 63.208784695714712 104.85443372651935 11698.502849137411 2978.8427148908377 1075.1681769043207 236.19084487110376 125.82570523768663
leaf_count=133049 23095 7804 3520 3106 69015 2786 3379 1834 1188 20189 1739 1933 1246068 4622 44136 6682 293 11319 3144 2880 298 4528 610 507 579 72950 18254 6214 1355 807
internal_value=-0.0045847 -0.0669799 0.0857907 0.0495439 -0.00448107 -0.0368742 -0.00900948 -0.0749218 0.0541175 -0.018508 -0.0472078 -0.0375335 -0.0766438 -0.0593201 -0.078785 -0.0504702 0.0338971 0.0787554 0.0546835 0.0168038 0.0310262 -0.069291 0.00302617 -0.0717726 0.036622 0.0956906 0.0853205 0.0640796 0.0236985 -0.0121325
internal_weight=51070.6 30212.1 20858.4 4474.8 3406.3 2015.25 1489.38 26805.8 558.655 793.989 522.161 1103.25 26011.8 2861.4 23150.4 1113.95 227.769 2985.42 1039.75 345.433 179.097 2622.36 145.682 1456.6 271.828 16383.6 4685.13 1706.29 631.122 394.931
internal_count=1697883 1548509 149374 46274 84180 76376 28705 1464329 6854 24341 21928 25326 1439988 142809 1297179 51111 6975 17569 6250 5666 2231 138187 5138 69522 2413 103100 30150 11896 5682 4327
is_linear=0
shrinkage=0.08


Tree=19
num_leaves=31
num_cat=0
split_feature=9 6 1 12 9 9 3 4 8 9 3 12 13 9 12 4 9 6 9 12 0 6 16 9 9 12 1 16 0 16
split_gain=40476.9 2247.21 1132.5 1185.24 725.221 920.356 399.275 394.409 251.017 214.102 213.384 191.231 178.657 254.689 176.467 216.11 167.888 468.819 160.076 409.578 230.693 157.51 198.141 148.262 147.377 135.481 132.494 123.721 108.445 96.2964
threshold=0.63759058713912975 0.77500000596046459 0.80874970555305492 0.41428571939468389 1.0000000180025095e-35 0.49390153586864477 0.75513628125190746 0.89323708415031444 5.5000000000000009 0.87332859635353099 0.75147059559822094 0.30952382087707525 1.0000000180025095e-35 1.0000000180025095e-35 0.22500000149011615 0.87762087583541881 1.0000000180025095e-35 0.53571429848670971 0.55391839146614086 0.41428571939468389 0.61348485946655285 0.63333335518836986 1.0000000180025095e-35 0.94759726524353038 0.88384941220283519 0.15476191043853763 0.86706829071044933 1.0000000180025095e-35 0.67942845821380626 1.0000000180025095e-35
decision_type=2 2 2 2 2 2 2 2 2 2 2 2 2 2 2 2 2 2 2 2 2 2 2 2 2 2 2 2 2 2
left_child=1 7 3 6 -3 11 23 16 -8 10 27 -6 13 29 15 21 17 -1 -18 -20 -21 22 24 -2 -4 -7 -19 28 -5 -9
right_child=2 4 14 9 5 25 8 12 -10 -11 -12 -13 -14 -15 -16 -17 18 26 19 20 -22 -23 -24 -25 -26 -27 -28 -29 -30 -31
leaf_value=-0.068384441544677196 -0.053802283148706512 0.039766872059238983 -0.053702258138219036 -0.021569280367758462 -0.076589202635662476 0.020420719009745254 0.076974073539216994 -0.0040319201344973243 -0.050868888858974934 0.090697776381080439 0.09254791962647041 0.031205760122081615 0.12651306537229656 -0.065289374021695462 0.09744586681679257 0.093245040779940475 -0.08019718317874748 -0.022544556402091721 -0.0721762974895587 -0.037425578207159478 0.12252493989518311 0.075367916693961104 0.079189887959449298 0.10153639962540081 0.069635561309735042 0.10606851606308135 0.090926607812255547 0.097356519750575715 0.065735654204638644 0.094437649990545686
leaf_weight=2430.2390901129693 839.98000420443714 1394.8257359080017 241.6030297242105 381.78027950972319 1322.5269213635474 252.80401603877544 368.16908714361489 168.76231624931097 134.09603720158339 1984.3057118654251 370.87654270976782 114.44135881960392 51.199595257639885 446.50802458077669 12492.054822428152 1790.8770231232047 20158.257080191746 114.36024872027338 1060.4885137304664 111.50716342404485 119.61289547756314 652.16264736279845 199.77288196235895 41.254619687795639 83.409647673368454 222.00189497694373 155.28003158047795 98.425040019676089 119.57654536701739 101.96182606369257
leaf_count=137079 22069 7778 3500 3527 70179 3300 2754 1888 2043 12326 2261 1571 399 21652 82686 11268 1232732 3492 57361 4568 2382 3839 1302 189 426 1304 2100 606 662 534
internal_value=-0.00454989 -0.066063 0.083144 0.0470254 -0.00409555 -0.0360975 -0.0140845 -0.074286 0.0428422 0.0756368 0.0448478 -0.0680043 -0.0178626 -0.0281689 0.0932799 0.0757444 -0.0760813 -0.0572802 -0.0784478 -0.0511454 0.0453545 0.049115 0.0164899 -0.0465302 -0.0220494 0.0604665 0.042801 0.0153523 -0.000746541 0.0330543
internal_weight=48023.1 28224.8 19798.3 4338.46 3306.6 1911.77 1383.5 24918.2 502.265 2954.96 970.658 1436.97 768.432 717.232 15459.9 2967.83 24149.7 2699.88 21449.9 1291.61 231.12 1176.95 524.786 881.235 325.013 474.806 269.64 599.782 501.357 270.724
internal_count=1697777 1548319 149458 46437 84132 76354 27055 1464187 4797 19382 7056 71750 24473 24074 103021 20335 1439714 142671 1297043 64311 6950 9067 5228 22258 3926 4604 5592 4795 4189 2422
is_linear=0
shrinkage=0.08


Tree=20
num_leaves=31
num_cat=0
split_feature=9 6 1 12 9 11 2 4 2 9 9 9 12 12 5 2 6 8 9 6 9 12 2 16 16 2 16 9 3 16
split_gain=36641.8 2107.27 1147.14 1133.39 668.921 787.72 419.635 395.622 263.571 223.366 277.37 200.802 193.603 191.722 252.649 229.084 175.458 172.778 156.253 387.944 130.967 324.23 184.275 129.621 128.869 120.773 171.546 112.123 110.729 98.3352
threshold=0.62871870398521434 0.77500000596046459 0.80874970555305492 0.41428571939468389 1.0000000180025095e-35 1.0000000180025095e-35 0.71209660172462474 0.88548010587692272 0.60397014021873485 1.0000000180025095e-35 0.49890829622745519 0.89377820491790783 0.30952382087707525 0.30952382087707525 1.0000000180025095e-35 0.88153818249702465 0.46428571641445165 4.5000000000000009 1.0000000180025095e-35 0.63333335518836986 0.55391839146614086 0.41428571939468389 0.62575301527977001 1.0000000180025095e-35 1.0000000180025095e-35 0.81754159927368175 1.0000000180025095e-35 0.85014972090721141 0.9495762586593629 1.0000000180025095e-35
decision_type=2 2 2 2 2 2 2 2 2 2 2 2 2 2 2 2 2 2 2 2 2 2 2 2 2 2 2 2 2 2
left_child=1 7 3 6 -3 -6 16 18 11 29 -11 24 28 14 15 23 -2 -18 19 25 -20 -22 -23 27 -5 -1 -27 -4 -7 -9
right_child=2 4 13 8 5 12 -8 9 -10 10 -12 -13 -14 -15 -16 -17 17 -19 20 -21 21 22 -24 -25 -26 26 -28 -29 -30 -31
leaf_value=-0.072770902887385996 -0.061070237423500519 0.037049834452635926 -0.052834064588608252 -0.017311654160442148 -0.073315678832521158 -0.048080519052544235 0.054056407829671159 -0.00047876054026680341 0.090230007288526939 -0.074666715319354302 0.078803858863621068 0.075635487156477443 0.095948948260415265 0.095744084375810723 0.091019424088436288 0.086178456140490051 0.076930175069044301 -0.062989834940820652 -0.079988478230497706 0.036956538607006983 -0.072700936455524709 -0.024953450905513451 0.12561897036047059 0.053338093049434113 0.09254554300507857 -0.042544443980107413 0.16227658840930059 0.03980555519289531 0.045184738915336531 0.094412405847690922
leaf_weight=2116.8825823683292 767.65711649693549 1396.5910298787057 234.97662837617099 392.22159936092794 1211.7263635452837 154.4876548293978 402.98102364502847 184.70532307587564 1895.8898636680096 474.30466100294143 89.607422082684934 468.73913605511189 238.06158765405416 11765.191851666197 1804.3677835073322 443.11879888176918 134.832738943398 97.19834472797811 18553.932473822497 251.87288738787174 918.97381365299225 127.83187947422266 87.709829008206725 268.8958668410778 82.758797837421298 129.58500534109771 32.793205741792917 129.80452518537641 172.37424038723111 112.44256572239101
leaf_count=130423 24035 7757 3739 3677 68474 4237 3276 2545 12609 27024 1319 2881 1497 82866 12209 2796 1149 1529 1226328 4559 53653 5057 1474 1641 561 6181 897 662 1616 626
internal_value=-0.00436902 -0.0655039 0.0806042 0.043972 -0.00437801 -0.0369437 -0.0148624 -0.0739078 0.0730341 -0.0207022 -0.0502798 0.0384884 0.0410721 0.0912146 0.0727187 0.0420524 -0.0426441 0.0183174 -0.0759696 -0.0572592 -0.078375 -0.0519888 0.0363186 0.0111959 0.00182945 -0.0676706 -0.00117967 -0.019869 0.00110395 0.0354286
internal_weight=45142.5 26253.9 18888.6 4242.28 3173.24 1776.65 1402.67 23080.6 2839.61 861.06 563.912 943.72 564.923 14646.4 2881.16 1076.8 999.688 232.031 22219.6 2531.13 19688.4 1134.52 215.542 633.677 474.98 2279.26 162.378 364.781 326.862 297.148
internal_count=1697297 1543667 153630 49717 83581 75824 29989 1460086 19728 31514 28343 7119 7350 103913 21047 8838 26713 2678 1428572 142060 1286512 60184 6531 6042 4238 137501 7078 4401 5853 3171
is_linear=0
shrinkage=0.08


Tree=21
num_leaves=31
num_cat=0
split_feature=9 6 9 10 1 9 2 2 12 12 12 12 5 2 16 1 9 16 12 9 13 16 13 16 9 4 2 2 15 16
split_gain=33262.6 2014.56 1104.31 1106.02 1090.94 1011.49 325.254 273.47 239.911 207.131 202.106 200.589 225.471 215.127 144.872 126.781 124.15 116.73 109.135 125.099 104.272 103.195 100.139 99.3598 111.785 98.8469 97.3011 91.9104 89.0305 85.9382
threshold=0.62871870398521434 0.63333335518836986 1.0000000180025095e-35 0.07275132462382318 0.80874970555305492 0.8011976182460786 0.70438539981842052 0.87570226192474376 0.30952382087707525 0.41428571939468389 0.63333335518836986 0.36666667461395269 1.0000000180025095e-35 0.88153818249702465 1.0000000180025095e-35 0.8521554470062257 0.94759726524353038 1.0000000180025095e-35 0.22500000149011615 0.49065339565277105 1.5000000000000002 1.0000000180025095e-35 1.0000000180025095e-35 1.0000000180025095e-35 0.85014972090721141 0.93440860509872448 0.69614070653915416 0.54085850715637218 1.0000000180025095e-35 1.0000000180025095e-35
decision_type=2 2 2 2 2 2 2 2 2 2 2 2 2 2 2 2 2 2 2 2 2 2 2 2 2 2 2 2 2 2
left_child=1 7 15 18 5 6 10 20 26 14 -2 12 13 23 16 -3 -7 -9 -4 -20 25 -17 29 24 -6 -1 -5 -11 -28 -8
right_child=4 2 3 8 11 9 22 17 -10 27 -12 -13 -14 -15 -16 21 -18 -19 19 -21 -22 -23 -24 -25 -26 -27 28 -29 -30 -31
leaf_value=-0.077746003884610879 -0.057806407653886484 -0.019457793489156678 -0.078886000340814513 -0.062986917356239749 -0.045946877673139576 -0.023511856965117327 -0.020770790660497793 -0.043589167047377683 0.10695726834544309 0.04454829004059558 0.030752060549398181 0.094352529179034875 0.088226372264962147 0.084640556394072586 0.082853050887016569 0.071648534660398416 0.08848021697164446 0.036423407347104954 -0.036344068951103495 0.19798064691020809 0.065694424281543665 0.02733720542245071 0.1014007229451136 0.049716723075221819 0.0431422726657767 0.040753562728068841 0.068369506935982413 0.088367301894511044 -0.030425510218837572 0.11146047255971159
leaf_weight=19449.844630776905 770.88196654990315 243.83425993472338 2026.0988863445818 97.754838951863348 241.36207384802401 311.8904277049005 127.7437654491514 437.72900231741369 254.28562382049859 368.88294788077474 209.82050829939544 10846.608095040545 1831.8684936966747 464.73991308361292 200.56323597207665 516.59631141275167 79.498395264148712 159.10946251172572 72.486447950825095 18.253056257963181 32.613104544579983 964.09944018162787 150.85059480182827 283.62076367810369 143.86879199370742 45.156125789508224 155.21461044345051 1807.2023223862052 93.570975231006742 41.731581460684538
leaf_count=1362193 25812 4094 134649 3307 3811 2331 1895 17007 1708 2187 1796 81488 13098 3083 1298 2994 391 4372 1832 120 1065 5675 950 1748 753 1565 2063 12547 1458 273
internal_value=-0.00442096 -0.0648388 -0.016078 -0.0478522 0.0785863 0.0421802 -0.0159989 -0.0756021 0.047943 0.0695254 -0.0388594 0.0893116 0.0708735 0.0428316 0.0275667 0.0339946 -0.000764171 -0.0222588 -0.0750419 0.0107924 -0.0772324 0.0427969 0.0539901 0.0137814 -0.0126755 -0.0774715 0.00463936 0.0809392 0.0312116 0.0117898
internal_weight=42447.8 24566.6 4442.19 2717.66 17881.1 4069.07 1301.03 20124.5 600.826 2768.04 980.702 13812.1 2965.46 1133.59 591.952 1724.53 391.389 596.838 2116.84 90.7395 19527.6 1480.7 320.326 668.852 385.231 19495 346.54 2176.09 248.786 169.475
internal_count=1697563 1544102 157900 145137 153461 49480 30726 1386202 8536 18754 27608 103981 22493 9395 4020 12763 2722 21379 136601 1952 1364823 8669 3118 6312 4564 1363758 6828 14734 3521 2168
is_linear=0
shrinkage=0.08


Tree=22
num_leaves=31
num_cat=0
split_feature=9 6 1 9 12 10 6 8 4 3 9 12 12 4 0 6 16 9 10 1 16 9 0 3 16 7 6 3 13 3
split_gain=30134 1836.82 1180.39 1074.39 1034.15 899.668 337.645 247.831 244.31 241.167 250.728 222.886 211.14 228.241 183.889 135.096 158.218 131.896 172.936 137.416 124.717 119.16 111.778 108.699 91.2071 140.613 82.2197 76.9271 74.1198 72.5899
threshold=0.61455422639846813 0.63333335518836986 0.80874970555305492 1.0000000180025095e-35 0.30952382087707525 0.07275132462382318 0.46428571641445165 4.5000000000000009 0.88548010587692272 0.7320508360862733 0.89377820491790783 0.30952382087707525 0.22500000149011615 0.87762087583541881 0.77459675073623668 0.63333335518836986 1.0000000180025095e-35 1.0000000180025095e-35 0.13188406080007556 0.92031747102737438 1.0000000180025095e-35 0.88384941220283519 0.65648320317268383 0.9634092152118684 1.0000000180025095e-35 1.5000000000000002 0.77500000596046459 0.86240702867507946 1.0000000180025095e-35 0.90521115064620983
decision_type=2 2 2 2 2 2 2 2 2 2 2 2 2 2 2 2 2 2 2 2 2 2 2 2 2 2 2 2 2 2
left_child=1 8 4 23 6 28 14 -8 -1 10 20 27 13 15 -2 16 21 19 -19 -10 22 -4 -6 24 25 -3 -13 -7 -5 -20
right_child=2 3 12 5 9 11 7 -9 17 -11 -12 26 -14 -15 -16 -17 -18 18 29 -21 -22 -23 -24 -25 -26 -27 -28 -29 -30 -31
leaf_value=-0.077200522799657695 -0.063054484319642945 -0.025887586234741657 -0.050937781404630428 -0.077970962687669204 -0.026840715234267051 -0.060876151219682102 0.079477301501846218 -0.054704408749189186 0.11924365598440886 0.089498734581787767 0.075934286979552776 0.24488305254246484 0.092688398003423864 0.087135910860512353 0.059631569782188601 0.066058093443910101 0.067836061448751914 -0.073013571086960521 0.22913164460279645 -0.018154772294818041 0.092483797936265988 0.06104091245185396 0.046752789272141583 0.047727759485500502 -0.017012198880836958 0.091886546173914035 0.087430346737918274 0.024856782926594007 0.025742954551165501 0.022719732604265963
leaf_weight=17888.433353875764 766.67744842078537 110.90137880295515 249.02148934453726 1917.5465732617304 429.53028888255358 94.982894037850201 283.05007079802454 127.9019213411957 66.178124132566154 1357.7955765593797 717.63455322384834 23.924038080498576 10410.74614138715 1563.4920406555757 87.068718775175512 584.0358953140676 191.58564614225179 370.49395714793354 15.002624202519653 157.35554050467908 98.996290234848857 80.473535552620888 190.7410277761519 1046.7619051933289 411.45599000155926 156.34152531996369 188.16725426539779 227.22289329208434 45.138230700045824 39.913300050422549
leaf_count=1351244 28682 1274 4769 136467 5771 3556 2266 2092 756 10066 4973 232 83295 11569 866 3925 1506 23344 198 1966 764 445 1322 5198 4903 1369 1221 3099 481 424
internal_value=-0.00427298 -0.0646046 0.0758459 -0.0169855 0.0381602 -0.050531 -0.0218638 0.0377155 -0.0754513 0.0653231 0.0424785 0.0415049 0.0875422 0.0674661 -0.0505424 0.0396377 0.0100253 -0.0272321 -0.053376 0.0225226 0.0090986 -0.0235889 -0.00420981 0.0315594 0.00662288 0.0430122 0.105191 -0.000416389 -0.0755857 0.0791099
internal_weight=39898.6 22759.8 17138.8 4222.44 4059.4 2496.98 1264.7 410.952 18537.4 2794.7 1436.9 534.297 13079.4 2668.61 853.746 1105.12 521.081 648.944 425.41 223.534 719.268 329.495 620.271 1725.46 678.699 267.243 212.091 322.206 1962.68 54.9159
internal_count=1698043 1535732 162311 157800 56802 145056 33906 4358 1377932 22896 12830 8108 105509 22214 29548 10645 6720 26688 23966 2722 7857 5214 7093 12744 7546 2643 1453 6655 136948 622
is_linear=0
shrinkage=0.08


Tree=23
num_leaves=31
num_cat=0
split_feature=9 4 1 9 9 7 9 9 2 12 3 12 5 9 12 2 8 12 8 12 7 5 2 2 8 7 13 0 13 2
split_gain=27140.9 1642.38 1154.58 998.182 486.076 513.401 481.419 559.816 392.325 271.422 206.653 197.626 204.823 186.903 360.79 254.285 169.394 130.159 142.79 120.868 93.0886 92.1972 88.059 86.6749 81.6901 79.8266 79.357 77.2602 72.674 72.1997
threshold=0.61455422639846813 0.88548010587692272 0.8216732144355775 0.83594325184822094 1.0000000180025095e-35 1.5000000000000002 1.0000000180025095e-35 0.46120400726795202 0.74736374616622936 0.63333335518836986 0.82807883620262157 0.22500000149011615 1.0000000180025095e-35 0.5246713161468507 0.41428571939468389 0.680425524711609 4.5000000000000009 0.41428571939468389 6.5000000000000009 0.18333333730697635 1.5000000000000002 1.0000000180025095e-35 0.80874970555305492 0.56543695926666271 9.5000000000000018 1.0000000180025095e-35 1.0000000180025095e-35 0.38507877290248876 1.0000000180025095e-35 0.86240702867507946
decision_type=2 2 2 2 2 2 2 2 2 2 2 2 2 2 2 2 2 2 2 2 2 2 2 2 2 2 2 2 2 2
left_child=1 4 3 8 5 22 -3 -8 9 -2 -7 12 16 -6 20 21 29 18 -5 -9 -15 -16 -1 -19 -12 -11 -10 -14 -17 -4
right_child=2 6 11 17 13 10 7 19 26 25 24 -13 27 14 15 28 -18 23 -20 -21 -22 -23 -24 -25 -26 -27 -28 -29 -30 -31
leaf_value=-0.070150817745539995 -0.04862877127685155 0.038421196065166661 0.025046546946696783 0.058596508265938194 -0.079188052479908191 -0.045932084134729205 -0.071168808189140967 0.013826153954869021 0.027858129584227141 0.0099555289962239019 0.059123956579830841 0.091561184214182842 -0.076503510996627389 -0.075286475837036612 -0.03310737246138095 0.0091890546548338125 -0.028258851258114379 0.047352114104449124 -0.038497166737675746 0.11421210909537767 0.0039402080208331049 0.25553682527502825 -0.011878529687875138 0.088118914248764557 -0.0029837967032550912 0.097117529594345456 0.10377307010810136 0.085872867204310865 0.18161435890193489 0.076811783389758886
leaf_weight=1620.1543587176129 1037.970483135432 1111.0882427338511 302.6851224983111 386.71417131647468 14944.080791070126 281.98219525162131 809.47672928031534 192.96482301130891 174.53794208914042 241.89359950460494 384.61853811144829 9525.2508319001645 18.988689358346164 1060.9019852234051 169.80608335044235 20.080844039097428 204.01150163356215 425.02047710865736 129.36708429083228 127.47034028079361 104.2407374959439 7.3905037157237521 184.91263194661587 1554.825589068234 209.28907032683492 93.14029479958117 178.00535471364856 1516.312154491432 70.810520881786942 400.74631354119629
leaf_count=115140 35423 6865 3101 2238 1228417 13746 54777 3992 1887 2139 5867 81421 366 80037 9075 624 2697 2729 880 942 4228 116 8239 12394 2832 691 1280 11908 738 2943
internal_value=-0.00440924 -0.0637545 0.0736668 0.0376949 -0.0713722 -0.0397947 0.00102921 -0.0357398 -0.00909105 -0.0284205 0.0104621 0.0863552 0.066055 -0.0765414 -0.0489449 0.0347328 0.0359231 0.0700401 0.0342578 0.0537601 -0.0681984 -0.0210686 -0.0641814 0.0793674 0.0372376 0.0341868 0.0661889 0.0838646 0.14352 0.0545373
internal_weight=37488.7 21299.3 16189.5 4221.47 19058.3 2680.96 2241 1129.91 1725.55 1373 875.89 11968 2442.74 16377.3 1433.23 268.088 907.443 2495.93 516.081 320.435 1165.14 177.197 1805.07 1979.85 593.908 335.034 352.543 1535.3 90.8914 703.431
internal_count=1697732 1535635 162097 59661 1469059 145824 66576 59711 41420 38253 22445 102436 21015 1323235 94818 10553 8741 18241 3118 4934 84265 9191 123379 15123 8699 2830 3167 12274 1362 6044
is_linear=0
shrinkage=0.08


Tree=24
num_leaves=31
num_cat=0
split_feature=9 6 1 12 9 10 3 4 9 6 12 4 8 15 0 16 5 12 8 5 8 12 9 16 16 10 16 10 12 0
split_gain=24540 1772.39 1109.72 888.306 868.675 807.08 308.573 236.439 223.073 216.492 205.653 213.581 195.892 177.543 154.725 142.89 107.69 97.3734 93.6055 89.8586 106.231 85.3149 83.2498 82.4038 81.9085 80.2214 91.8807 77.0892 132.715 90.3008
threshold=0.61455422639846813 0.63333335518836986 0.8216732144355775 0.30952382087707525 1.0000000180025095e-35 0.07275132462382318 0.75513628125190746 0.88548010587692272 0.85014972090721141 0.46428571641445165 0.36666667461395269 0.87762087583541881 4.5000000000000009 1.0000000180025095e-35 0.72255688905715953 1.0000000180025095e-35 1.0000000180025095e-35 0.15476191043853763 4.5000000000000009 1.0000000180025095e-35 4.5000000000000009 0.22500000149011615 0.45049995183944708 1.0000000180025095e-35 1.0000000180025095e-35 0.48333333432674414 1.0000000180025095e-35 0.21583850681781772 0.63333335518836986 0.6482679843902589
decision_type=2 2 2 2 2 2 2 2 2 2 2 2 2 2 2 2 2 2 2 2 2 2 2 2 2 2 2 2 2 2
left_child=1 7 3 6 19 21 25 27 9 14 11 16 24 17 -5 -9 18 -7 -4 20 23 -6 -23 -3 -8 -2 -27 -1 -29 -30
right_child=2 4 10 8 5 13 12 15 -10 -11 -12 -13 -14 -15 -16 -17 -18 -19 -20 -21 -22 22 -24 -25 -26 26 -28 28 29 -31
leaf_value=-0.077559349751382095 -0.065418359612496743 0.067682825203250835 0.037093080273127528 -0.013852363946285423 -0.078193742575466907 0.033863029287345622 0.028635005832308137 -0.048867207091071833 0.076991438663662967 0.093647235853701521 0.090620632001134627 0.084044304756718452 -0.041569462808308311 -0.028228504171588401 0.082240801438590902 0.038851345460181534 0.06712795931690177 0.11951320913806107 -0.029977326741849365 0.040431662890312248 -0.045260660779344798 -0.038576664598936369 0.15566224090545236 -0.010274573190334218 0.1072720236784742 -0.04455096382198321 0.083355498891945407 -0.063376699142371026 -0.020379167800626048 0.15450441318778332
leaf_weight=14908.122058669105 595.74136406742036 170.20180172100663 400.76870133634657 536.0895584737882 1618.7238820912316 181.80757518671453 193.01635351311415 455.74311111681163 1883.209872096777 242.00461732409894 8720.3223506193608 1494.8448604056612 171.0792622640729 160.10098205879331 134.05643880926073 160.77852983120829 433.64948065392673 159.4565429482609 199.4507164247334 1175.5604897662997 199.97635484673083 59.725078200921416 18.494875766336918 177.04736423119903 151.16292913723737 107.73378984257579 53.939221117645502 429.54240507446229 47.211734875105321 31.506334970705211
leaf_count=1318449 26970 1455 3843 6891 134867 3737 2126 21981 15087 1849 79880 12391 3371 3172 933 4786 3604 1151 2679 5530 3575 1770 177 2241 956 1286 321 30087 2124 472
internal_value=-0.00431664 -0.062781 0.0718466 0.036039 -0.0145687 -0.0479026 -0.0193648 -0.074572 0.0612633 0.0287911 0.0847958 0.0647088 0.0283953 0.0412759 0.00537018 -0.0259917 0.036752 0.0738833 0.0148058 0.027966 0.00118706 -0.0742506 0.00735055 0.0279357 0.0631722 -0.0518553 -0.00187733 -0.0765148 -0.0458766 0.0496167
internal_weight=35271.1 19954 15317.1 4068.03 3921.09 2198.31 1272.67 16032.9 2795.36 912.151 11249 2528.71 515.259 501.365 670.146 616.522 1033.87 341.264 600.219 1722.79 547.226 1696.94 78.22 347.249 344.179 757.414 161.673 15416.4 508.26 78.7181
internal_count=1697761 1535574 162187 59790 157675 144874 35030 1377899 24760 9673 102397 22517 6453 8060 7824 26767 10126 4888 6522 12801 7271 136814 1947 3696 3082 28577 1607 1351132 32683 2596
is_linear=0
shrinkage=0.08


Tree=25
num_leaves=31
num_cat=0
split_feature=9 9 12 2 7 5 9 4 3 2 12 10 9 3 1 2 17 9 12 2 5 2 12 4 0 1 3 13 5 3
split_gain=22145 1540.06 1050.9 843.594 833.217 479.821 460.543 495.335 245.209 238.221 226.863 219.694 209.406 166.443 155.983 140.423 136.286 118.034 116.322 102.891 91.5282 90.1575 142.856 89.5468 80.9714 78.2404 87.3864 77.7666 75.9899 126.224
threshold=0.61455422639846813 1.0000000180025095e-35 0.41428571939468389 0.78142958879470836 1.5000000000000002 1.0000000180025095e-35 0.5246713161468507 0.80901724100112926 0.75147059559822094 0.81754159927368175 0.41428571939468389 0.59166666865348827 0.76239567995071422 0.82807883620262157 0.8263767957687379 0.59299960732460033 1.0000000180025095e-35 0.94759726524353038 0.30952382087707525 0.88548010587692272 1.0000000180025095e-35 0.90595519542694103 0.30952382087707525 0.86319074034690868 0.33534136414527899 0.91476997733116161 0.95861870050430309 1.5000000000000002 1.0000000180025095e-35 0.88548010587692272
decision_type=2 2 2 2 2 2 2 2 2 2 2 2 2 2 2 2 2 2 2 2 2 2 2 2 2 2 2 2 2 2
left_child=1 4 3 5 9 12 21 10 11 -1 -8 14 -2 23 27 -12 -14 -18 20 28 -9 -3 -23 -6 -7 -11 -27 -4 29 -5
right_child=2 6 8 19 13 24 7 18 -10 25 15 -13 16 -15 -16 -17 17 -19 -20 -21 -22 22 -24 -25 -26 26 -28 -29 -30 -31
leaf_value=-0.06570726242969753 -0.057044589479163126 -0.078636514656723028 -0.0036057043955264366 0.057030025390920759 -0.04620321905303601 -0.069743177575120552 -0.070551442935686534 -0.032172808472371181 0.088852522619277841 0.054942861774998582 -0.040392488469029535 0.078676609365398359 0.052153789092256153 0.038903338375521263 0.095971990288909126 0.086510732348945588 -0.036696787556052296 0.082901416324338215 0.12396183364407369 0.083842140459738618 0.08370804481671941 -0.061013857256504427 0.064938426375288974 0.07180378645857427 0.080529669527200573 -0.053881606861522803 0.036447934074919829 0.086229550938289171 0.076106824575627688 -0.035935544069373146
leaf_weight=1476.9523132573813 720.21978996973485 13213.550995518453 550.04466401599348 255.68319810274988 251.31201156321913 24.402140346355736 951.88705302495509 94.511689460836351 8624.8439054396003 127.22402197588235 119.43586628511548 1249.5677814595401 246.92510517314076 1360.9669568538666 155.98818152025342 104.74651199765503 409.10288794152439 60.640955194830894 118.25227820686996 1279.6131297945976 81.016260935924947 401.70689578168094 67.285809139721096 49.213294986635447 385.18021659553051 183.75109104719013 109.32314965687692 69.458482693880796 302.27672132849693 147.33235183637589
leaf_count=117907 32895 1258784 5555 2091 13665 547 80384 4278 83747 3974 7394 11011 2062 12305 1308 2826 4065 319 1062 10965 715 26752 840 266 3137 4504 499 504 2627 1371
internal_value=-0.00423296 -0.061719 0.0700442 0.0341137 -0.0143602 -0.00480676 -0.0728418 -0.0302887 0.0829705 -0.0505851 -0.0534999 0.0579185 -0.0265797 0.0270049 0.0244704 0.0189015 0.00403609 -0.0212574 0.0626311 0.0703197 0.0213129 -0.0774131 -0.0429436 -0.0268787 0.0715767 0.00255497 -0.0201867 0.00646659 0.0457859 0.0230442
internal_weight=33192.4 18711.1 14481.3 3831.38 3558.74 1846.47 15152.4 1469.85 10649.9 1897.25 1176.07 2025.06 1436.89 1661.49 775.491 224.182 716.669 469.744 293.78 1984.91 175.528 13682.5 468.993 300.525 409.582 420.298 293.074 619.503 705.292 403.016
internal_count=1698359 1536155 162204 60079 153120 43025 1383035 96659 102125 126884 90604 18378 39341 26236 7367 10220 6446 4384 6055 17054 4993 1286376 27592 13931 3684 8977 5003 6059 6089 3462
is_linear=0
shrinkage=0.08


Tree=26
num_leaves=31
num_cat=0
split_feature=9 6 1 9 9 10 6 4 12 4 8 12 12 15 8 0 12 9 1 9 17 7 12 8 5 10 12 10 1 6
split_gain=20100 1603.26 1000.61 764.875 705.109 730.68 280.85 230.691 209.135 188.55 176.18 173.685 143.367 137.472 130.252 119.894 101.872 119.064 104.392 97.2226 149.916 92.0384 86.5245 83.3007 100.726 82.4878 135.439 81.785 73.6016 70.511
threshold=0.61455422639846813 0.58571431040763866 0.83047896623611461 0.81983605027198803 0.20766969025135043 0.07275132462382318 0.46428571641445165 0.88548010587692272 0.30952382087707525 0.89512962102890026 4.5000000000000009 0.63333335518836986 0.41428571939468389 1.0000000180025095e-35 6.5000000000000009 0.77459675073623668 0.63333335518836986 1.0000000180025095e-35 0.92031747102737438 0.85014972090721141 1.0000000180025095e-35 1.5000000000000002 0.22500000149011615 4.5000000000000009 1.0000000180025095e-35 0.21240601688623431 0.63333335518836986 0.12132352963089944 0.87298336625099193 0.63333335518836986
decision_type=2 2 2 2 2 2 2 2 2 2 2 2 2 2 2 2 2 2 2 2 2 2 2 2 2 2 2 2 2 2
left_child=1 7 3 6 23 22 11 25 9 19 -8 15 14 21 -5 -2 17 18 -9 20 -4 -7 -6 -3 -25 -1 -27 -19 -28 -22
right_child=2 4 8 12 5 13 10 16 -10 -11 -12 -13 -14 -15 -16 -17 -18 27 -20 -21 29 -23 -24 24 -26 26 28 -29 -30 -31
leaf_value=-0.076841047819539474 -0.059305243868636101 0.037093621196203477 0.054515597911942923 0.048651555709141585 -0.07792128188830974 -0.0032713794372793521 0.082173139710706972 0.099175897471404983 0.088287479617691636 0.081985437059630059 -0.039469009744342587 0.023313947889046158 0.072956499447714027 -0.023694771645979686 -0.04104655908722555 0.047006052927557773 0.17281031098828284 -0.075894142594407063 -0.020649924903448764 0.059871479937906362 -0.058563704650000464 0.09340255298154311 0.010371503438599978 -0.047434492212073485 0.0203924341652406 -0.061925379531333133 0.03371048534456323 0.037506774699908978 0.36426895076536403 0.036377746626297704
leaf_weight=12751.815146610141 752.80917164217681 1044.495440531522 241.79323667194694 424.45772351138294 1461.7355441292748 84.970915525220335 274.46692731883377 67.796945732086897 7676.5723725669086 1137.6800534073263 105.49063844978809 278.58035680651665 1833.5648910626769 151.32121981307864 137.06680021993816 74.621701915748417 16.460478391498327 281.44152892939746 148.34588417597115 476.5791124664247 188.1194416442886 244.06015725806355 74.66270856000483 194.91308231465518 498.51144703663886 397.00395899172872 74.178846202790737 47.584090431220829 4.5769157018512479 68.218939973041415
leaf_count=1309340 32341 7459 1979 2714 141674 1838 2748 769 80341 10560 2230 2521 16478 3250 1094 1034 151 22857 1973 3744 3726 3201 1962 4080 2538 31579 2661 714 36 466
internal_value=-0.00420129 -0.060869 0.0685251 0.034151 -0.014523 -0.0467056 -0.0109375 -0.0734886 0.0821536 0.0598624 0.0484007 -0.0313225 0.062125 0.0394135 0.0267565 -0.0497176 -0.0232716 -0.029192 0.0169355 0.0340405 0.00932722 0.0684369 -0.0736306 0.0228229 0.00132712 -0.0756208 -0.0429141 -0.059494 0.052921 -0.0332971
internal_weight=31213.9 17543.9 13670 3881.06 3754.67 2016.75 1485.97 13789.2 9788.96 2112.39 379.958 1106.01 2395.09 480.352 561.525 827.431 561.629 545.168 216.143 974.711 498.132 329.031 1536.4 1737.92 693.425 13227.6 475.76 329.026 78.7558 256.338
internal_count=1698058 1536082 161976 61160 166002 151925 40874 1370080 100816 20475 4978 35896 20286 8289 3808 33375 26464 26313 2742 9915 6171 5039 143636 14077 6618 1343616 34276 23571 2697 4192
is_linear=0
shrinkage=0.08


Tree=27
num_leaves=31
num_cat=0
split_feature=9 6 10 6 9 10 2 4 12 12 12 5 10 12 2 9 12 3 0 6 16 9 16 3 12 9 9 9 4 4
split_gain=18258.2 1666.22 795.747 706.346 521.571 791.854 272.847 258.101 218.031 148.35 140.931 130.963 124.047 152.945 121.018 120.679 160.755 125.448 110.442 136.711 96.5582 89.374 88.0578 83.3883 82.7111 81.9175 80.0384 79.6143 73.0149 69.3431
threshold=0.63759058713912975 0.63333335518836986 0.48333333432674414 0.58571431040763866 1.0000000180025095e-35 0.069047622382640853 0.86240702867507946 0.80901724100112926 0.63333335518836986 0.41428571939468389 0.30952382087707525 1.0000000180025095e-35 0.21240601688623431 0.30952382087707525 0.87841832637786876 1.0000000180025095e-35 0.41428571939468389 0.90521115064620983 0.68457102775573742 0.38750000298023229 1.0000000180025095e-35 0.91184088587760936 1.0000000180025095e-35 0.94570022821426403 0.22500000149011615 0.42078272998332983 0.92762354016304027 0.51119467616081249 0.93643954396247875 0.6569296419620515
decision_type=2 2 2 2 2 2 2 2 2 2 2 2 2 2 2 2 2 2 2 2 2 2 2 2 2 2 2 2 2 2
left_child=1 6 3 7 22 24 12 8 26 11 27 14 28 -14 20 17 -17 -8 19 -15 21 -4 -3 -24 -6 -18 -2 -7 -1 -11
right_child=2 4 9 -5 5 10 15 -9 -10 29 -12 -13 13 18 -16 16 25 -19 -20 -21 -22 -23 23 -25 -26 -27 -28 -29 -30 -31
leaf_value=-0.076777347478670266 -0.038053308009597754 0.046024258403998014 -0.041570300644713065 0.07728405704671322 -0.076799749131492803 -0.035543050560348642 0.15146900414459996 0.059337046268741193 0.038086136699305551 0.065341520599580288 0.090318063403816762 0.08156929848448996 -0.071678961568754765 -0.042483725799575781 0.081732013034668982 -0.068097070270603008 -0.059653881950159818 -0.0018684049583999295 0.097637846114453239 0.29513933561442296 0.057797164409418671 0.036884236187279845 -0.023255181790874883 0.023747750186724956 0.0090248819710832626 0.16195650675424569 0.078906755364188882 0.042205547348591867 0.0415476966304201 0.087566180603993099
leaf_weight=11932.191767510958 1008.5823763525113 605.54889112710953 213.93595407344401 1344.0843445081264 1296.5118179311976 149.04631464742124 41.668241070583463 377.14826370589435 365.0327393040061 1036.0870312713087 221.23028787877411 821.43787391856313 337.93791165482253 142.98190815653652 270.94427447766066 323.94926367979497 15.965803654864429 189.16452374123037 69.261884381063282 8.1111656157299858 235.0851807333529 164.29774598032236 364.17141580395401 717.51276022382081 76.082661573775113 32.215340252034366 38.889665335416794 194.01611989922822 33.469922253862023 6765.4896336570382
leaf_count=1318461 28427 4289 2204 13123 134811 5312 1134 3519 2758 9440 1851 8388 29766 8208 2421 27468 1057 2023 1130 176 1504 925 4668 3728 1929 397 237 2071 1406 76360
internal_value=-0.00416456 -0.0589386 0.0684183 0.0334574 -0.0109193 -0.039245 -0.0721959 0.000542179 -0.0151564 0.079942 0.0405323 0.0585699 -0.0747266 -0.0378671 0.0372046 -0.0196313 -0.0478191 0.0258109 0.013987 -0.024359 0.0175339 -0.0074911 0.0215977 0.00792324 -0.0720425 0.0885214 -0.0337109 0.00842703 -0.0764464 0.0846146
internal_weight=29392.1 16751 12641 3133.74 3624.12 1936.89 13126.9 1789.65 1412.5 9507.28 564.293 1705.7 12524 558.293 884.263 602.963 372.13 230.833 220.355 151.093 613.319 378.234 1687.23 1081.68 1372.59 48.1811 1047.47 343.062 11965.7 7801.58
internal_count=1699191 1549885 149306 48064 158659 145974 1391226 34941 31422 101242 9234 15442 1359147 39280 7054 32079 28922 3157 9514 8384 4633 3129 12685 8396 136740 1454 28664 7383 1319867 85800
is_linear=0
shrinkage=0.08


Tree=28
num_leaves=31
num_cat=0
split_feature=11 2 1 12 2 14 5 11 14 12 16 2 5 4 11 12 7 16 13 11 11 7 3 0 8 0 8 3 7 2
split_gain=14105.8 1762.19 1516.48 962.299 552.566 466.332 371.37 335.686 558.219 272.052 226.614 200.026 193.286 185.53 145.538 139.207 135.19 109.576 105.541 104.974 94.351 83.5807 122.028 128.196 82.6848 80.2417 72.5908 86.5695 72.0683 62.3315
threshold=1.5000000000000002 0.85553771257400524 0.83047896623611461 0.63333335518836986 0.70438539981842052 1.0000000180025095e-35 1.0000000180025095e-35 1.0000000180025095e-35 1.0000000180025095e-35 0.22500000149011615 1.0000000180025095e-35 0.55403152108192455 1.0000000180025095e-35 0.90595519542694103 1.0000000180025095e-35 0.22500000149011615 1.5000000000000002 1.0000000180025095e-35 1.5000000000000002 6.5000000000000009 4.5000000000000009 1.0000000180025095e-35 0.55488622188568126 0.59417229890823375 7.5000000000000009 0.38507877290248876 4.5000000000000009 0.80874970555305492 1.0000000180025095e-35 0.78705966472625744
decision_type=2 2 2 2 2 2 2 2 2 2 2 2 2 2 2 2 2 2 2 2 2 2 2 2 2 2 2 2 2 2
left_child=1 5 3 4 10 13 16 8 15 12 19 21 17 18 -15 -3 -7 20 -1 -2 -4 22 23 -5 29 -14 27 -18 -26 -6
right_child=2 7 9 11 24 6 -8 -9 -10 -11 -12 -13 25 14 -16 -17 26 -19 -20 -21 -22 -23 -24 -25 28 -27 -28 -29 -30 -31
leaf_value=-0.074722411596160443 -0.057380393126794486 -0.072214959252909716 -0.032326432602096548 -0.029505303479468181 0.023829024062204912 -0.065146103030730346 0.025256939064857042 0.06661229640362315 0.028733396732511188 0.086833383125437966 0.040762129983016211 0.080718515943917296 -0.079911709706622217 -0.054820215959260205 0.1036865355720199 0.04324662679282068 -0.033279291464619984 0.056045719172256633 0.091352780246444706 0.039106518625662473 0.052404569956806667 0.083768573165832735 -0.12308039937253391 0.08091373032671477 0.10755870826990573 0.076366072389314574 -0.045631629513044884 0.071663076245061408 -0.087415123091318561 0.074382875271072943
leaf_weight=10736.696260067634 1311.9298632377759 670.12641829252243 290.90727113280445 157.73753628507257 269.61555870156735 1191.2797691226006 538.17005344014615 503.19323507416993 1116.8450817968696 6575.9254984855652 191.49585725739598 1278.1624972783029 21.4672024063766 83.995718142949045 66.364563102833927 74.232272554188967 94.926723525859416 296.37476900219917 24.546102553606033 76.365293566137552 118.3174973167479 92.379882126115263 46.069571926258504 117.35946982167661 15.965068710967897 1026.3821745021269 200.29856539610773 107.03400391899049 50.549880427308381 370.71139734890312
leaf_count=1228738 84371 68321 9330 3931 6005 120498 4238 7828 8170 79716 4847 15429 897 7372 830 2215 6290 2496 549 663 973 942 1505 1345 209 10929 10518 3192 1528 4276
internal_value=-0.00389658 -0.0549056 0.0599603 0.0193277 -0.0145145 -0.0664246 -0.0322011 0.00863931 -0.00703421 0.0793676 -0.0408199 0.0650712 0.0513686 -0.0731105 0.01514 -0.0607004 -0.0516058 0.0190007 -0.0743436 -0.052073 -0.0078285 0.0167095 -0.00257923 0.0176007 0.0442781 0.0731644 -0.0115067 0.0223375 -0.0406171 0.0530967
internal_weight=27715.4 15407.7 12307.7 3978.34 2286.63 13043.3 2131.71 2364.4 1861.2 8329.37 1579.79 1691.71 1753.45 10911.6 150.36 744.359 1593.54 705.6 10761.2 1388.3 409.225 413.546 321.167 275.097 706.842 1047.85 402.259 201.961 66.5149 640.327
internal_count=1698151 1468759 229392 125051 101899 1382225 144736 86534 78706 104341 89881 23152 24625 1237489 8202 70536 140498 12799 1229287 85034 10303 7723 6781 5276 12018 11826 20000 9482 1737 10281
is_linear=0
shrinkage=0.08


Tree=29
num_leaves=31
num_cat=0
split_feature=9 9 1 9 1 9 4 2 13 12 12 5 2 5 7 13 16 2 7 3 3 12 16 10 2 2 10 15 3 2
split_gain=15073.4 1383.22 862.186 570.089 544.639 433.636 421.587 359.712 326.502 220.663 180.973 174.543 168.352 166.586 153.332 122.743 107.498 107.468 83.9268 82.6998 80.6653 77.6451 72.2897 127.428 66.3328 62.8766 84.451 60.0711 59.6499 53.8007
threshold=0.61455422639846813 1.0000000180025095e-35 0.83047896623611461 0.89377820491790783 0.86319074034690868 0.51119467616081249 0.6820855736732484 0.70299971103668224 1.0000000180025095e-35 0.36666667461395269 0.63333335518836986 1.0000000180025095e-35 0.79795917868614208 1.0000000180025095e-35 1.5000000000000002 1.0000000180025095e-35 1.0000000180025095e-35 0.88548010587692272 1.0000000180025095e-35 0.9529346525669099 0.69614070653915416 0.41428571939468389 1.0000000180025095e-35 0.39230769872665411 0.87007671594619762 0.90595519542694103 0.069047622382640853 1.0000000180025095e-35 0.89699381589889537 0.58643677830696117
decision_type=2 2 2 2 2 2 2 2 2 2 2 2 2 2 2 2 2 2 2 2 2 2 2 2 2 2 2 2 2 2
left_child=1 4 3 7 12 25 21 10 11 13 22 -8 -1 17 19 16 24 -4 20 -6 -12 -7 -2 -24 -9 -3 -27 -13 -14 -23
right_child=2 5 9 -5 14 6 8 15 -10 -11 18 27 28 -15 -16 -17 -18 -19 -20 -21 -22 29 23 -25 -26 26 -28 -29 -30 -31
leaf_value=-0.064785282574094674 -0.053792968509868463 -0.078162774241679375 0.0038232934849773475 0.068943937378653883 -0.035008626719980319 -0.075724717712801995 -0.045863046465993977 -0.032840510258528383 0.12577955353574327 0.086058353540785504 0.015617076834423748 0.11447917406480507 0.080001032915060333 0.07412897063241429 0.031384217035788212 0.086410477069213634 0.085656185241096749 0.065189030362975159 0.081486320413231325 0.027801621197752754 -0.11494746371069342 -0.047421102441307275 -0.040293641626472726 0.082579302406109903 0.080776126474837937 -0.067898901038205062 0.018081916260122063 -0.0038108864023488793 -0.017103514409225477 0.049059220655934141
leaf_weight=1053.555629321374 671.2031142283231 9618.2627163128927 491.80934471916407 1465.5768418051302 454.05726775247604 716.60930227674544 289.45664953673258 188.83746250905097 149.3749251300469 6115.1118497457355 280.35464390646666 72.936756884213537 66.719412837177515 1191.1955383336172 1281.9909321852028 329.50495890155435 102.15283670648932 290.54663488827646 114.60681351087987 190.42481988854706 33.951699206605554 109.9309934717603 183.40564367733896 76.567990720272064 39.822243392467499 268.97861709538847 100.4006078010425 44.081534700933844 102.97163363266736 55.749575648922473
leaf_count=109294 23719 1232191 5744 14735 26109 83473 23832 3035 2182 78898 2372 880 3578 13280 10244 3262 788 2832 1034 2098 268 9129 11199 592 286 26318 1114 778 1619 2505
internal_value=-0.00393998 -0.0580654 0.064218 0.0309588 -0.0111267 -0.0710049 -0.0299334 0.00340489 0.0246374 0.0785518 -0.0201153 -0.0125312 -0.0528744 0.0552926 0.0153817 0.0518506 0.0174274 0.0266129 0.0228824 -0.0164501 0.00151336 -0.0643134 -0.0399206 -0.00410484 -0.0130536 -0.0769189 -0.0445285 0.0699186 0.0210762 -0.0149566
internal_weight=26150.1 14575.5 11574.6 3485.98 3149.72 11425.8 1438.14 2020.41 555.85 8088.66 1360.09 406.475 1223.25 1973.55 1926.47 660.318 330.813 782.356 428.913 644.482 314.306 882.29 931.177 259.974 228.66 9987.64 369.379 117.018 169.691 165.681
internal_count=1697388 1535344 162044 61290 152942 1382402 122779 46555 27672 100754 39184 25490 114491 21856 38451 7371 4109 8576 3674 28207 2640 95107 35510 11791 3321 1259623 27432 1658 5197 11634
is_linear=0
shrinkage=0.08


Tree=30
num_leaves=31
num_cat=0
split_feature=9 6 6 10 9 10 4 13 2 12 2 2 3 15 9 13 1 6 10 12 4 16 16 12 2 16 7 13 7 2
split_gain=13653.3 1362.68 894.6 725.87 487.435 509.155 295.792 248.247 228.795 222.117 148.114 140.528 133.212 125.617 89.7055 123.399 94.661 81.2128 79.9979 90.3205 77.7716 76.3205 76.0675 75.3285 74.6658 73.9625 80.7508 72.5927 72.0405 68.9849
threshold=0.6072751283645631 0.53571429848670971 0.46428571641445165 0.59166666865348827 0.22545801103115085 0.07275132462382318 0.80901724100112926 1.0000000180025095e-35 0.86240702867507946 0.36666667461395269 0.680425524711609 0.90366768836975109 0.67028987407684337 1.0000000180025095e-35 1.0000000180025095e-35 1.0000000180025095e-35 0.92031747102737438 1.0000000180025095e-35 0.21583850681781772 0.63333335518836986 0.64565756916999828 1.0000000180025095e-35 1.0000000180025095e-35 0.22500000149011615 0.88341891765594494 1.0000000180025095e-35 1.5000000000000002 1.0000000180025095e-35 1.5000000000000002 0.98147514462471019
decision_type=2 2 2 2 2 2 2 2 2 2 2 2 2 2 2 2 2 2 2 2 2 2 2 2 2 2 2 2 2 2
left_child=1 8 3 6 21 23 7 17 18 11 12 25 -9 28 16 -16 -10 -2 -1 -20 -5 -3 27 -6 -19 26 -4 -8 -7 -23
right_child=2 4 9 20 5 13 22 10 14 -11 -12 -13 -14 -15 15 -17 -18 24 19 -21 -22 29 -24 -25 -26 -27 -28 -29 -30 -31
leaf_value=-0.075895141639326147 0.0020556240267056423 0.040137408586725973 -0.017546349112942564 0.038860403702770434 -0.077305740045477148 -0.0073014994339648713 -0.0088301751178039862 0.011622895925678058 0.080566706919713807 0.086149321390628072 0.077232081640827566 0.080296742785558095 -0.087331674122346201 -0.033636666041369619 -0.065320665236109743 0.11219690064438803 -0.025119855092033773 -0.067874339129419092 -0.057416892674060305 0.042766006684402912 0.078213105556118642 -0.0050313039632699699 0.096936717739153605 0.0093641666912571298 0.13483542710570787 0.054661554787390126 0.04684066959008381 0.087252204666973213 0.083743021889123206 0.045889902414308417
leaf_weight=9479.7854553703219 146.25961661804467 597.3012486603111 258.87709287973121 434.65385700017214 1084.9082079967484 75.149925543926656 138.32562786061317 466.76827780902386 91.634991232305765 5513.9152843877673 175.04755840729922 798.9851597417146 107.03137048706412 133.90304158488289 271.12677566241473 27.614102180115879 132.90679350495338 621.6196168018505 292.40594062581658 71.720835237763822 1233.5556802777573 895.67707787454128 175.42849481850863 68.215883669443429 11.850980956107376 631.43415177147835 240.44693700037897 79.104859177023172 214.05624790024012 210.23538038413972
leaf_count=1302566 2687 4664 4435 4276 141497 1802 1783 7055 1281 75316 1543 9191 1400 3152 27809 451 1810 32335 28786 2499 15487 8718 1862 1923 80 6094 2182 876 3137 1085
internal_value=-0.00402065 -0.0575234 0.0621548 0.0293514 -0.0125761 -0.0446367 -0.0041688 -0.0200815 -0.0717416 0.077974 0.012816 0.0546142 -0.00683519 0.0304247 -0.0201953 -0.0489118 0.0180106 -0.0516761 -0.0744817 -0.0376842 0.0679597 0.0170944 0.0577462 -0.0721786 -0.064082 0.0364671 0.0134589 0.0261262 0.0600852 0.00464888
internal_weight=24679.9 13646.6 11033.3 3589.65 3279.45 1576.23 1921.44 1528.58 10367.2 7443.66 748.847 1929.74 573.8 423.109 523.283 298.741 224.542 779.73 9843.91 364.127 1668.21 1703.21 392.859 1153.12 633.471 1130.76 499.324 217.43 289.206 1105.91
internal_count=1697782 1531180 166602 69384 165978 151511 49621 45100 1365202 97218 9998 21902 8455 8091 31351 28260 3091 35102 1333851 31285 19763 14467 4521 143420 32415 12711 6617 2659 4939 9803
is_linear=0
shrinkage=0.08


Tree=31
num_leaves=31
num_cat=0
split_feature=9 9 6 9 6 9 12 4 12 5 12 8 0 4 16 5 6 0 5 3 16 0 4 9 6 12 3 12 0 0
split_gain=12162.7 1391.15 932.604 684.148 490.27 287.16 335.948 272.995 257.521 253.787 216.781 209.66 173.792 165.247 170.407 159.722 133.126 121.091 104.685 103.972 101.071 97.0168 84.9025 67.7237 58.4785 134.169 58.0032 54.992 58.132 54.0719
threshold=0.59424430131912243 1.0000000180025095e-35 0.46428571641445165 0.85014972090721141 0.41428571939468389 0.49890829622745519 0.30952382087707525 0.65545505285263073 0.36666667461395269 1.0000000180025095e-35 0.63333335518836986 4.5000000000000009 0.6351073980331422 0.80901724100112926 1.0000000180025095e-35 1.0000000180025095e-35 0.63333335518836986 0.77003204822540294 1.0000000180025095e-35 0.82807883620262157 1.0000000180025095e-35 0.6911335587501527 0.27518594264984136 0.95258533954620372 0.77500000596046459 0.30952382087707525 0.48050633072853094 0.30952382087707525 0.77836257219314586 0.83096903562545787
decision_type=2 2 2 2 2 2 2 2 2 2 2 2 2 2 2 2 2 2 2 2 2 2 2 2 2 2 2 2 2 2
left_child=1 4 3 9 13 24 16 -8 11 10 17 -4 18 -1 -15 -13 -7 -2 23 29 -19 -12 -11 -5 -3 -26 -9 28 -14 -6
right_child=2 5 8 12 19 6 7 26 -10 22 21 15 27 14 -16 -17 -18 20 -20 -21 -22 -23 -24 -25 25 -27 -28 -29 -30 -31
leaf_value=-0.073865681713006087 -0.054339069083746978 -0.078712712530065163 0.068303063600215957 -0.029486647035890406 -0.037557242854046491 -0.072419430305217011 -0.039785483721454948 0.6603890058743227 0.085714012892660743 -0.071794225236760434 -0.0023992896902501099 -0.041212032238463377 -0.010150710619089374 -0.028691970528702444 0.15050015945269024 0.046088507953307704 0.0059087441097844667 -0.018440972897239102 0.085977588072758987 0.02180165740520355 0.10032562581671274 0.075643464026115881 0.1094126099551182 0.045161838898568271 -0.068874180406305663 0.031549576247185233 0.10283958540471165 0.080948097738191477 0.069159299752986347 0.056070716796982389
leaf_weight=744.8124020495452 834.83252992480993 7683.8980988534167 1336.4376904158853 232.37567406333983 312.34095428232104 842.81491304980591 161.26671917270869 1.2030273932032276 5149.4427859727293 18.857624958734959 264.77543448843062 230.0608825571835 93.898022398352623 186.01434473134577 41.551879356149584 321.64481015922502 166.26541961124167 212.01062950538471 106.88909093290567 1674.1141168428585 58.515350545290858 165.76809804793447 135.12531056022272 116.9169789403677 591.15871386229992 99.472436627373099 162.14440389117226 1152.5570183806121 159.82297628372908 45.187968213576823
leaf_count=98197 44669 1156207 15305 1906 20765 115460 16147 69 75506 570 2818 3961 559 11468 855 3703 4693 3956 1201 21115 557 1727 1497 1121 70200 1617 3977 15580 1436 573
internal_value=-0.00374404 -0.0564964 0.0595804 0.026165 -0.00892074 -0.0712178 -0.0367404 0.0340504 0.0764474 -0.0106922 -0.0205085 0.0511749 0.059607 -0.0556364 0.00402716 0.00968424 -0.0595134 -0.0392661 0.0167001 0.0134381 0.0072485 0.0276488 0.087221 -0.00449993 -0.0767085 -0.05441 0.106946 0.0735256 0.039808 -0.0257236
internal_weight=23302.2 12712.2 10589.9 3552.34 3004.02 9708.22 1333.69 324.614 7037.59 1689.88 1535.9 1888.14 1862.46 972.379 227.566 551.706 1009.08 1105.36 456.182 2031.64 270.526 430.544 153.983 349.293 8374.53 690.631 163.347 1406.28 253.721 357.529
internal_count=1697415 1521343 176072 77597 152973 1368370 140346 20193 98475 55794 53727 22969 21803 110520 12323 7664 120153 49182 4228 42453 4513 4545 2067 3027 1228024 71817 4046 17575 1995 21338
is_linear=0
shrinkage=0.08


Tree=32
num_leaves=31
num_cat=0
split_feature=9 9 1 9 7 9 4 13 3 12 8 5 4 12 5 16 4 16 1 16 1 10 0 5 12 13 16 8 8 8
split_gain=11028 1268.99 824.589 482.765 421.423 379.633 320.469 276.807 250.125 227.469 157.048 154.429 152.982 148.444 134.648 106.638 80.4517 79.7796 83.82 76.6725 76.5996 70.372 147.296 68.9864 61.1722 59.9378 79.3879 59.4064 53.7686 47.4731
threshold=0.6072751283645631 1.0000000180025095e-35 0.84028983116149913 0.89377820491790783 1.5000000000000002 0.51119467616081249 0.64346247911453258 1.0000000180025095e-35 0.77015754580497753 0.36666667461395269 5.5000000000000009 1.0000000180025095e-35 0.90595519542694103 0.30952382087707525 1.0000000180025095e-35 1.0000000180025095e-35 0.76384064555168163 1.0000000180025095e-35 0.836786448955536 1.0000000180025095e-35 0.73746865987777721 0.17914438992738727 0.77459675073623668 1.0000000180025095e-35 0.41428571939468389 1.0000000180025095e-35 1.0000000180025095e-35 17.500000000000004 6.5000000000000009 4.5000000000000009
decision_type=2 2 2 2 2 2 2 2 2 2 2 2 2 2 2 2 2 2 2 2 2 2 2 2 2 2 2 2 2 2
left_child=1 4 3 8 14 21 -7 11 13 12 25 -8 23 -2 16 20 -1 -6 -19 -18 -15 -3 -23 29 28 26 -10 -25 -5 -4
right_child=2 5 9 24 17 6 7 -9 10 -11 -12 -13 -14 15 -16 -17 19 18 -20 -21 -22 22 -24 27 -26 -27 -28 -29 -30 -31
leaf_value=-0.069363102377963087 -0.050688635560030372 -0.077214990214287113 0.024556784803248882 0.049742744020052569 0.046598374915578618 -0.066309701426645662 -0.048567695254866927 0.10776367936888553 0.004283258816882721 0.084180016100132884 -0.034034349250839577 0.064150775895178105 0.075143184534203891 0.007375893786304437 0.018533013280151153 0.07747575151374142 -0.041197069634018479 -0.042907086936620015 0.017072061170653925 0.04410642848292002 -0.057433616225210739 -0.060734782154525165 0.10263896185598653 0.061845514217296116 0.072440468844853459 0.089152030944306071 0.093761760058795329 -0.049557561722399321 -0.032376399453424624 -0.028315693920189303
leaf_weight=693.07380239805207 555.12234226241708 7729.9518796987832 335.19690287252888 220.80705169215798 473.81268952274695 625.59327854169533 288.82743372675031 155.56986059481278 183.11511709727347 4863.3694687988609 141.92494432581589 106.46216954058036 820.93493000231683 475.72938835900277 203.63809889275581 108.10053256712854 396.95648328447714 178.1611068258062 914.70651956973597 81.235400911886245 154.65991445211694 233.98886606842279 41.597857844084501 358.36346539761871 1047.9793516471982 250.39781282190233 97.115365052595735 33.498756911605597 66.367031566798687 160.83362692408264
leaf_count=92899 32069 1227940 3888 1536 5995 84322 28765 3450 2664 77671 3400 1780 10693 6687 2430 1157 27975 11642 8600 3335 1529 30519 1509 4058 13834 3096 812 523 383 2314
internal_value=-0.00379514 -0.0549133 0.0589723 0.0263522 -0.00918543 -0.0695629 -0.0271292 0.0173669 0.00114243 0.0753578 0.0407153 -0.0182096 0.0502496 -0.0194316 -0.0415085 0.00406427 -0.0519474 0.019181 0.00729416 -0.0267057 -0.00852449 -0.0757988 -0.0360747 0.0272334 0.0634766 0.0607082 0.0352925 0.0523221 0.0307647 0.00741334
internal_weight=21997.1 12123.6 9873.52 3301.32 2941.58 9181.99 1176.45 550.859 1966.17 6572.2 672.553 395.29 1708.83 1293.61 1374.9 738.49 1171.27 1566.68 1092.87 478.192 630.389 8005.54 275.587 887.893 1335.15 530.628 280.23 391.862 287.174 496.031
internal_count=1697475 1531161 166314 67167 152876 1378285 118317 33995 51414 99147 9972 30545 21476 41442 126639 9373 124209 26237 20242 31310 8216 1259968 32028 10783 15753 6572 3476 4581 1919 6202
is_linear=0
shrinkage=0.08


Tree=33
num_leaves=31
num_cat=0
split_feature=9 6 1 9 13 9 10 13 2 9 2 6 9 0 1 3 0 0 6 13 13 1 3 4 9 6 7 8 4 16
split_gain=9958.55 1460.67 460.675 356.399 350.812 403.644 370.983 333.305 270.649 219.023 190.005 178.742 161.978 157.636 153.444 115.462 167.057 102.825 96.6889 89.0937 88.3143 87.4944 85.2763 83.5962 86.0259 78.7642 76.9735 73.4965 72.939 89.1663
threshold=0.70031845569610607 0.53571429848670971 0.85313725471496593 0.55391839146614086 1.0000000180025095e-35 0.20766969025135043 0.07275132462382318 1.0000000180025095e-35 0.680425524711609 1.0000000180025095e-35 0.81375637650489818 0.46428571641445165 0.94759726524353038 0.61938297748565685 0.6789083480834962 0.67028987407684337 0.60640108585357677 0.72821971774101268 0.38750000298023229 1.0000000180025095e-35 1.0000000180025095e-35 0.89039039611816417 0.9529346525669099 0.90595519542694103 0.89377820491790783 0.30952382087707525 1.5000000000000002 7.5000000000000009 0.86319074034690868 1.0000000180025095e-35
decision_type=2 2 2 2 2 2 2 2 2 2 2 2 2 2 2 2 2 2 2 2 2 2 2 2 2 2 2 2 2 2
left_child=1 3 8 9 5 -3 -7 28 11 10 22 12 15 18 -15 16 -2 -16 -9 27 23 -12 -1 24 -4 -17 -8 -10 -5 -30
right_child=2 4 20 7 -6 6 26 13 19 -11 21 -13 -14 14 17 25 -18 -19 -20 -21 -22 -23 -24 -25 -26 -27 -28 -29 29 -31
leaf_value=-0.061898050936444148 -0.040709984843323409 0.014875799996893122 0.018710489159245398 -0.061301341075348063 0.082442912006574415 -0.07281437722089594 -0.037011598531345044 -0.039918950213934538 0.046439901871902597 -0.07692964249045478 0.084841754318966969 0.063092289898230916 0.056146295924498053 0.31859163116557387 0.0029217223745034416 -0.11166292852429396 0.041722929129831998 0.11626032236699625 0.20487893258863074 0.078442745566643601 0.084119177797770089 -0.011557855091162375 0.10612977289922126 0.079382805784472585 0.069469633166919509 -0.0021281740464019427 0.037315111621015723 -0.054144425057304053 -0.030929958407909838 0.17944355312241719
leaf_weight=880.61735150078312 352.65341171249747 1685.281157637015 420.24215852282941 714.16492122132331 279.10396687081084 915.04269059561193 123.9556022407487 149.74371143104509 474.50374841503799 6785.8006051555276 83.594497909769416 337.7986605707556 226.44521693140268 16.131707123480737 97.694592739455402 125.98577216546983 284.0947200814262 107.71284036431462 11.091043484397231 853.35879499651492 3819.7396079041064 215.84304745402187 19.764489124063402 907.41899399086833 434.7570074647665 63.03747190721333 317.78247705567628 51.543112407438457 46.189489187672734 17.887939440086484
leaf_count=128025 7665 14056 4379 70558 3453 143259 3500 8093 4598 1178576 3314 3689 2609 361 2422 1579 2861 964 130 12381 66234 6161 1493 13866 5916 1107 4909 497 948 162
internal_value=-0.00355242 -0.0488375 0.06405 -0.0653382 -0.00339577 -0.0112713 -0.0437491 -0.0239146 0.0373747 -0.0713586 -0.0398504 0.0124612 -0.00379322 0.0372471 0.0810132 -0.02023 -0.00393131 0.0623549 -0.0230379 0.0624798 0.0772841 0.0153542 -0.0582096 0.0624703 0.0445209 -0.0751341 0.0164584 0.0365845 -0.0539652 0.0277982
internal_weight=20819 12467.4 8351.58 9146.24 3321.17 3042.06 1356.78 1160.62 2769.42 7985.62 1199.82 1390.02 1052.22 382.374 221.539 825.771 636.748 205.407 160.835 1379.41 5582.16 299.438 900.382 1762.42 854.999 189.023 441.738 526.047 778.242 64.0774
internal_count=1697765 1570384 127381 1401207 169177 165724 151668 83638 36986 1317569 138993 19510 15821 11970 3747 13212 10526 3386 8223 17476 90395 9475 129518 24161 10295 2686 8409 5095 71668 1110
is_linear=0
shrinkage=0.08


Tree=34
num_leaves=31
num_cat=0
split_feature=10 6 1 10 16 0 6 14 10 12 7 1 0 8 10 0 13 5 5 13 7 14 1 0 6 0 5 12 13 1
split_gain=8706.07 1381.6 679.764 353.682 267.763 220.023 209.689 205.721 343.456 163.624 152.546 144.49 142.405 131.85 121.609 162.334 161.801 118.246 111.314 88.5365 98.6022 84.6908 80.3977 127.683 97.5096 79.6369 76.9024 76.8478 62.0147 60.6
threshold=0.24264705926179889 0.53571429848670971 0.84028983116149913 0.59166666865348827 1.0000000180025095e-35 0.87762087583541881 0.46428571641445165 1.0000000180025095e-35 0.13961039483547213 0.36666667461395269 1.5000000000000002 0.91331186890602123 0.67942845821380626 5.5000000000000009 0.15192308276891711 0.6351073980331422 1.0000000180025095e-35 1.0000000180025095e-35 1.0000000180025095e-35 1.0000000180025095e-35 2.5000000000000004 1.0000000180025095e-35 0.74322345852851879 0.76689496636390697 0.21111111342906955 0.94185259938240062 1.0000000180025095e-35 0.41428571939468389 1.5000000000000002 0.68801230192184459
decision_type=2 2 2 2 2 2 2 2 2 2 2 2 2 2 2 2 2 2 2 2 2 2 2 2 2 2 2 2 2 2
left_child=1 5 3 6 10 14 12 8 -6 18 17 -7 28 -8 21 -16 -17 -3 -4 20 -12 -1 24 -24 -14 -13 -23 -5 -2 -18
right_child=2 4 9 27 7 11 13 -9 -10 -11 19 25 22 -15 15 16 29 -19 -20 -21 -22 26 23 -25 -26 -27 -28 -29 -30 -31
leaf_value=-0.076909415852224286 -0.044127728441257612 -0.051986408827886951 0.023022841436016944 0.018574287572690185 -0.072022910017227354 0.056687645138241649 0.073246720085279368 0.0020144144515861573 0.050335031311346298 0.083543639495329419 0.025260465810200378 -0.058485226638113889 0.12046956650798127 -0.036786933978446894 -0.066315401810249822 -0.039216979328567367 0.23020874873449057 0.042963451275044487 0.069916224058706802 0.10645451091017086 0.13896144518824285 -0.054660595806669258 -0.059354980253997221 0.056550695106074932 -0.041650147652822427 0.029954467612251595 0.091767319428392946 0.066942554418373476 0.056382593983072202 0.056554359631918627
leaf_weight=5796.4359187516384 682.37573410430923 226.71197853982449 533.51452657487243 262.32366589456797 772.77880796790123 131.14569731103256 320.62410770636052 1097.523888958618 181.25779965147376 4090.9080899129622 620.85169423837215 314.65760971792042 87.638500138185918 89.054940391331911 640.03392205620185 207.97418783744797 14.711954886559395 133.29466616408899 824.86734308628365 129.37436965759844 52.978667374234647 912.68673541257158 126.01875620149076 117.58501508552581 32.567774714436382 82.181930983904749 23.546937269158661 1058.5826468020678 41.687551707960665 102.23497368581593
leaf_count=1078018 32795 10832 6992 2089 123647 7123 4195 9547 2288 76050 17015 29027 910 2238 91641 19321 502 3424 12256 1557 459 134021 2886 1764 1096 1868 1670 15402 532 5143
internal_value=-0.00348851 -0.0486899 0.0590583 0.027162 -0.00421957 -0.06607 0.000546465 -0.0216047 -0.0487761 0.0755555 0.0264426 -0.0161117 -0.017824 0.0493279 -0.0694967 -0.0429363 0.00311625 -0.0168306 0.0514985 0.0458382 0.0342 -0.0733034 0.0230092 -0.00340851 0.0765461 -0.0401702 -0.0509778 0.0573369 -0.0383409 0.0784001
internal_weight=19708.1 11440.4 8267.75 2818.46 3214.77 8225.61 1497.55 2051.56 954.037 5449.29 1163.21 527.985 1087.87 409.679 7697.62 964.955 324.921 360.007 1358.38 803.205 673.83 6732.67 363.81 243.604 120.206 396.84 936.234 1320.91 724.063 116.947
internal_count=1696308 1537103 159205 63907 168769 1368334 46416 135482 125935 95298 33287 38018 39983 6433 1330316 116607 24966 14256 19248 19031 17474 1213709 6656 4650 2006 30895 135691 17491 33327 5645
is_linear=0
shrinkage=0.08


Tree=35
num_leaves=31
num_cat=0
split_feature=10 6 1 10 2 13 14 10 16 13 10 4 13 4 13 2 10 1 1 5 15 14 8 6 2 16 5 10 14 1
split_gain=7776.86 1314.77 670.671 334.359 260.333 231.123 310.29 299.836 195.095 134.3 118.325 150.583 120.55 114.452 112.776 134.715 94.1926 92.0747 92.0535 90.0216 84.8498 80.8039 76.8449 74.0905 72.4364 67.3813 67.011 65.8467 79.3581 63.4654
threshold=0.24264705926179889 0.53571429848670971 0.84028983116149913 0.59166666865348827 0.86240702867507946 1.0000000180025095e-35 1.0000000180025095e-35 0.07275132462382318 1.0000000180025095e-35 1.0000000180025095e-35 0.16228070110082629 0.59870129823684703 1.0000000180025095e-35 0.89512962102890026 1.0000000180025095e-35 0.59896907210350048 0.60769233107566845 0.61311829090118419 0.90521115064620983 1.0000000180025095e-35 1.0000000180025095e-35 1.0000000180025095e-35 7.5000000000000009 0.41428571939468389 0.88341891765594494 1.0000000180025095e-35 1.0000000180025095e-35 0.097619049251079573 1.0000000180025095e-35 0.72834226489067089
decision_type=2 2 2 2 2 2 2 2 2 2 2 2 2 2 2 2 2 2 2 2 2 2 2 2 2 2 2 2 2 2
left_child=1 4 3 8 10 6 7 -3 14 13 21 -12 19 16 24 -16 -4 -10 27 -13 -9 -1 -5 -23 -2 -22 -25 28 -6 -17
right_child=2 5 9 22 18 -7 -8 20 17 -11 11 12 -14 -15 15 29 -18 -19 -20 -21 25 23 -24 26 -26 -27 -28 -29 -30 -31
leaf_value=-0.076365378145326554 -0.052046410631326694 -0.067930225226165875 0.012536103116392949 0.064481206015280068 -0.059552116001088749 0.074952747023010038 0.012630624057916404 0.041445882627309291 -0.033812578726073593 0.083317840352419459 -0.069817789383993648 -0.050672997492421587 0.057285350984532322 0.07612113040582838 -0.029466259356179962 0.084388062627683877 0.067623934674793496 0.072140653146305286 -0.033433706637469411 0.15058564380711165 -0.095692002066943352 -0.063418359536975125 0.011666511569166725 -0.022562140307107653 0.081928169021227987 0.015123116928175096 0.14245695705513092 0.13246134522279554 0.067922096570915552 0.010602718371944342
leaf_weight=5472.9611770589836 477.99605746846646 826.98078977735713 497.66351687163115 1039.7508268440142 55.36023734556511 221.79361176723614 1683.2018905496225 273.3205741615966 64.681430458556861 3428.4066388104111 501.54385489085689 217.20262542739511 136.22703035548329 865.95486539788544 328.21107464423403 138.67174288909882 330.61916982475668 278.5373041308485 322.1407212507911 15.220614426769314 63.919296960346401 669.15164933819324 212.31672743521631 197.64221587684005 27.303375919349492 77.934606850612909 17.112819883972406 37.979593670926988 71.783169208094478 161.48895833222196
leaf_count=1093892 23935 143733 7299 14909 8368 2791 13761 5005 4885 68475 78097 22529 7411 14636 8197 1819 5042 5303 21515 209 2097 108521 2460 26584 259 1284 954 878 913 2195
internal_value=-0.003511 -0.0473594 0.0571465 0.0251123 -0.0651373 -0.00378215 -0.00975164 -0.0400811 -0.000670962 0.074212 -0.0689533 -0.0412864 -0.00246979 0.0557856 -0.0166695 0.00595716 0.0345251 0.0521732 -0.00853888 -0.0374932 0.0153913 -0.0727406 0.0555253 -0.050297 -0.0448072 -0.0348101 -0.00941254 0.0400288 0.0124178 0.0446909
internal_weight=18713.1 10861.5 7851.6 2728.96 7714.33 3147.15 2925.36 1242.16 1476.89 5122.64 7227.06 870.194 368.65 1694.24 1133.67 628.372 828.283 343.219 487.264 232.423 415.174 6356.87 1252.07 883.907 505.299 141.854 214.755 165.123 127.143 300.161
internal_count=1697956 1538542 159414 63962 1369871 168671 165880 152119 46593 95452 1338197 108246 30149 26977 36405 12211 12341 10188 31674 22738 8386 1229951 17369 136059 24194 3381 27538 10159 9281 4014
is_linear=0
shrinkage=0.08


Tree=36
num_leaves=31
num_cat=0
split_feature=10 6 1 12 4 16 8 6 14 10 12 7 10 4 13 4 0 6 0 5 14 13 14 6 13 7 10 5 0 1
split_gain=7020.95 1212.14 613.784 329.174 245.934 207.76 199.99 185.039 176.812 280.166 163.684 129.864 128.771 139.869 118.586 111.758 100.606 98.8312 111.753 90.5926 87.2956 85.0782 80.6435 74.9104 72.2278 73.7193 72.0601 67.2788 65.5713 60.0353
threshold=0.24264705926179889 0.53571429848670971 0.85313725471496593 0.63333335518836986 0.87762087583541881 1.0000000180025095e-35 6.5000000000000009 0.46428571641445165 1.0000000180025095e-35 0.13961039483547213 0.36666667461395269 1.5000000000000002 0.15192308276891711 0.59870129823684703 1.0000000180025095e-35 0.91331186890602123 0.78830561041831981 0.26785714924335485 0.59417229890823375 1.0000000180025095e-35 1.0000000180025095e-35 1.0000000180025095e-35 1.0000000180025095e-35 0.41428571939468389 1.0000000180025095e-35 2.5000000000000004 0.12132352963089944 1.0000000180025095e-35 0.72821971774101268 0.92031747102737438
decision_type=2 2 2 2 2 2 2 2 2 2 2 2 2 2 2 2 2 2 2 2 2 2 2 2 2 2 2 2 2 2
left_child=1 4 3 6 12 11 7 16 9 -7 15 19 20 -14 -15 -4 -2 18 -5 -3 -1 22 26 -22 25 -13 -6 -8 -16 -24
right_child=2 5 10 17 21 8 27 -9 -10 -11 -12 24 13 14 28 -17 -18 -19 -20 -21 23 -23 29 -25 -26 -27 -28 -29 -30 -31
leaf_value=-0.076201076240545298 -0.022695009593330977 -0.049347839591321351 0.026188106778974016 -0.012703006707748123 -0.072632644658693374 -0.070116379900643691 -0.049967130672490305 0.059664901254228665 0.0014373504006288274 0.042728077375860769 0.082596104180469948 0.023138832416256513 -0.067311645235817313 -0.038435644842685364 0.01841093349566307 0.075391991508161699 0.059613737670782138 0.082153859746169081 0.057130101022159797 0.03539878995366097 -0.062277747956435543 0.10208314046949042 0.074424199983733272 -0.0076029940810552026 0.098099386220005164 0.12264559912704563 0.031393907552541636 0.099098543631586433 0.13482439507976893 -0.014285122882932853
leaf_weight=5000.9554432178847 518.61243386333808 216.77232013316825 659.02979051368311 206.10461494047195 199.4858886487782 685.37551722535864 431.57835234329104 445.0334439589642 1100.9977615419775 177.22027811175212 3457.6600060565397 620.66957039805129 498.75036035617813 234.7932240543887 104.51721776742488 535.48164775967598 116.36664306605235 547.77180621400476 508.5144503749907 128.63331536017358 634.51857003150508 39.763101513963193 74.150434992741793 214.62816366925836 120.2366034835577 51.611466295551509 54.195469729136676 20.288677196484059 44.003444691188633 142.96062512369826
leaf_count=1080099 18439 10894 9090 2953 31404 124058 20428 5878 9555 2280 74395 17035 83183 24870 7687 9172 1561 9572 7112 3452 108379 583 1061 27333 1574 465 1029 327 828 2661
internal_value=-0.00325768 -0.0458976 0.0559757 0.0263399 -0.0638182 -0.00404912 0.00141386 0.0201109 -0.0198113 -0.0469325 0.0737761 0.0231499 -0.0678779 -0.0393839 -0.00304563 0.0482455 -0.00761106 0.056587 0.0369894 -0.0177872 -0.0721742 -0.0102873 -0.0197782 -0.0484583 0.0409917 0.030778 -0.0504088 -0.0432741 0.0529017 0.016012
internal_weight=17790.7 10344.2 7446.44 2794.27 7242.72 3101.52 1531.88 1080.01 1963.59 862.596 4652.17 1137.92 6732.17 882.064 383.314 1194.51 634.979 1262.39 714.619 345.406 5850.1 510.556 470.792 849.147 792.518 672.281 253.681 451.867 148.521 217.111
internal_count=1697357 1538430 158927 66270 1369117 169313 46633 25878 135893 126338 92657 33420 1332379 116568 33385 18262 20000 19637 10065 14346 1215811 36738 36155 135712 19074 17500 32433 20755 8515 3722
is_linear=0
shrinkage=0.08


Tree=37
num_leaves=31
num_cat=0
split_feature=9 6 9 6 13 9 9 13 9 9 16 0 12 1 8 6 6 0 1 4 12 16 0 1 8 6 3 10 1 4
split_gain=6659.9 1209.1 368.369 355.42 256.69 256.238 329.118 246.513 228.275 222.489 217.505 164.075 149.27 135.261 133.245 121.079 93.6916 81.4711 111.257 77.4538 75.2568 70.0357 65.7831 65.2445 62.0792 61.9103 58.5459 55.7472 54.8015 53.6345
threshold=0.71885213255882274 0.53571429848670971 0.55391839146614086 0.38750000298023229 1.0000000180025095e-35 0.20766969025135043 0.46120400726795202 1.0000000180025095e-35 0.91184088587760936 1.0000000180025095e-35 1.0000000180025095e-35 0.82009246945381176 0.36666667461395269 0.88047617673873912 4.5000000000000009 0.30952382087707525 0.81666666269302379 0.67942845821380626 0.72613638639450084 0.86319074034690868 0.63333335518836986 1.0000000180025095e-35 0.60640108585357677 0.65599384903907787 3.5000000000000004 0.46428571641445165 0.95488464832305919 0.21583850681781772 0.92907443642616283 0.63453349471092235
decision_type=2 2 2 2 2 2 2 2 2 2 2 2 2 2 2 2 2 2 2 2 2 2 2 2 2 2 2 2 2 2
left_child=1 2 9 8 5 -3 -7 19 10 11 20 25 14 24 -5 17 -16 -9 -19 -4 -2 -21 -10 -12 -13 -1 -15 -11 -27 -29
right_child=3 4 7 12 -6 6 -8 15 22 27 23 13 -14 26 16 -17 -18 18 -20 21 -22 -23 -24 -25 -26 28 -28 29 -30 -31
leaf_value=-0.069847961194109465 -0.028413427419741219 0.011405346360974853 -0.056016370147620086 0.066277641530312847 0.072480677538361932 -0.070869686770788698 0.01594480275312243 -0.023316516526461467 0.019539307140443992 -0.077134273246664026 -0.03626080953155187 0.17552751344008627 0.082224106518475323 -0.02624564015447101 -0.031789552510728125 0.10920948058794039 0.050737674733806755 0.2373155346161169 0.025365055719824656 -0.021451517872007459 0.020348681543962993 0.15072987866056775 0.073358919946854298 0.080031011104385638 -0.014671626495267279 -0.030915197979841592 0.08597788417855888 -0.067226616256003721 0.11109617344370143 0.030084338786097713
leaf_weight=528.95907602831721 552.88288979558274 1685.2767274659127 658.50782255642116 853.726801850833 273.7827723682858 721.32200287422165 456.2539993301034 209.58649184554815 180.30415910482407 4923.5603177603334 34.723110311664641 41.681989192496985 3189.6979254186153 222.27044345811009 183.40454119537026 94.539608840364963 169.32270406186581 19.019791088066995 95.118588226847351 48.490764260757715 319.69011571630836 21.968911438249052 749.74305135384202 278.70492028584704 14.911777459550647 160.22493576817214 34.349221184849739 89.166303171310574 19.508553676307201 61.081035968381912
leaf_count=99754 8397 14099 73077 12333 4083 138857 13300 10161 2067 1159300 1535 2260 72487 11412 1950 1273 2306 165 1145 944 3388 206 13597 4550 1154 22997 200 13809 1294 4712
internal_value=-0.00322644 -0.0430152 -0.0609834 0.0601915 -0.00152388 -0.00860115 -0.0372333 -0.0193961 0.0332532 -0.0688103 0.00998475 -0.0347542 0.073158 0.0134643 0.0491885 0.0295607 0.0078267 0.00630027 0.0606841 -0.0474864 -0.0105481 0.0322336 0.0629251 0.0671476 0.125412 -0.0560649 -0.0112242 -0.0756694 -0.0155011 -0.0276662
internal_weight=16891.8 10379.6 7242.95 6512.2 3136.64 2862.85 1177.58 1147.23 2116.05 6095.71 1186 1021.91 4396.15 313.213 1206.45 418.264 352.727 323.725 114.138 728.967 872.573 70.4597 930.047 313.428 56.5938 708.693 256.62 5073.81 179.733 150.247
internal_count=1696812 1574202 1403863 122610 170339 166256 152157 86971 33534 1316892 17870 139071 89076 15026 16589 12744 4256 11471 1310 74227 11785 1150 15664 6085 3414 124045 11612 1177821 24291 18521
is_linear=0
shrinkage=0.08


Tree=38
num_leaves=31
num_cat=0
split_feature=9 2 5 9 9 2 13 13 9 9 12 7 9 16 5 15 2 16 0 12 8 10 3 2 5 2 3 5 3 8
split_gain=5940.49 1052.49 363.113 317.707 454.488 296.476 289.625 256.912 221.693 278.805 205.873 135.599 122.768 124.264 122.759 102.643 100.502 91.4201 87.2315 65.3287 59.1441 56.0478 54.1306 80.2299 52.6187 50.8765 46.2434 45.9692 45.8073 42.2087
threshold=0.71885213255882274 0.82574188709259044 1.0000000180025095e-35 0.5397799313068391 1.0000000180025095e-35 0.680425524711609 1.0000000180025095e-35 1.0000000180025095e-35 1.0000000180025095e-35 0.46120400726795202 0.41428571939468389 1.5000000000000002 0.94759726524353038 1.0000000180025095e-35 1.0000000180025095e-35 1.0000000180025095e-35 0.92718276381492626 1.0000000180025095e-35 0.59417229890823375 0.63333335518836986 17.500000000000004 0.23303167521953586 0.63686314225196849 0.6482679843902589 1.0000000180025095e-35 0.5388936996459962 0.96609193086624157 1.0000000180025095e-35 0.89619252085685741 2.5000000000000004
decision_type=2 2 2 2 2 2 2 2 2 2 2 2 2 2 2 2 2 2 2 2 2 2 2 2 2 2 2 2 2 2
left_child=1 3 5 4 11 12 8 14 -3 -10 16 27 13 19 -5 -11 -7 -17 -9 -2 26 -6 -20 -24 -23 -21 -16 -1 -8 -13
right_child=2 6 -4 7 21 10 28 18 9 15 -12 29 -14 -15 20 17 -18 -19 22 25 -22 24 23 -25 -26 -27 -28 -29 -30 -31
leaf_value=-0.055545720685904042 -0.040477380336829731 0.018174803853968483 0.079414256733258914 -0.058809902910986277 -0.076741732957853165 0.0092217354945975227 0.17427659796756612 -0.022247937193143993 -0.06891706158776191 0.054190383937921159 0.076748160134812005 0.040266933037104567 0.057417422260243135 0.047407071651450916 0.12649946839282372 -0.094824781426961796 0.08017291713702869 0.033970978424946605 0.11633139336593734 -0.029417670844381148 -0.082958654940629609 -0.031128728213307859 -0.030976066198169925 0.067152816022081896 0.19647854105038329 0.037013004041573871 0.0091248430822814669 -0.00076494378761305379 0.075767841432984054 -0.008635312787428245
leaf_weight=655.65650911768898 427.64385708933696 1228.5347260986455 2841.4040493723005 708.54941950505599 4696.3139336486347 585.54333598352969 36.054148882860318 147.73607177659869 563.67180207697675 225.51784080686048 1387.7877954728901 143.17143125692382 263.3173856139183 226.94076981581748 39.297067034989595 73.21101389429532 163.43445040658116 68.061013241531327 66.671996088698506 130.29846784099936 22.607088305521756 85.138068835716695 79.41889028949663 162.28928103903309 7.0378692550584665 170.11244873329997 47.38735060300678 115.27349886391312 186.41127261333168 535.31089675519615
leaf_count=117333 7050 12688 66601 86923 1173566 5125 687 9155 116940 5858 31040 5571 4021 4034 462 3244 2324 2299 2009 1001 1392 10241 2350 2053 153 1725 978 1995 3451 15530
internal_value=-0.00305149 -0.0415219 0.0583705 -0.0562137 -0.0636489 0.0405486 0.00482054 -0.0198079 -0.004135 -0.0335917 0.0585057 -0.0243993 0.00905432 -0.00428066 -0.0466371 0.0206952 0.024704 -0.0327745 0.0282983 -0.0203922 0.0322807 -0.0755292 0.0525136 0.0349103 -0.0137503 0.00819975 0.0623349 -0.0473546 0.0917328 0.0016839
internal_weight=16089.8 9893.32 6196.48 7511.86 6237.9 3355.08 2381.46 1273.96 2159 930.462 2136.77 1449.41 1218.31 954.996 817.841 366.79 748.978 141.272 456.116 728.055 109.292 4788.49 308.38 241.708 92.1759 300.411 86.6844 770.93 222.465 678.482
internal_count=1697799 1574878 122921 1429711 1324389 56320 145167 105322 141029 128341 38489 140429 17831 13810 89755 11401 7449 5543 15567 9776 2832 1183960 6412 4403 10394 2726 1440 119328 4138 21101
is_linear=0
shrinkage=0.08


Tree=39
num_leaves=31
num_cat=0
split_feature=9 6 5 9 2 12 9 12 13 9 9 2 15 9 2 16 2 16 5 16 4 4 16 6 6 3 2 16 15 7
split_gain=5320.45 1040.62 365.077 347.139 289.216 267.059 255.453 224.275 215.926 200.026 283.285 152.084 118.855 105.951 102.694 97.3928 90.8068 81.4166 73.0481 68.5077 68.4986 57.6682 121.425 54.0261 50.6234 92.9552 49.3262 54.5223 48.8232 48.3857
threshold=0.71885213255882274 0.58571431040763866 1.0000000180025095e-35 0.5397799313068391 0.86240702867507946 0.30952382087707525 1.0000000180025095e-35 0.63333335518836986 1.0000000180025095e-35 0.22545801103115085 0.46120400726795202 0.75513628125190746 1.0000000180025095e-35 0.94759726524353038 0.55403152108192455 1.0000000180025095e-35 0.76028168201446544 1.0000000180025095e-35 1.0000000180025095e-35 1.0000000180025095e-35 0.88493064045906078 0.7933771312236787 1.0000000180025095e-35 0.46428571641445165 0.21111111342906955 0.55488622188568126 0.98147514462471019 1.0000000180025095e-35 1.0000000180025095e-35 1.5000000000000002
decision_type=2 2 2 2 2 2 2 2 2 2 2 2 2 2 2 2 2 2 2 2 2 2 2 2 2 2 2 2 2 2
left_child=1 3 4 6 7 21 11 13 9 26 -11 20 -12 15 24 28 18 -13 23 -14 -1 -5 -23 -7 25 -9 27 -3 -2 -10
right_child=2 8 -4 5 -6 16 -8 14 29 10 12 17 19 -15 -16 -17 -18 -19 -20 -21 -22 22 -24 -25 -26 -27 -28 -29 -30 -31
leaf_value=-0.060918709292281208 -0.0047203084099338485 0.024992900610060757 0.07871257013974324 -0.062440464986566226 0.075212848528175447 -0.009846780068954869 -0.0756713401859722 0.0077445868768524729 0.0032509287717892282 -0.069672224301053978 0.045454906402995897 -0.014934091255325764 -0.10352616621243538 0.055877022154928992 0.067141747263256363 0.029286399189656951 0.093742563441434223 0.065522053310445652 0.14885957378941483 0.0016209473798974589 0.11316497751764941 -0.048748949790171095 0.13908020890079362 0.095072338316028737 0.073369330588226631 -0.17054631129396858 0.037970694373618455 -0.0087908586461244061 -0.044806602970758037 0.087748783849467549
leaf_weight=556.98997389292344 408.07887986768037 464.28334476333112 2645.6647844007239 559.88168075215071 968.03269518911839 338.24588627181947 4284.7456625697669 177.09501548856497 55.547574415802956 625.57370962644927 280.79617792088538 278.77680799597874 65.590057372581214 190.71974727883935 724.14577477052808 308.43756909156218 99.725542579777539 113.1750251352787 22.330081509891897 100.30351047683507 14.851614898070691 85.291042481549084 29.696906096767634 34.625943534541875 58.923930767923594 20.926765855401754 313.0103818802163 895.25251913326792 371.4537095152773 197.86349317478016
leaf_count=112085 5602 3979 66563 84275 21789 13573 1159320 1703 721 138281 6563 22535 1756 2562 14324 4265 1104 3888 273 4985 542 4808 542 581 863 161 1817 8687 4978 3366
internal_value=-0.00307058 -0.0403408 0.0566822 -0.0585173 0.0386251 -0.0191084 -0.0673008 0.0229519 -0.00142999 -0.00795329 -0.0349254 -0.0300876 0.0137363 0.000875928 0.0517242 -0.00876569 0.0255268 0.0082974 0.00831318 -0.0399515 -0.0563975 -0.0518424 -0.000239998 -0.000103691 0.00827317 -0.011097 0.00933844 0.00274634 -0.0238218 0.0692269
internal_weight=15290 9416.56 5873.48 6418.34 3227.81 1169.8 5248.54 2259.78 2998.22 2744.81 1072.26 963.793 446.69 1278.69 981.091 1087.97 494.927 391.952 395.202 165.894 571.842 674.87 114.988 372.872 256.946 198.022 1672.55 1359.54 779.533 253.411
internal_count=1696491 1573681 122810 1403526 56247 105156 1298370 34458 170155 166068 151585 139050 13304 17407 17051 14845 15531 26423 14427 6741 112627 89625 5350 14154 2727 1864 14483 12666 10580 4087
is_linear=0
shrinkage=0.08


Tree=40
num_leaves=31
num_cat=0
split_feature=10 6 1 10 14 0 13 16 10 2 12 14 10 13 1 0 4 16 12 2 16 15 16 13 12 2 10 2 8 5
split_gain=4602.42 993.779 364.277 274.123 224.092 205.61 189.737 181.912 160.885 146.713 146.073 134.263 287.16 122.119 101.827 107.538 93.6989 89.366 81.7007 73.6094 71.206 65.0891 91.1808 59.7869 59.2082 103.007 114.515 57.7141 54.5267 52.5386
threshold=0.31414473056793218 0.58571431040763866 0.85313725471496593 0.16228070110082629 1.0000000180025095e-35 0.65806129574775707 1.0000000180025095e-35 1.0000000180025095e-35 0.62019231915473949 0.73546314239501964 0.36666667461395269 1.0000000180025095e-35 0.057189542800188072 1.0000000180025095e-35 0.70659971237182628 0.72821971774101268 0.91734972596168529 1.0000000180025095e-35 0.41428571939468389 0.76384064555168163 1.0000000180025095e-35 1.0000000180025095e-35 1.0000000180025095e-35 1.5000000000000002 0.41428571939468389 0.74736374616622936 0.07275132462382318 0.55403152108192455 12.500000000000002 1.0000000180025095e-35
decision_type=2 2 2 2 2 2 2 2 2 2 2 2 2 2 2 2 2 2 2 2 2 2 2 2 2 2 2 2 2 2
left_child=1 3 7 4 24 23 11 8 19 -6 16 12 -3 17 -15 -16 -4 -7 -10 -2 -11 -14 -23 -5 -1 29 -27 -20 -13 -26
right_child=2 6 10 5 9 13 -8 -9 18 20 -12 28 21 14 15 -17 -18 -19 27 -21 -22 22 -24 -25 25 26 -28 -29 -30 -31
leaf_value=-0.077438869832328408 -0.02316158890290685 -0.064923428816639608 0.020887045057043668 -0.052525843862308776 -0.058972076571573315 -0.037504116997684953 0.066129986720726189 0.068358842017765695 -0.010174526683296716 -0.015764512151703807 0.081401188147804698 0.012568203753604625 0.038020121397363167 0.19984242536219871 -0.039488233447791038 0.091747152025848253 0.074360644689664662 0.071037742570963916 0.008698827322454028 0.040427733085275142 0.056084771786242868 -0.088151544449087904 0.027399171077618589 0.11655882976638748 -0.066004780539551527 -0.046791832614790335 0.1437667198251206 0.069877159257683549 -0.039613723779754847 0.12764675553431837
leaf_weight=3273.7522396980785 623.48814677307382 604.98025798425078 501.86645260127261 717.47443653130904 496.15809140028432 236.06363256950863 253.32611975073814 540.91804913571104 153.18222584296018 308.75785256689414 2509.7713594418019 1523.7793254526332 326.56037268764339 30.662481839768589 64.851375715341419 104.12063704198226 360.26310528069735 61.114730148343369 128.19179093837738 143.2781444969587 123.62342929840088 76.406739894300699 102.11937579559162 13.638143877033142 598.55056651588529 48.962169011356309 34.337330643320456 428.80137865245342 139.92772834002972 9.102731269085778
leaf_count=946921 14179 142709 7101 113112 103640 17855 4223 10184 1265 29740 72627 12485 6485 467 2858 1479 8237 2403 1545 1959 5702 3037 1638 397 161054 10418 1957 9304 1224 1253
internal_value=-0.00308967 -0.0376395 0.0555532 -0.0561817 -0.0646624 -0.0223862 -0.000144809 0.028668 0.0141315 -0.0292863 0.0716422 -0.00619762 -0.0277451 0.0173258 0.065718 0.0413791 0.0432324 -0.0151825 0.0415672 -0.0112793 0.00477813 0.0167862 -0.022055 -0.0493717 -0.0729475 -0.0516674 0.0317593 0.055797 0.00817939 -0.0631039
internal_weight=14538 9148.27 5389.76 6121.17 4893.24 1227.93 3027.1 2017.86 1476.94 928.539 3371.9 2773.77 1110.07 496.813 199.634 168.972 862.13 297.178 710.175 766.766 432.381 505.086 178.526 731.113 3964.71 690.953 83.2995 556.993 1663.71 607.653
internal_count=1697458 1571057 126401 1399256 1260685 138571 171801 38436 28252 139082 87965 167578 153869 25062 4804 4337 15338 20258 12114 16138 35442 11160 4675 113509 1121603 174682 12375 10849 13709 162307
is_linear=0
shrinkage=0.08


Tree=41
num_leaves=31
num_cat=0
split_feature=9 9 5 10 9 12 2 1 2 15 4 6 1 12 2 3 15 0 2 0 7 2 12 2 15 9 0 12 6 6
split_gain=4316.19 948.169 620.306 426.604 277.202 282.285 241.935 224.982 212.718 138.268 120.093 114.194 97.7965 93.0106 84.9583 70.6876 66.3336 65.7468 64.0365 58.7385 54.2827 54.1621 53.2075 45.1124 44.139 41.5504 40.8323 40.5699 38.4511 36.5765
threshold=0.59424430131912243 1.0000000180025095e-35 1.0000000180025095e-35 0.62019231915473949 0.46384282410144811 0.30952382087707525 0.88341891765594494 0.81661397218704235 0.6820855736732484 1.0000000180025095e-35 0.83225107192993175 0.46428571641445165 0.83910790085792553 0.22500000149011615 0.59491634368896495 0.67028987407684337 1.0000000180025095e-35 0.59207093715667736 0.75440767407417308 0.2362911254167557 1.5000000000000002 0.77459675073623668 0.36666667461395269 0.85553771257400524 1.0000000180025095e-35 0.96435630321502697 0.6911335587501527 0.36666667461395269 0.77500000596046459 0.91666665673255932
decision_type=2 2 2 2 2 2 2 2 2 2 2 2 2 2 2 2 2 2 2 2 2 2 2 2 2 2 2 2 2 2
left_child=1 7 3 6 29 10 9 18 12 11 23 21 -7 25 -5 -14 28 -15 -1 -4 -9 -2 -16 -6 -12 -11 -13 -21 -10 -3
right_child=2 4 19 14 5 8 -8 20 16 13 24 26 15 17 22 -17 -18 -19 -20 27 -22 -23 -24 -25 -26 -27 -28 -29 -30 -31
leaf_value=-0.065930367864591929 -0.016686657564575099 -0.07804588582790499 -0.052771077471215302 0.019557059245514652 -0.071407855052272651 -0.040681583838549161 0.063717059084573244 -0.011250606870374774 0.19802271103214561 -0.057193571776880676 0.0398849851356489 0.078582166805575823 0.37709864580919822 -0.04510731713457089 0.034926314539175003 0.043169790408900247 0.030364473226838627 0.017806025454723633 -0.0020071732242997312 0.060543608113807094 0.016711478367689509 0.044377238582814511 0.076825838075583949 0.065991999926873476 -0.042644951162170715 0.080665408480791151 0.024615400934123396 0.083304432175191206 0.09333062539841526 -0.051497766182300335
leaf_weight=410.42264746967703 547.93239217298105 3340.0737169564236 22.479179461486638 284.48852082435042 728.73046606360003 174.91116872336715 365.87223478965461 657.00868330895901 47.241310323821381 477.20693957316689 100.44001811835915 167.35758441174403 6.0592767030466375 160.75703458767384 244.07118433061987 12.278153366642071 46.219387940363958 313.87354282476008 132.73483343794942 688.17756354925223 1372.5978803210892 111.95683061121963 944.93412834964693 15.621211139718069 70.645878402981907 14.41483638063073 193.44251834391616 1844.6419394565746 42.788252672180533 368.80863613681868
leaf_count=82089 22254 1057335 643 3841 194356 32479 7198 47304 1764 27431 5227 2777 162 3785 2646 560 1676 4350 8456 13459 15112 1851 26244 736 5482 132 2666 56832 592 68352
internal_value=-0.00294261 -0.0439792 0.0454567 0.0250741 -0.0644419 -0.0317782 0.00393469 -0.00457848 0.0317182 -0.00707354 -0.0546327 0.0134597 -0.0222546 -0.0287636 0.0588286 0.153511 0.10827 -0.00350268 -0.0503091 0.0759776 0.00765981 -0.00632655 0.068225 -0.0685243 0.0058062 -0.0531514 0.049648 0.0771202 0.148266 -0.075406
internal_weight=13908.2 7526.58 6381.61 3826.31 4953.82 1244.94 2352.81 2572.76 329.498 1986.94 915.438 1020.69 193.249 966.252 1473.49 18.3374 136.249 474.631 543.157 2555.3 2029.61 659.889 1189.01 744.352 171.086 491.622 360.8 2532.82 90.0296 3708.88
internal_count=1697791 1521682 176109 105175 1368721 243034 72444 152961 37233 65246 205801 29548 33201 35698 32731 722 4032 8135 90545 70934 62416 24105 28890 195092 10709 27563 5443 70291 2356 1125687
is_linear=0
shrinkage=0.08


Tree=42
num_leaves=31
num_cat=0
split_feature=9 6 5 9 9 2 13 12 13 9 9 4 1 6 2 9 15 15 6 2 5 16 3 4 16 15 16 16 3 7
split_gain=3931.38 838.19 333.965 290.754 257.488 247.899 229.869 176.324 169.521 139.446 226.991 117.302 103.738 93.388 92.5401 90.5869 85.7037 74.224 67.5421 64.6241 62.5391 60.4633 55.2966 55.0969 104.123 51.5253 48.1193 47.6298 53.1234 45.4342
threshold=0.71885213255882274 0.58571431040763866 1.0000000180025095e-35 0.5246713161468507 1.0000000180025095e-35 0.86240702867507946 1.0000000180025095e-35 0.63333335518836986 1.0000000180025095e-35 0.22545801103115085 0.46120400726795202 0.80982521176338207 0.88047617673873912 0.30952382087707525 0.54085850715637218 0.96435630321502697 1.0000000180025095e-35 1.0000000180025095e-35 0.46428571641445165 0.74736374616622936 1.0000000180025095e-35 1.0000000180025095e-35 0.95861870050430309 0.64346247911453258 1.0000000180025095e-35 1.0000000180025095e-35 1.0000000180025095e-35 1.0000000180025095e-35 0.94570022821426403 1.5000000000000002
decision_type=2 2 2 2 2 2 2 2 2 2 2 2 2 2 2 2 2 2 2 2 2 2 2 2 2 2 2 2 2 2
left_child=1 3 5 4 11 7 23 15 9 27 -11 18 -13 19 -9 17 -12 26 -1 20 -8 -18 -14 -5 -25 -15 -2 -3 -29 -10
right_child=2 8 -4 6 -6 -7 13 14 29 10 16 12 22 25 -16 -17 21 -19 -20 -21 -22 -23 -24 24 -26 -27 -28 28 -30 -31
leaf_value=-0.066127669724646981 -0.00018840582576702591 0.024801663956074874 0.07659200479935066 -0.068250769622174495 -0.075302194933046365 0.072520122985206548 -0.013415808676533894 0.0027747044040123737 7.7281791092048688e-05 -0.067767980282779389 0.037862887669948025 0.099383150621987687 -0.025731240660928436 0.14299082723199638 0.062976809177618651 0.066811540284525628 -0.10083377651920411 -0.028005068305367517 -0.0031407206452737169 0.10506879046936746 0.15908208646538147 0.0023033912859726693 0.087191526497610583 -0.046386529054045972 0.064659724832688004 0.01875541023777413 0.05314512578759769 -0.027646330435148782 0.0093036153259372471 0.084087480629833622
leaf_weight=401.08689407305792 415.9111411049962 579.18186373170465 2152.5355040468276 387.40514079970308 3355.2058161722962 810.27644859440625 292.74018350197002 218.17004166916013 53.94082416407764 518.4413671430666 273.45532775530592 68.133122030179948 223.69923389796168 58.250119608128443 651.09076461195946 119.44052268378437 58.436444875551388 531.31710653891787 149.59448817232624 38.030819587875158 14.099148808280004 96.372804703889415 31.684304480906576 267.54260274698026 67.719080011360347 33.741141248261556 146.36979899927974 381.92255452787504 715.62869022693485 174.43099482916296
leaf_count=98479 5878 4726 66646 79844 1137456 21878 16110 2399 721 138299 6557 4631 12174 907 14666 1882 1771 7897 23796 346 171 5045 212 25432 4418 752 1724 5833 4017 3386
internal_value=-0.00288613 -0.0369364 0.0527319 -0.0554967 -0.0652265 0.0349762 -0.0200072 0.0203669 -0.00186366 -0.00761842 -0.0321645 -0.0265557 0.0116774 0.0258056 0.0478671 0.000660255 0.0109358 -0.00656465 -0.049017 0.00670231 -0.0054896 -0.0366282 -0.0117214 -0.0477016 -0.0239564 0.097423 0.0136951 0.00624062 -0.00355411 0.0642445
internal_weight=13285.9 8240.74 5045.11 5388.93 4229.4 2892.58 1159.53 2082.3 2851.81 2623.44 946.706 874.198 323.517 436.861 869.261 1213.04 428.265 1093.6 550.681 344.87 306.839 154.809 255.384 722.667 335.262 91.9913 562.281 1676.73 1097.55 228.372
internal_count=1698053 1575083 122970 1404728 1276748 56324 127980 34446 170355 166248 151672 139292 17017 18286 17065 17381 13373 15499 122275 16627 16281 6816 12386 109694 29850 1659 7602 14576 9850 4107
is_linear=0
shrinkage=0.08


Tree=43
num_leaves=31
num_cat=0
split_feature=10 2 5 12 14 8 10 0 2 13 3 2 1 14 13 5 10 1 3 16 1 7 0 10 1 4 0 1 7 3
split_gain=3291.54 725.074 489.811 322.798 279.811 225.491 166.461 171.086 161.846 137.997 143.732 117.42 112.975 88.5123 84.1113 76.3193 72.3485 67.6753 65.5883 64.3009 63.8485 60.4805 64.8145 57.2463 53.9309 47.9525 44.2756 43.6857 42.024 114.67
threshold=0.24264705926179889 0.81754159927368175 1.0000000180025095e-35 0.63333335518836986 1.0000000180025095e-35 4.5000000000000009 0.12132352963089944 0.6351073980331422 0.57659712433815014 1.0000000180025095e-35 0.95101958513259899 0.88153818249702465 0.82972848415374767 1.0000000180025095e-35 1.0000000180025095e-35 1.0000000180025095e-35 0.064583335071802153 0.70064935088157665 0.91331186890602123 1.0000000180025095e-35 0.89386734366416942 1.0000000180025095e-35 0.6351073980331422 0.67708334326744091 0.71834936738014232 0.88493064045906078 0.2362911254167557 0.91476997733116161 1.0000000180025095e-35 0.57735043764114391
decision_type=2 2 2 2 2 2 2 2 2 2 2 2 2 2 2 2 2 2 2 2 2 2 2 2 2 2 2 2 2 2
left_child=1 4 3 5 6 11 -1 -8 28 10 13 19 -6 16 15 -9 -3 -16 20 23 -15 22 -7 -2 -24 -14 -4 -18 29 -5
right_child=2 9 26 8 12 21 7 14 -10 -11 -12 -13 25 18 17 -17 27 -19 -20 -21 -22 -23 24 -25 -26 -27 -28 -29 -30 -31
leaf_value=-0.074327472974831776 -0.017313595904733078 -0.073456599037952403 -0.048279004003663618 0.013168113475689597 -0.051409225970448155 -0.047506262086053297 -0.062915597500410203 -0.045319277035683718 0.071555009679101667 0.07766808098878128 0.016233984701659154 0.067178372604411896 -0.0098703470562267435 0.075673045991638349 0.15911363290108335 0.062650589171821508 0.042897444809104963 0.021819968594041058 -0.030037743929967886 0.045447455969985388 -0.010235047629808184 -0.049582913154922421 0.12230484020014487 0.042693632686171309 0.0058760443428808578 0.046388674106390242 0.076845508917321323 -0.049126508921900583 0.061106764989078508 -0.14321810980283131
leaf_weight=2798.3774958439171 466.83285066974349 312.22250487818383 18.259445400442928 232.05148863932118 467.93598560197279 96.234061903553084 726.42625705478713 244.00529726967216 1006.8954587061889 143.20950874802656 1081.7978419286665 312.69866141164675 670.16464390093461 101.53219354758039 27.320091280853376 50.585939479526132 66.45126467011869 144.56930641713552 264.82646780414507 231.33138522133231 121.77722528530285 454.90443348977715 36.125224052462727 130.10280853137374 86.263805089285597 113.36542560486123 2062.6580878701061 65.615916434908286 73.951775705441833 34.464605520945042
leaf_count=987338 14097 99576 549 3378 95990 3701 195629 38660 28501 3190 42958 7182 41309 3118 1604 726 5981 10373 4306 4865 2853 23127 424 2127 1515 1323 67670 3981 1341 531
internal_value=-0.00289005 -0.0372478 0.0456059 0.0257687 -0.0533116 0.00374209 -0.0636605 -0.0386375 0.055432 0.00178873 -0.00360622 0.0254101 -0.0203059 -0.0266248 -0.000830491 -0.0267792 -0.0524606 0.0436414 -0.00310966 0.00964113 0.0288248 -0.0329638 0.00161675 -0.00423495 0.040242 -0.00173048 0.0757476 -0.0028235 0.00775015 -0.00705502
internal_weight=12643 7400.18 5242.77 3161.86 5242.75 1814.49 3991.28 1192.91 1347.36 2157.43 2014.22 1140.97 1251.47 932.426 466.481 294.591 444.29 171.889 488.136 828.267 223.309 673.528 218.623 596.936 122.389 783.53 2080.92 132.067 340.468 266.516
internal_count=1697923 1538915 159008 90789 1372952 57038 1234330 246992 33751 165963 162773 28271 138622 119815 51363 39386 109538 11977 10277 21089 5971 28767 5640 16224 1939 42632 68219 9962 5250 3909
is_linear=0
shrinkage=0.08


Tree=44
num_leaves=31
num_cat=0
split_feature=9 7 5 2 9 9 12 9 9 9 13 12 7 1 9 5 15 2 8 1 7 10 4 13 8 1 5 1 8 12
split_gain=3147.75 678.933 326.389 236.498 230.936 251.681 203.513 227.602 218.404 176.12 164.168 92.3482 74.8003 74.6544 67.8622 61.7838 59.8109 57.5837 53.5198 53.2267 49.5565 48.4835 54.5286 49.5077 47.2069 53.0224 43.122 42.8618 45.2684 40.5874
threshold=0.71885213255882274 1.5000000000000002 1.0000000180025095e-35 0.88548010587692272 0.53697487711906444 1.0000000180025095e-35 0.30952382087707525 0.20766969025135043 0.46384282410144811 0.9348469376564027 1.0000000180025095e-35 0.63333335518836986 1.0000000180025095e-35 0.80874970555305492 0.39618083834648138 1.0000000180025095e-35 1.0000000180025095e-35 0.76028168201446544 4.5000000000000009 0.94570022821426403 1.0000000180025095e-35 0.17914438992738727 0.77581480145454418 1.0000000180025095e-35 4.5000000000000009 0.94804319739341747 1.0000000180025095e-35 0.65599384903907787 1.5000000000000002 0.36666667461395269
decision_type=2 2 2 2 2 2 2 2 2 2 2 2 2 2 2 2 2 2 2 2 2 2 2 2 2 2 2 2 2 2
left_child=1 4 3 9 5 13 7 24 -9 11 15 18 -13 -1 -8 -6 -10 26 20 -17 -2 -7 -23 -24 27 -26 -12 28 -3 -4
right_child=2 6 29 -5 10 21 14 8 16 -11 17 12 -14 -15 -16 19 -18 -19 -20 -21 -22 22 23 -25 25 -27 -28 -29 -30 -31
leaf_value=-0.058550583532967541 -0.033795669162828335 1.0815484337842245 0.05446231953416459 0.074716280957658768 -0.053500889854167573 -0.075774296496711843 0.015326011901830814 -0.072664102199243852 0.036688125100547524 0.054466146457200007 0.00030309222153941477 0.0057561234255220518 0.069932264350323126 -0.011097441264340242 0.085780927908461313 0.13527783807203178 -0.03190176139986893 0.086050174560745762 -0.032304083672532159 -0.016987851429309638 0.019453997962385776 -0.050212473243399613 0.00086201400997277166 0.2477535554886342 -0.038400776345591726 0.011278525169131626 0.13346560603158333 0.021374730760094825 0.16646832198816977 0.081630974017570579
leaf_weight=311.25174311874434 152.16907457727939 0.4790177927352478 469.7170205982402 620.77364623174071 566.543261943385 2732.3549046721309 157.86807648348622 562.07832797849551 199.9550125382375 613.62244760990143 326.97318785847165 281.32174593023956 198.07378755696118 666.60565085452981 196.28010227391496 20.069827819010243 137.1910042045638 70.435156302992254 417.13957240898162 54.841422671684995 422.17392941378057 159.24900165596046 16.39921828056686 7.6102666966617099 222.67114718863741 359.4478020039387 16.341629551257938 795.95065857307054 1.2457967461086807 1403.1673171576113
leaf_count=75146 1657 18 12012 19502 89146 1053965 3751 193053 9010 13655 14726 3142 5400 51664 4709 518 9994 893 7396 2026 5557 39526 1631 129 10405 1891 237 12361 69 54637
internal_value=-0.00323505 -0.0348638 0.049145 0.0313719 -0.0523265 -0.0613233 -0.00204507 -0.0108124 -0.0421292 0.0184638 -0.01913 0.00344425 0.032272 -0.0262018 0.0543744 -0.0444727 0.00877762 0.0201598 -0.0104944 0.0238064 0.00534579 -0.0731026 -0.0332682 0.079119 0.00959708 -0.00772472 0.00664157 0.022238 0.420606 0.0748171
internal_weight=12160 7581.84 4578.16 2705.27 4948.68 3893.47 2633.17 2279.02 899.224 2084.5 1055.2 1470.88 479.396 977.857 354.148 641.455 337.146 413.75 991.483 74.9113 574.343 2915.61 183.258 24.0095 1379.79 582.119 343.315 797.675 1.72481 1872.88
internal_count=1697826 1574868 122958 56309 1329607 1222061 245261 236801 212057 36807 107546 23152 8542 126810 8460 91690 19004 15856 14610 2544 7214 1095251 41286 1760 24744 12296 14963 12448 87 66649
is_linear=0
shrinkage=0.08


Tree=45
num_leaves=31
num_cat=0
split_feature=9 7 5 9 9 2 12 9 9 12 9 16 2 15 9 4 16 12 2 1 15 8 12 1 12 11 10 8 1 9
split_gain=2758.58 648.341 333.374 223.652 247.456 221.179 185.289 205.474 214.952 179.221 153.695 114.952 71.5116 70.4469 64.1778 58.674 83.9632 56.5186 59.3318 52.7385 48.1744 48.1191 43.8356 42.0423 41.1868 40.8434 36.4492 35.77 35.3319 34.9933
threshold=0.71885213255882274 1.5000000000000002 1.0000000180025095e-35 0.51626121997833263 1.0000000180025095e-35 0.88341891765594494 0.30952382087707525 0.20766969025135043 0.5085725486278535 0.30952382087707525 0.9348469376564027 1.0000000180025095e-35 0.75513628125190746 1.0000000180025095e-35 0.41138803958892828 0.64051282405853283 1.0000000180025095e-35 0.30952382087707525 0.71718621253967296 0.87939393520355236 1.0000000180025095e-35 4.5000000000000009 0.41428571939468389 0.9495762586593629 0.36666667461395269 3.5000000000000004 0.057189542800188072 5.5000000000000009 0.99367088079452526 0.29857499897480017
decision_type=2 2 2 2 2 2 2 2 2 2 2 2 2 2 2 2 2 2 2 2 2 2 2 2 2 2 2 2 2 2
left_child=1 3 5 4 12 10 7 21 26 15 11 17 19 25 -8 -5 -17 -2 -19 -1 -10 -3 -13 -23 27 -11 -9 -4 -29 -28
right_child=2 6 24 9 -6 -7 14 8 20 13 -12 22 -14 -15 -16 16 -18 18 -20 -21 -22 23 -24 -25 -26 -27 29 28 -30 -31
leaf_value=-0.064696536349412095 -0.03501614838904548 0.02240452003201901 0.070189374919795197 -0.070364036236254326 -0.073598917616285231 0.072275761522944126 0.016416503352973982 -0.075925922838568291 0.047178356348792243 0.055792895177912902 0.051457085406338275 0.018808531617076654 -0.0040382108224579034 -0.015395449262629675 0.086041936999539478 -0.044518170405919745 0.057853227376463798 -0.010392497137957837 0.04589353004671929 -0.0051200299830390771 -0.022088240720025711 -0.035341859787330836 0.073398997077693096 0.0090505570718267554 0.081514814097849039 -0.047721275769086836 0.73184626177921797 0.069210932387321678 -0.0081974448152700267 -0.025187187949193994
leaf_weight=338.84347683540545 396.6430398481898 801.94609111407772 283.99237920157611 346.60046183154918 2602.0727466770913 591.06552465446293 157.26450915634632 493.25268683535978 159.91692358884029 231.25422085262835 580.76829316280782 254.02541651949286 477.26163762225769 238.75996104255319 183.69858432724141 232.94448873144574 65.748151522595435 493.15624469518661 158.34163671731949 132.1948905591853 107.43164665577933 220.54969117720611 149.56904071569443 358.43306994182058 1300.4295818693936 27.272026431746781 0.39238239685073395 62.736302858218551 94.703580290079117 95.831902382429689
leaf_count=91097 6647 12558 8874 86896 1063652 19790 3965 190817 4130 9288 13463 3661 25430 11154 4462 27794 3940 5196 3446 10224 4572 10472 4047 1865 54681 554 45 1066 1879 12104
internal_value=-0.00305493 -0.033234 0.0472156 -0.0509414 -0.0608488 0.0292019 -0.00100883 -0.00937949 -0.0401547 -0.0201559 0.0166758 0.00276144 -0.0258633 0.0159366 0.0539282 -0.04797 -0.0219842 -0.0112076 0.0032874 -0.0479766 0.0193442 0.00971563 0.0390393 -0.00785968 0.0743476 0.0448731 -0.0671396 0.0532334 0.0226481 -0.0221002
internal_weight=11637.1 7271.67 4365.43 4692.95 3550.37 2623.57 2578.72 2237.75 856.826 1142.58 2032.5 1451.74 948.3 497.286 340.963 645.293 298.693 1048.14 651.498 471.038 267.349 1380.93 403.594 578.983 1741.86 258.526 589.477 441.432 157.44 96.2243
internal_count=1697769 1575019 122750 1330029 1190403 56250 244990 236563 211668 139626 36460 22997 126751 20996 8427 118630 31734 15289 8642 101321 8702 24895 7708 12337 66500 9842 202966 11819 2945 12149
is_linear=0
shrinkage=0.08


Tree=46
num_leaves=31
num_cat=0
split_feature=9 6 5 9 9 10 12 4 12 9 9 16 8 6 8 6 9 4 16 15 6 3 3 15 16 0 3 3 12 0
split_gain=2470.36 612.988 322.444 256.419 260.168 181.234 153.013 112.221 107.706 98.1478 177.574 86.4799 77.7317 78.088 77.4698 67.4908 65.328 59.3522 78.1393 55.0422 62.9678 48.9473 46.5023 45.5276 46.9411 44.553 43.5221 43.1817 42.8978 51.4866
threshold=0.71885213255882274 0.53571429848670971 1.0000000180025095e-35 0.5246713161468507 1.0000000180025095e-35 0.62019231915473949 0.30952382087707525 0.7933771312236787 0.30952382087707525 1.0000000180025095e-35 0.46120400726795202 1.0000000180025095e-35 8.5000000000000018 0.41428571939468389 7.5000000000000009 0.46428571641445165 0.41605369746685034 0.64051282405853283 1.0000000180025095e-35 1.0000000180025095e-35 0.46428571641445165 0.4246212244033814 0.83239698410034191 1.0000000180025095e-35 1.0000000180025095e-35 0.76384064555168163 0.95861870050430309 0.75716626644134533 0.18333333730697635 0.73546314239501964
decision_type=2 2 2 2 2 2 2 2 2 2 2 2 2 2 2 2 2 2 2 2 2 2 2 2 2 2 2 2 2 2
left_child=1 3 5 4 7 12 17 15 9 -3 -11 26 13 25 27 -1 -10 -5 21 20 -8 -19 -17 -12 -25 -2 -9 -7 29 -15
right_child=2 8 -4 6 -6 14 19 11 16 10 23 -13 -14 28 -16 22 -18 18 -20 -21 -22 -23 -24 24 -26 -27 -28 -29 -30 -31
leaf_value=-0.067559467496820486 -0.015292188657448403 0.0039227680480303836 0.073870540495985806 -0.068084025128200582 -0.07359784572443448 0.03398404475330627 0.02649354076036203 -0.022712090342141493 0.0057097880978020732 -0.068883333076618772 0.0290702420086352 0.074365739672912698 -0.03438195377062167 0.056705384649497398 0.0024302595150150525 -0.03990019348947859 0.069571205382793003 1.3003042872177231 0.059694254353706774 -0.010216316665729365 0.13767872043610915 -0.042918144654466292 0.057120742299646095 -0.094980121625312539 0.0046459689268646331 0.028592596098076104 0.10407954581447827 0.07061829244844757 0.06963249633624348 -0.011908549621532035
leaf_weight=315.91653683152981 445.60691545158625 1466.3971404801123 1629.8096508914605 301.30718698934652 2517.2694695319515 290.08258404769003 208.88558732508682 224.99041647068225 213.59159734519199 393.75110295997001 238.9759918875061 103.39195217518136 225.2160096229054 135.56083228904754 175.99076472595334 75.028942842269316 197.1410443529021 0.17378480825573106 65.488193069584668 234.93828945816495 38.627263999776915 189.15189818665385 54.644273504149169 45.705207768129185 89.617102696793154 221.72816774994135 18.772034862078726 709.77835115604103 202.09782976470888 144.70642028935254
leaf_count=94949 6723 12521 66636 79489 1136349 5586 8112 19276 2965 137967 6270 2464 4433 1309 3152 16136 4278 33 4435 10100 593 25120 6478 1667 4995 3493 100 24029 5728 1918
internal_value=-0.00257591 -0.0316577 0.0460756 -0.0501297 -0.0610114 0.0283161 -0.015449 -0.0210445 -0.00129038 -0.00821151 -0.0313789 0.0130564 0.00859578 0.0170147 0.0513749 -0.0476122 0.0363616 -0.0440498 -0.0156303 0.017519 0.0438453 -0.0416852 0.000984414 0.00807474 -0.0290028 -0.000711069 -0.0129479 0.0599899 0.0415378 0.0212789
internal_weight=11174.3 6993.77 4180.58 4348.59 3310.01 2550.77 1038.57 792.744 2645.18 2234.45 768.049 347.154 1374.92 1149.7 1175.85 445.59 410.733 556.121 254.814 482.451 247.513 189.326 129.673 374.298 135.322 667.335 243.762 999.861 482.365 280.267
internal_count=1697304 1574297 123007 1403634 1275752 56371 127882 139403 170663 163420 150899 21840 23604 19171 32767 117563 7243 109077 29588 18805 8705 25153 22614 12932 6662 10216 19376 29615 8955 3227
is_linear=0
shrinkage=0.08


Tree=47
num_leaves=31
num_cat=0
split_feature=9 6 9 9 5 12 8 6 9 9 10 4 12 12 1 6 8 0 16 3 0 12 4 16 1 10 1 7 16 3
split_gain=2254.96 578 286.693 263.387 240.631 165.092 149.855 125.109 112.692 143.185 110.31 95.4756 90.6086 75.7286 72.5489 66.5202 65.47 61.2355 58.919 54.4067 52.1614 49.883 49.0206 86.4711 47.424 42.1433 42.0047 41.6129 40.4125 37.373
threshold=0.76239567995071422 0.53571429848670971 0.51119467616081249 1.0000000180025095e-35 1.0000000180025095e-35 0.30952382087707525 4.5000000000000009 0.30952382087707525 0.51911646127700817 0.22545801103115085 0.057189542800188072 0.80982521176338207 0.70833334326744091 0.36666667461395269 0.88273492455482494 0.46428571641445165 11.500000000000002 0.6911335587501527 1.0000000180025095e-35 0.97915762662887584 0.55403152108192455 0.36666667461395269 0.55403152108192455 1.0000000180025095e-35 0.70859703421592724 0.22474747896194461 0.73499399423599254 2.5000000000000004 1.0000000180025095e-35 0.54653680324554454
decision_type=2 2 2 2 2 2 2 2 2 2 2 2 2 2 2 2 2 2 2 2 2 2 2 2 2 2 2 2 2 2
left_child=1 2 3 11 6 22 7 17 9 27 -11 15 19 -9 -13 -1 -16 -2 25 -8 24 -10 -4 -24 29 -7 -20 28 -3 -14
right_child=4 8 5 -5 -6 18 12 13 21 10 -12 14 20 -15 16 -17 -18 -19 26 -21 -22 -23 23 -25 -26 -27 -28 -29 -30 -31
leaf_value=-0.064441674264035353 -0.024779624425484377 0.013483683626814749 -0.07112211153840961 -0.074239137158963561 0.073689135378646367 0.034151773523385109 -0.013262105241357664 0.034417952605924576 0.015869395045769296 -0.066529350584351388 0.011011767912861781 0.080193980279804067 -0.14174231272923885 0.078018893596797201 -0.010531798383532366 0.0019844308503220122 0.80548897808069331 0.038570435823595324 0.00072224856687833397 -0.12459228808621683 0.050728476892354345 0.068382814447571147 -0.048649351768439555 0.028926981790098207 0.088367236070940353 -0.012850645618062921 0.11546406426319888 0.026560669337113027 -0.015754347944447845 0.02124649196739371
leaf_weight=311.12755956640467 189.26305359182879 529.15605844906531 247.32895055226982 2275.2521187218372 1448.8650668198243 190.97210324485786 405.83718933584169 421.26730151288211 344.14908956130967 387.20906547713093 168.51817060215399 78.346929124789312 24.659900266677141 645.73969071358442 240.87829796411097 139.85453859437257 0.6308932788670053 201.75066820252687 31.766048139892519 30.182933753356338 254.99268014729023 174.45354779576883 327.73572491714731 127.82463858043775 14.256090030074118 338.46333204745315 57.162869946099818 396.21723383571953 706.50446764635853 14.181696847081183
leaf_count=98554 2494 4476 71631 1112734 64130 13176 5603 5718 5972 140438 7074 4779 193 25282 12081 23817 69 4057 2412 315 5785 5473 49438 13881 220 7427 1243 3810 6246 185
internal_value=-0.0026913 -0.0290459 -0.0470473 -0.0605466 0.0483689 -0.0159253 0.0317098 0.0466185 5.25768e-06 -0.00794331 -0.0430159 -0.0201311 0.00249735 0.0608047 0.0133005 -0.0438422 -0.00840011 0.007907 0.0142242 -0.0209688 0.0357075 0.0335345 -0.0424492 -0.0268824 -0.0364285 0.00410355 0.0744775 0.00400045 -0.00323353 -0.0822325
internal_weight=10724.5 7073.55 4367.34 3046.09 3651 1321.25 2202.13 1458.02 2706.21 2187.6 555.727 770.838 744.11 1067.01 319.856 450.982 241.509 391.014 618.364 436.02 308.09 518.603 702.889 455.56 53.0977 529.435 88.9289 1631.88 1235.66 38.8416
internal_count=1698713 1584731 1411242 1252034 113982 159208 49852 37551 173489 162044 147512 139300 12301 31000 16929 122371 12150 6551 24258 5918 6383 11445 134950 63319 598 20603 3655 14532 10722 378
is_linear=0
shrinkage=0.08


Tree=48
num_leaves=31
num_cat=0
split_feature=10 2 6 10 1 13 12 16 4 3 8 4 15 4 2 8 6 14 1 1 8 4 1 6 1 13 10 14 8 2
split_gain=1900.46 556.902 256.299 243.604 230.465 180.003 145.191 120.506 104.994 94.5197 90.6526 88.7734 69.2996 69.0636 64.4648 62.9671 60.4903 56.0103 52.8741 51.9812 55.3595 57.2978 48.7427 48.3447 63.5534 48.2644 48.1698 98.8851 42.1579 40.9267
threshold=0.36931818723678594 0.81754159927368175 0.63333335518836986 0.15192308276891711 0.85313725471496593 1.0000000180025095e-35 0.36666667461395269 1.0000000180025095e-35 0.54950982332229625 0.9569842815399171 8.5000000000000018 0.90595519542694103 1.0000000180025095e-35 0.91734972596168529 0.72255688905715953 2.5000000000000004 0.21111111342906955 1.0000000180025095e-35 0.9529346525669099 0.91476997733116161 3.5000000000000004 0.96720427274703991 0.82078272104263317 0.46428571641445165 0.74322345852851879 1.0000000180025095e-35 0.08893280848860742 1.0000000180025095e-35 13.500000000000002 0.84475743770599376
decision_type=2 2 2 2 2 2 2 2 2 2 2 2 2 2 2 2 2 2 2 2 2 2 2 2 2 2 2 2 2 2
left_child=1 2 3 11 7 9 13 10 -5 19 14 17 -10 -6 23 -4 -14 -1 -19 26 21 -21 -17 24 -2 28 27 -3 -24 -12
right_child=4 5 15 8 6 -7 -8 -9 12 -11 29 -13 16 -15 -16 22 -18 18 -20 20 -22 -23 25 -25 -26 -27 -28 -29 -30 -31
leaf_value=-0.072753833243427393 0.0096777377812383401 -0.070776689335447049 0.027601561119140281 -0.0562630422584562 0.0087035283164515614 0.080812039912696601 0.079358291573434381 0.063462181719664251 0.020315646905428007 0.016511089914731603 -0.032976031463923826 0.071594725749142316 0.0045206223278964949 0.067392849449558395 0.049719842921487796 -0.059464669910149225 -0.060884072862809731 -0.048416071961012025 0.072472580555278929 -0.063884893378887767 0.0053245363004103454 0.034886899386393389 -0.0041810977190237146 0.051732605272952287 -0.061481740439458886 0.07174947994884992 0.05176638777581611 0.020401452024408597 -0.05029992315915309 -0.28767641306255459
leaf_weight=2026.6636301451363 333.37916825851426 118.48796518531162 244.92108963453211 351.92170516122133 342.99401265149936 194.65851118997671 1374.8959021831397 354.82463464979082 385.84052172244992 1071.2708316342905 201.47970018349588 29.945220427354798 179.72130122652743 205.03520811814815 317.26246007019654 151.85492804972455 182.29615397984162 448.21356749278493 24.416797472396865 320.54261897120159 151.07668259402271 42.58153218543157 550.82709416141734 110.49439776386134 105.82269838522188 43.755260858684778 97.524930734420195 212.92206463450566 164.8082857884001 4.1202125977724782
leaf_count=1026522 6225 54123 17173 85032 6163 5965 70649 8455 30182 43142 4224 3190 13312 7695 7928 17245 24104 128746 2172 39966 17207 1263 46234 1942 1648 849 4882 4944 16222 37
internal_value=-0.00214194 -0.025874 -0.0412118 -0.0516621 0.0474021 0.00735015 0.0654797 0.0230486 -0.0202296 0.000251298 0.00967901 -0.0653299 -0.00327319 0.0306611 0.0210051 -0.00840994 -0.0284143 -0.0669704 -0.0421708 -0.0182176 -0.0353712 -0.0523025 -0.018089 0.00443219 -0.00746765 -0.00981509 0.00234592 -0.0121972 -0.0148021 -0.0380802
internal_weight=10344.6 6994.25 4785.19 3629.02 3350.31 2209.07 1922.93 1427.38 1099.78 2014.41 1072.56 2529.24 747.858 548.029 866.959 1156.17 362.017 2499.29 472.63 943.136 514.201 363.124 911.246 549.696 439.202 759.391 428.935 331.41 715.635 205.6
internal_count=1697441 1582475 1410983 1313260 114966 171492 84507 30459 152630 165527 22004 1160630 67598 13858 17743 97723 37416 1157440 130918 122385 58436 41229 80550 9815 7873 63305 63949 59067 62456 4261
is_linear=0
shrinkage=0.08


Tree=49
num_leaves=31
num_cat=0
split_feature=9 7 6 12 9 9 13 13 9 9 4 9 4 15 4 15 15 1 2 5 6 12 9 6 9 2 10 4 13 1
split_gain=1724.08 505.228 292.419 199.922 198.606 233.499 131.043 126.51 125.62 197.714 90.7477 85.7161 79.1176 58.2225 57.2892 64.1362 56.8442 55.1449 52.1543 61.0289 50.0767 48.8275 46.9694 46.2825 43.78 41.011 39.7691 55.6758 51.904 38.3407
threshold=0.71885213255882274 1.5000000000000002 0.81666666269302379 0.63333335518836986 0.51119467616081249 1.0000000180025095e-35 1.0000000180025095e-35 1.0000000180025095e-35 0.22545801103115085 0.4350078701972962 0.680425524711609 0.97603827714920055 0.90070420503616344 1.0000000180025095e-35 0.64051282405853283 1.0000000180025095e-35 1.0000000180025095e-35 0.8143841326236726 0.6820855736732484 1.0000000180025095e-35 0.38750000298023229 0.36666667461395269 0.54581964015960704 0.30952382087707525 0.91184088587760936 0.94791102409362804 0.17914438992738727 0.72834226489067089 1.0000000180025095e-35 0.78319624066352855
decision_type=2 2 2 2 2 2 2 2 2 2 2 2 2 2 2 2 2 2 2 2 2 2 2 2 2 2 2 2 2 2
left_child=1 4 3 11 5 17 14 8 -3 -10 20 12 16 -11 -6 -16 24 -1 19 23 -5 25 29 -8 -2 -4 -7 -28 -29 -20
right_child=2 7 21 10 6 26 18 -9 9 13 -12 -13 -14 -15 15 -17 -18 -19 22 -21 -22 -23 -24 -25 -26 -27 27 28 -30 -31
leaf_value=-0.053240179719830458 -0.00187887466980049 0.010337169580003483 0.027776130071641862 0.012497135825905899 -0.064654251455558698 -0.074607745481786822 -0.020571801951058611 0.073527073212978911 -0.069992863159983834 0.035691720398990552 0.074204327068789835 0.072662244854714453 0.061298745873185879 -0.027685180065181107 0.015001306878226282 -0.055220075393999597 -0.028344547362835818 -0.0091065127175681288 0.43734442084100905 0.1554388560684585 0.079503653738997829 0.080121771562397706 0.045151030952749673 0.079844746537617237 0.057205811047823095 0.079882275252115623 -0.052050330958483548 0.0011000403515329558 0.27411677693038466 0.11736162075510712
leaf_weight=256.96772651909851 467.90454351296648 1473.8160794420401 258.06999963149428 372.10077995993197 299.17622751800809 1847.0067519646836 252.55143187125213 145.78134848340414 386.20403546700254 236.29521053109784 516.15058662369847 104.88279609754682 111.90527977794409 152.73412790475413 185.34384028869681 151.10904696665239 523.10842332849279 614.48260560305789 3.4669971844414231 15.23465054866392 88.32431073486805 975.62973215896636 121.56081347842701 33.242088655359112 96.879383768886328 154.5764928702265 81.027454675524496 12.444982334505768 6.9428402602206907 7.7620492370333523
leaf_count=78162 7452 27138 6314 5404 92903 1021699 18749 4461 180938 15602 24071 2843 3579 16926 16639 18574 9000 48688 238 232 3228 53677 1575 1033 1683 5598 28813 2107 252 207
internal_value=-0.00215423 -0.0276 0.0414152 0.023798 -0.0454033 -0.0565398 -0.0160496 0.00130604 -0.00337526 -0.0294443 0.0511716 0.00330834 -0.00275437 0.0108098 -0.0391846 -0.0165368 -0.00934315 -0.0221204 0.0178477 -0.000575279 0.0253511 0.0703644 0.0596117 -0.00889185 0.00825613 0.047295 -0.0719421 -0.0229115 0.0988682 0.216157
internal_weight=9952.68 6283.15 3669.53 2281.26 3888.32 2818.87 1069.45 2394.83 2249.05 775.233 976.576 1304.68 1199.8 389.029 635.629 336.453 1087.89 871.45 433.818 301.028 460.425 1388.28 132.79 285.794 564.784 412.646 1947.42 100.415 19.3878 11.229
internal_count=1697785 1574936 122849 57260 1329871 1179721 150150 245065 240604 213466 32703 24557 21714 32528 128116 35213 18135 126850 22034 20014 8632 65589 2020 19782 9135 11912 1052871 31172 2359 445
is_linear=0
shrinkage=0.08


Tree=50
num_leaves=31
num_cat=0
split_feature=9 2 5 4 9 9 2 13 13 6 9 6 3 10 9 10 1 15 6 4 5 12 7 0 13 6 11 3 15 9
split_gain=1527.51 478.559 233.192 231.37 202.715 277.577 160.36 145.356 110.951 106.264 104.018 71.91 64.5008 60.7519 51.8684 75.5948 60.1628 51.7986 46.3908 44.9219 44.5514 40.1119 39.1783 38.7696 66.8584 47.2712 37.5649 35.8207 33.5311 32.5134
threshold=0.76239567995071422 0.81375637650489818 1.0000000180025095e-35 0.88548010587692272 0.5397799313068391 1.0000000180025095e-35 0.89386734366416942 1.0000000180025095e-35 1.0000000180025095e-35 0.41428571939468389 0.94759726524353038 0.46428571641445165 0.95101958513259899 0.17914438992738727 1.0000000180025095e-35 0.064583335071802153 0.94494947791099559 1.0000000180025095e-35 0.46428571641445165 0.65419578552246105 1.0000000180025095e-35 0.41428571939468389 2.5000000000000004 0.61938297748565685 1.0000000180025095e-35 0.38750000298023229 3.5000000000000004 0.91476997733116161 1.0000000180025095e-35 0.34623710811138159
decision_type=2 2 2 2 2 2 2 2 2 2 2 2 2 2 2 2 2 2 2 2 2 2 2 2 2 2 2 2 2 2
left_child=1 3 6 4 5 9 10 12 18 -1 17 26 14 -7 16 -16 -3 -2 20 -15 -6 -4 -14 25 -25 -19 -10 -17 -20 -9
right_child=2 7 21 -5 8 13 -8 29 11 -11 -12 -13 22 19 15 27 -18 23 28 -21 -22 -23 -24 24 -26 -27 -28 -29 -30 -31
leaf_value=-0.060759490051125326 0.020434930497722679 0.020509439342185153 0.047300725259686129 0.043801172684666628 -0.061283400717122911 -0.075372619348139325 0.073360948052001537 -0.065864169913988774 0.015610346140181688 -0.0030328087828744915 0.051739502671809337 0.089306273036967559 0.0040853795463246514 -0.054156649032628325 -0.071016217952037705 0.034117318415545619 -0.039277229703609737 -0.060810043114175309 0.015472823238241873 0.040227034406508572 0.049610495789966215 0.080563767501920777 0.038072239391288391 -0.027596178262841772 0.039720886821910023 0.025575871530246569 -0.040494270113896384 -0.038164722377977071 -0.045972310092442542 0.083360831366580415
leaf_weight=287.41274070483632 638.40160051453859 338.46689836168662 316.50346926879138 203.44830725633074 354.57359664922114 1861.0803182359086 385.83972457051277 9.8803785298950952 309.8276480929926 703.93469532253221 395.16708685457706 70.352628314169124 763.5065974756144 91.948033523047343 203.50754525198136 94.451940653612837 158.00852688960731 163.0097798127681 143.06665318482555 49.727559600840323 24.808249199180864 869.2578667299822 303.30418335122522 207.44877243693918 173.31074648350477 53.96071405755356 101.36582974647172 81.948907435056753 94.308006123756059 172.31450634589419
leaf_count=103879 10650 8239 11027 13144 79259 1103127 17948 353 13025 32934 11735 1233 34024 34989 105192 7146 2688 2632 5745 7426 1373 52839 10149 1965 4210 718 2428 4404 6532 6007
internal_value=-0.00159626 -0.0241056 0.0435309 -0.0394674 -0.043607 -0.0543908 0.0269807 0.00694385 -0.0142091 -0.019769 0.0160107 0.0145671 0.000537705 -0.0715283 -0.0155432 -0.0377919 0.0014817 0.00458884 -0.0366768 -0.0210284 -0.0540319 0.0716852 0.0137482 -0.0123355 0.00304461 -0.0393258 0.00177965 0.000537921 -0.00893908 0.0752684
internal_weight=9624.14 6421.24 3202.9 4295.85 4092.41 2994.1 2017.14 2125.39 1098.3 991.347 1631.3 481.546 1943.19 2002.76 876.384 379.908 496.475 1236.13 616.757 141.676 379.382 1185.76 1066.81 597.73 380.76 216.97 411.193 176.401 237.375 182.195
internal_count=1697020 1583296 113724 1405094 1391950 1282355 49858 178202 109595 136813 31910 16686 171842 1145542 127669 116742 10927 20175 92909 42415 80632 63866 44173 9525 6175 3350 15453 11550 12277 6360
is_linear=0
shrinkage=0.08


Tree=51
num_leaves=31
num_cat=0
split_feature=9 7 5 9 9 2 12 12 12 9 10 2 9 8 1 12 10 9 5 0 16 0 12 15 2 1 15 6 3 8
split_gain=1363.38 402.032 230.497 211.503 237.118 148.5 133.799 113.481 104.123 89.6352 182.585 77.4292 60.0721 56.1515 52.9244 46.6481 44.652 44.3297 42.8074 42.3462 75.0057 40.4961 43.9217 39.4486 39.0921 84.258 38.6123 35.7986 51.5605 35.5632
threshold=0.76239567995071422 1.5000000000000002 1.0000000180025095e-35 0.51119467616081249 1.0000000180025095e-35 0.8956778645515443 0.30952382087707525 0.30952382087707525 0.63333335518836986 1.0000000180025095e-35 0.057189542800188072 0.65545505285263073 0.39618083834648138 6.5000000000000009 0.81302964687347423 0.41428571939468389 0.17914438992738727 0.97603827714920055 1.0000000180025095e-35 0.55217784643173229 1.0000000180025095e-35 0.70647653937339794 0.22500000149011615 1.0000000180025095e-35 0.58102023601531994 0.71516755223274242 1.0000000180025095e-35 0.38750000298023229 0.65030118823051464 5.5000000000000009
decision_type=2 2 2 2 2 2 2 2 2 2 2 2 2 2 2 2 2 2 2 2 2 2 2 2 2 2 2 2 2 2
left_child=1 3 5 4 14 8 9 19 13 -3 -11 27 -8 17 -1 29 -6 23 24 -5 -21 -18 -23 -2 -9 -26 -12 28 -10 -4
right_child=2 6 15 7 16 -7 12 18 11 10 26 -13 -14 -15 -16 -17 21 -19 -20 20 -22 22 -24 -25 25 -27 -28 -29 -30 -31
leaf_value=-0.051113512872190132 0.023785926615281432 0.0061181752222080913 0.065548352209285773 -0.067292382017818494 -0.073902424810355333 0.071777228277643546 0.010658368416354199 -0.019931080602440122 0.017394971398024699 -0.067058667603642957 0.032241568998164105 0.070488699155730514 0.077860993559589683 -0.032707042943307292 -0.006293774456621477 0.080461751139893956 -0.048418401694015158 0.079215203397475731 0.08926008309142619 -0.041912871388305108 0.033821836296910282 -0.037487613007108636 0.17607588083674369 -0.015603433854405432 0.085617340552365223 -0.0026509166955630825 -0.02245585260889205 0.077563978432476546 -0.078011815452427885 0.0096055061881854704
leaf_weight=233.5405469047837 327.60119764087722 1349.0755949858576 186.74934128299356 198.4742391341133 1598.4895448992029 352.75728725269437 154.4995579328388 224.13662760832813 254.34945460781455 381.3503700857982 228.74424784176517 286.87590058334172 189.59871130192187 272.79525727033615 606.5242569274269 805.22879812680185 69.914119592285715 54.682315368205309 42.434927640249953 332.42350535735022 111.85238399065565 12.152648141840475 12.505120074143631 323.32544407108799 97.980342805851251 235.72635835618712 129.28152451047208 49.068114196881652 42.278561549261212 119.11301151942462
leaf_count=77688 4258 24442 8309 68289 1022019 17591 3756 15584 3527 194348 10974 12718 6790 3939 48755 52896 28096 1374 1075 51254 12015 2574 557 4176 2915 4797 7883 1693 672 2712
internal_value=-0.00232445 -0.0238995 0.0412399 -0.0402385 -0.0535013 0.0247642 0.00146432 -0.0132106 0.0144696 -0.00615146 -0.0285388 0.039764 0.0476871 -0.00188403 -0.0187538 0.0703591 -0.0707423 0.0100324 0.0118018 -0.0365703 -0.0228456 -0.0173292 0.0708205 0.00422062 0.00590962 0.0232657 0.0124906 0.0142671 0.00379659 0.0437623
internal_weight=9283.53 6208.7 3074.82 3776.15 2533.13 1963.73 2432.55 1243.03 1610.98 2088.45 739.376 632.572 344.098 978.404 840.065 1111.09 1693.06 705.609 600.278 642.75 444.276 94.5719 24.6578 650.927 557.843 333.707 358.026 345.696 296.628 305.862
internal_count=1697676 1583811 113865 1335618 1179689 49948 248193 155929 32357 237647 213205 18610 10546 13747 126443 63917 1053246 9808 24371 131558 63269 31227 3131 8434 23296 7712 18857 5892 4199 11021
is_linear=0
shrinkage=0.08


Tree=52
num_leaves=31
num_cat=0
split_feature=9 9 5 9 2 0 9 13 16 1 13 6 1 0 8 0 15 6 16 13 1 8 8 2 6 10 6 8 8 6
split_gain=1199.21 532.362 376.459 223.767 212.104 163.497 133.603 122.279 96.3508 87.1861 67.7245 82.0645 60.8517 62.3245 59.2076 58.3053 49.188 42.3921 47.8315 42.3513 42.231 39.6842 38.4815 58.7501 35.7759 35.4915 32.9477 42.076 30.9781 29.6844
threshold=0.5827293097972871 1.0000000180025095e-35 1.0000000180025095e-35 0.46120400726795202 0.87841832637786876 0.6351073980331422 0.94759726524353038 1.0000000180025095e-35 1.0000000180025095e-35 0.80874970555305492 1.0000000180025095e-35 0.13392857462167743 0.68801230192184459 0.75134408473968517 3.5000000000000004 0.33534136414527899 1.0000000180025095e-35 0.91666665673255932 1.0000000180025095e-35 1.0000000180025095e-35 0.65599384903907787 5.5000000000000009 2.5000000000000004 0.73546314239501964 0.77500000596046459 0.07275132462382318 0.18333333730697635 8.5000000000000018 5.5000000000000009 0.21111111342906955
decision_type=2 2 2 2 2 2 2 2 2 2 2 2 2 2 2 2 2 2 2 2 2 2 2 2 2 2 2 2 2 2
left_child=1 9 4 17 6 -5 8 16 10 22 21 -12 29 -14 24 -4 -7 -3 25 26 -16 -2 23 -1 -10 -19 -17 -28 -6 -9
right_child=2 3 15 5 28 7 -8 12 14 -11 11 -13 13 -15 20 19 -18 18 -20 -21 -22 -23 -24 -25 -26 -27 27 -29 -30 -31
leaf_value=-0.046765575709120093 -0.018108582202071677 -0.075410892053631995 -0.04584752336890513 -0.062436002128998878 0.065131939283092244 0.013441557183201057 0.04922915443618283 0.38626082881303198 0.063206025757954171 0.0052411198726316464 -0.012351497285913331 0.046879324537743426 0.0061631778543911322 0.12639820351321712 -0.066792219219337909 0.10328928785333172 -0.048764531407234815 -0.034857089393992645 -0.072822466297241095 0.080187045979893443 0.014806799739392237 -0.057884980317378723 -0.057723433661268635 0.067212343238408023 -0.025461343711501008 0.061379037027108931 0.055144892600682456 -0.0050014610372215865 -0.085225104509817171 0.04968198166242737
leaf_weight=73.474840482696891 444.26431421993766 1505.9404662282905 29.515363983227871 321.95120016427245 465.89619212551042 194.06336163636297 353.54613404069096 5.9358701364835706 233.55196377949324 1959.3192145875655 654.87202303716913 194.0717964079231 55.238139810506254 55.128347860299982 51.399795095901936 66.189804770052433 140.07238555490039 64.997331536142156 118.43114221654832 743.08073131693527 193.05060580279678 251.34514611086342 226.28507490456104 47.754814033629373 33.272415257059038 39.389227345818654 366.2195175869856 93.428665768238716 8.9379857655148935 2.3373530139215291
leaf_count=22435 17975 1043887 1066 163655 21343 36023 11130 507 9101 67581 12521 4375 5931 1244 9518 1642 39068 16102 49622 51434 6419 21355 59645 3552 705 2091 14769 2488 222 132
internal_value=-0.00179274 -0.0290338 0.0295363 -0.054581 0.0134328 -0.018853 0.00380184 0.0121372 -0.00401041 -0.00130885 -0.0139748 0.00118889 0.0819075 0.0662209 0.0260918 0.065307 -0.0126357 -0.0705921 -0.0380239 0.0678925 -0.00235076 -0.032481 -0.0382382 -0.00186737 0.0521494 0.00145665 0.0505185 0.0429195 0.0623017 0.29117
internal_weight=8992.96 4810.32 4182.64 2503.48 2884.21 774.727 2409.37 452.775 2055.83 2306.83 1544.55 848.944 118.64 110.366 511.275 1298.43 334.136 1728.76 222.818 1268.92 244.45 695.609 347.515 121.23 266.824 104.387 525.838 459.648 474.834 8.27322
internal_count=1697538 1511475 186063 1358262 114664 246560 93099 82905 81969 153213 56226 16896 7814 7175 25743 71399 75091 1111702 67815 70333 15937 39330 85632 25987 9806 18193 18899 17257 21565 639
is_linear=0
shrinkage=0.08


Tree=53
num_leaves=31
num_cat=0
split_feature=9 5 6 2 9 9 12 0 12 2 12 12 9 8 3 3 2 4 9 3 12 1 0 6 7 16 16 10 8 2
split_gain=1097.96 370.245 209.373 186.42 167.186 187.091 125.69 117.227 92.1509 80.2826 76.3258 68.1562 64.5372 60.6994 70.9165 57.7873 99.3093 54.9581 53.7055 53.6163 47.5853 45.8324 45.0339 43.5093 41.6488 41.562 39.3057 59.3003 38.9797 35.6169
threshold=0.76239567995071422 1.0000000180025095e-35 0.81666666269302379 0.84074437618255626 0.51119467616081249 1.0000000180025095e-35 0.63333335518836986 0.56294015049934398 0.22500000149011615 0.65545505285263073 0.30952382087707525 0.55000001192092907 0.37800076603889471 4.5000000000000009 0.80874970555305492 0.90521115064620983 0.94791102409362804 0.90595519542694103 0.98367321491241466 0.99425286054611217 0.36666667461395269 0.81204709410667431 0.96609193086624157 0.46428571641445165 2.5000000000000004 1.0000000180025095e-35 1.0000000180025095e-35 0.16228070110082629 5.5000000000000009 0.9529346525669099
decision_type=2 2 2 2 2 2 2 2 2 2 2 2 2 2 2 2 2 2 2 2 2 2 2 2 2 2 2 2 2 2
left_child=1 3 6 4 5 13 17 -3 24 21 23 15 -10 14 -1 -5 -17 18 19 25 29 -8 -7 -6 26 -2 -9 -28 -21 -4
right_child=2 7 20 11 10 22 9 8 12 -11 -12 -13 -14 -15 -16 16 -18 -19 -20 28 -22 -23 -24 -25 -26 -27 27 -29 -30 -31
leaf_value=-0.03625977248926484 -0.011495064633931316 -0.057961056879435348 0.023609686660230653 0.027764859933581142 -0.055601086841197758 -0.073226328899493889 0.0072901163704593083 0.023240521879850186 0.01373625713914119 0.073526339274181493 0.0025332369854490781 0.098571598713847644 0.098132229507037705 -0.048416479868611043 0.031750361116535751 -0.039298199370012006 0.038534368467827325 0.065119439937621759 0.069306486186331978 0.092286833267362436 0.079619633507279436 0.074396935177151999 1.1365339644311676 -0.0081250990135211705 0.032437713454281779 0.028864032293011616 -0.017489498987229509 0.060875423893406895 -0.11175738372531641 0.079998310771178041
leaf_weight=194.10639117495157 626.43370269890875 153.02695019904058 214.19659977033734 228.14503799867816 361.46598230605014 1433.5804154785583 303.02423943020403 319.13091258320492 102.47856270894408 379.67164609115571 563.57594220386818 41.847619492793456 133.57435827783775 330.30991624481976 198.44162823725492 422.57277450920083 139.57007231493481 88.574911165982485 65.33448850736022 6.9099052324891082 702.95347988326102 82.970438012853265 0.19696115981787343 187.69089566287585 326.09941161505412 220.88449203036726 675.73806838947348 68.021755443653092 45.105662279762328 107.75255826674402
leaf_count=51198 8597 67227 6010 34149 114478 1038246 4653 10236 1079 22287 23307 1353 5230 70381 17284 40734 2998 3799 1867 232 51925 4729 39 16528 12234 3657 75759 1061 1087 5063
internal_value=-0.00177356 -0.0215122 0.0390361 -0.0347302 -0.0433348 -0.0563295 0.0227418 0.00897785 0.0152813 0.0474067 -0.0181492 -0.000923771 0.0614931 -0.0231444 -0.00187916 -0.00619229 -0.0199738 0.0048114 -0.000726024 -0.00581372 0.0679538 0.0217149 -0.0730601 -0.0393747 0.00742786 -0.000973989 -0.000245273 -0.0103225 -0.0846515 0.0424823
internal_weight=8723.39 5879.57 2843.81 4101.5 3269.37 2156.64 1818.91 1778.07 1625.04 765.666 1112.73 832.136 236.053 722.858 392.548 790.288 562.143 1053.24 964.668 899.334 1024.9 385.995 1433.78 549.157 1388.99 847.318 1062.89 743.76 52.0156 321.949
internal_count=1697427 1583521 113906 1410695 1331461 1177148 50908 172826 105599 31669 154313 79234 6309 138863 68482 77881 43732 19239 15440 13573 62998 9382 1038285 131006 99290 12254 87056 76820 1319 11073
is_linear=0
shrinkage=0.08


Tree=54
num_leaves=31
num_cat=0
split_feature=9 2 5 12 7 9 2 9 9 9 9 16 10 9 7 12 12 16 15 1 12 3 7 0 1 8 1 1 8 8
split_gain=945.377 334.153 204.702 180.166 157.442 139.66 127.56 84.8595 78.6266 63.052 156.098 55.3628 72.5987 122.315 59.5419 53.8233 50.7889 48.1011 46.1814 39.9926 38.1832 36.7424 93.936 78.3336 66.3066 58.4879 52.8706 33.9281 33.562 31.0736
threshold=0.76239567995071422 0.680425524711609 1.0000000180025095e-35 0.55000001192092907 1.5000000000000002 0.54267463088035595 0.89825496077537548 0.94759726524353038 1.0000000180025095e-35 1.0000000180025095e-35 0.46120400726795202 1.0000000180025095e-35 0.16228070110082629 1.0000000180025095e-35 2.5000000000000004 0.30952382087707525 0.41428571939468389 1.0000000180025095e-35 1.0000000180025095e-35 0.80982521176338207 0.41428571939468389 0.67028987407684337 1.0000000180025095e-35 0.64051282405853283 0.70064935088157665 5.5000000000000009 0.76417112350463878 0.90219989418983471 9.5000000000000018 5.5000000000000009
decision_type=2 2 2 2 2 2 2 2 2 2 2 2 2 2 2 2 2 2 2 2 2 2 2 2 2 2 2 2 2 2
left_child=1 5 6 4 9 8 7 17 19 -3 -11 14 13 -13 -6 -7 29 28 -12 -1 27 23 -23 26 -25 -24 -17 -19 -2 -4
right_child=2 3 16 -5 11 15 -8 -9 -10 10 18 12 -14 -15 -16 21 -18 20 -20 -21 -22 22 25 24 -26 -27 -28 -29 -30 -31
leaf_value=-0.063150259836149414 -0.0004064197606392026 -0.0085110218101306194 0.061764006363993436 0.073445589109841961 0.019073086458229735 -0.039801125170118287 0.07039690887239769 0.047567066225714633 -0.071414790815734486 -0.07346803874553226 0.016214609722639762 0.0046141191152375485 0.050380066914014712 -0.056744048641685016 0.11618013251690608 -0.020557027332845687 0.079979652321547801 0.025933829296035004 -0.037098745926338543 -0.011103827923645001 0.06837298846540811 -0.098688210723793524 0.12680945012299613 0.19765018990112049 0.038640093679637645 -0.035493814374154026 0.1365715038179694 -0.053416889708559498 -0.042692357979788972 0.0070775989272480822
leaf_weight=148.01477388548665 740.33496363880113 596.35411518265028 158.51881937682629 177.17433038924355 556.14028244337533 329.12531643570401 287.05358432698995 340.13877508975565 1022.9380843850086 476.52767902682535 241.47085133614019 872.25153096602298 143.33503838919569 273.0108349127695 43.577693312312476 165.46181282261387 645.5438936939463 164.74877600604668 182.63539790082723 261.28402250492945 105.60721926949918 63.791587218176574 27.416325083933771 24.421466654632241 53.665001439396292 29.499615687411278 14.942886412842197 43.615305233746767 143.39221389079466 114.5541134364903
leaf_count=54844 11132 63432 8329 8696 27320 75638 17435 11935 763961 363282 24459 10775 3082 127248 493 9544 52990 2227 25716 19341 4602 1792 536 330 1035 861 256 416 2127 2704
internal_value=-0.00164273 -0.0202059 0.0369453 -0.00519535 -0.00931113 -0.0451876 0.0214412 0.0123031 -0.0595581 -0.0286878 -0.0420479 0.00605001 -0.00329493 -0.0100126 0.0261292 -0.0161304 0.0677452 0.0022884 -0.00674404 -0.0299254 0.0291856 0.00441461 -0.0320269 0.0214317 0.0883703 0.0426874 -0.0075421 0.00932393 -0.00726767 0.0388231
internal_weight=8446.55 5703.04 2743.51 3562.48 3385.3 2140.56 1824.89 1537.84 1432.24 1496.99 900.634 1888.32 1288.6 1145.26 599.718 708.324 918.617 1197.7 424.106 409.299 313.971 379.199 120.708 258.491 78.0865 56.9159 180.405 208.364 883.727 273.073
internal_count=1696538 1582641 113897 654503 645807 928138 49874 32439 838146 476889 413457 168918 141105 138023 27813 89992 64023 20504 50175 74185 7245 14354 3189 11165 1365 1397 9800 2643 13259 11033
is_linear=0
shrinkage=0.08


Tree=55
num_leaves=31
num_cat=0
split_feature=9 7 9 9 12 4 6 12 15 6 4 11 4 0 1 9 9 16 10 9 9 15 0 1 15 15 12 16 3 1
split_gain=824.849 304.948 185.346 215.29 178.93 155.81 95.0261 92.2325 86.3577 71.7049 65.7739 64.9344 51.6065 51.4935 85.9043 50.2408 163.708 48.506 45.3385 41.9661 40.4706 41.9322 37.7377 36.1528 33.1277 30.5467 30.2428 29.137 44.6203 28.7325
threshold=0.8011976182460786 1.5000000000000002 0.49890829622745519 1.0000000180025095e-35 0.41428571939468389 0.680425524711609 0.38750000298023229 0.41428571939468389 1.0000000180025095e-35 0.15476191043853763 0.94804319739341747 3.5000000000000004 0.52704679965972911 0.6911335587501527 0.74322345852851879 0.20766969025135043 0.46120400726795202 1.0000000180025095e-35 0.17914438992738727 0.38364128768444067 0.98367321491241466 1.0000000180025095e-35 0.6911335587501527 0.81302964687347423 1.0000000180025095e-35 1.0000000180025095e-35 0.22500000149011615 1.0000000180025095e-35 0.74115687608718883 0.8263767957687379
decision_type=2 2 2 2 2 2 2 2 2 2 2 2 2 2 2 2 2 2 2 2 2 2 2 2 2 2 2 2 2 2
left_child=1 2 3 23 10 6 29 15 11 13 20 12 -4 -10 -15 -3 -17 -14 -5 -9 21 -2 -20 -1 -18 -21 -24 -11 -29 -6
right_child=4 7 8 18 5 -7 -8 19 9 27 -12 -13 17 14 -16 16 24 -19 22 25 -22 -23 26 -25 -26 -27 -28 28 -30 -31
leaf_value=-0.045249006437115005 0.017029267383415633 0.007119057000773186 -0.031016461534649688 -0.072719090927203328 -0.0088330769195944844 0.073555872986059576 0.078795124241525252 0.010914839467692053 -0.027359389667490609 -0.070999460526156244 0.071015264496313832 -0.047771450685317303 0.014455290770949243 0.17919382453139732 0.0031318411278152608 -0.064082639014059806 0.030251749580853114 0.071715928024737738 -0.044801303873105262 0.088793366373077318 0.071894715957636857 -0.021926114608200181 -0.025593115574865325 -0.0059167696512307192 -0.016276523836982214 0.017376269880024327 0.17446771854586968 -0.060853761880067178 0.043984163134020621 0.075984830114864843
leaf_weight=200.04039543191902 336.57564148120582 1331.597949725925 117.84615742741153 1180.9992317269789 335.21975719276816 990.96622699685395 123.83351586479694 144.14075419865549 181.23221369984094 251.51180145260878 98.131636846810579 116.77466572145931 418.62745096406434 23.173232943052426 75.595878976280801 301.50360331044067 266.23578405368607 122.35370466613676 43.557852578582242 133.74352153332438 48.778652084060013 372.63869343465194 8.4761016591219249 592.71791278547607 154.9231804976007 53.728381798951887 11.260314807295797 69.781655185506679 41.394977505784482 27.670940935611725
leaf_count=77809 5397 24808 37678 998228 4661 75001 6067 3368 14595 55521 5609 3537 37393 337 3270 191303 11520 11285 23047 6721 1132 6153 2286 49054 11422 2896 692 22536 3220 1315
internal_value=-0.00171284 -0.0177754 -0.0329644 -0.0484247 0.0384895 0.0553502 0.0182835 0.00422213 -0.0107592 -0.0324451 0.00938752 0.00721043 0.0169558 -0.00203266 0.0444395 -0.00209756 -0.0190804 0.0274059 -0.0691838 0.0433711 0.00140904 -0.00343885 -0.00322015 -0.0158417 0.0131363 0.0683256 0.0885486 -0.0559239 -0.0218189 -0.00236559
internal_weight=8175.03 5841.22 3455.34 2037.05 2333.82 1477.69 486.724 2385.87 1418.29 642.69 856.125 775.602 658.827 280.001 98.7691 2054.26 722.663 540.981 1244.29 331.613 757.993 709.214 63.2943 792.758 421.159 187.472 19.7364 362.688 111.177 362.891
internal_count=1697861 1592526 1340488 1151116 105335 87044 12043 252038 189372 99479 18291 89893 86356 18202 3607 239053 214245 48678 1024253 12985 12682 11550 26025 126863 22942 9617 2978 81277 25756 5976
is_linear=0
shrinkage=0.08


Tree=56
num_leaves=31
num_cat=0
split_feature=10 5 9 9 1 13 12 8 13 8 8 6 8 16 9 12 4 10 0 1 12 0 1 6 1 8 6 4 6 6
split_gain=719.28 271.615 185.716 284.089 155.695 107.805 102.13 100.695 97.3728 81.2792 76.8979 70.0763 69.3224 63.6435 66.7904 61.1569 92.0961 86.1749 48.4597 78.0665 46.8363 46.0522 45.9705 42.8578 39.9506 42.5717 41.8894 39.8053 39.0582 36.8268
threshold=0.48333333432674414 1.0000000180025095e-35 0.53021174669265758 1.0000000180025095e-35 0.85313725471496593 1.0000000180025095e-35 0.36666667461395269 13.500000000000002 1.0000000180025095e-35 4.5000000000000009 5.5000000000000009 0.13392857462167743 6.5000000000000009 1.0000000180025095e-35 0.87332859635353099 0.41428571939468389 0.69860395789146434 0.08893280848860742 0.75513628125190746 0.73375529050827037 0.41428571939468389 0.62575301527977001 0.96922349929809581 0.13392857462167743 0.92637759447097789 3.5000000000000004 0.30952382087707525 0.94201681017875682 0.15476191043853763 0.46428571641445165
decision_type=2 2 2 2 2 2 2 2 2 2 2 2 2 2 2 2 2 2 2 2 2 2 2 2 2 2 2 2 2 2
left_child=1 2 3 9 13 7 27 -3 10 24 29 18 -13 14 -2 -5 -17 -18 19 -10 -16 23 28 -22 26 -26 -1 -6 -9 -4
right_child=4 5 8 15 6 -7 -8 22 11 -11 -12 12 -14 -15 20 16 17 -19 -20 -21 21 -23 -24 -25 25 -27 -28 -29 -30 -31
leaf_value=-0.066874115806171711 -0.030150371500280739 0.013004658866032011 -0.024589772154341133 -0.072945850779721572 0.0085626058644112796 0.079488616662373071 0.077752921536320047 0.14030055584849493 0.013739406721993754 -0.043048867582551623 -0.054818336974520446 0.077906290046677387 -0.03457762956665713 0.053564894229479111 -0.016655372209949199 -0.060032856100984314 -0.039108621586654561 0.12598441595210833 0.084425061751132638 -0.0609785128995948 -0.036102688700378124 0.062158937224338101 -0.05964100216605446 0.067218310113274851 -0.040699435260261867 0.041796041609422921 0.020336625982980739 0.072840917281651693 -0.017274996235469568 0.014357465948765974
leaf_weight=37.758915705373511 239.60279567539692 1427.3671017691959 329.16359622881282 1113.0942814191803 251.97764451894909 133.63928278407548 727.15314746764489 13.846467304159885 312.15928122319747 354.15765858348459 312.69756781787146 171.75862209347542 44.059818364446983 218.19464912032709 139.06268369778991 204.65826871065656 41.839583868975751 39.18720847950317 39.889830113854259 125.46405490115285 76.30008293222636 201.01822631619871 197.54763085045852 38.739606495015323 197.3900213628076 50.220996376592666 530.23498276190367 81.634046960622072 36.886150904698297 294.30021679506171
leaf_count=16243 3753 93373 41229 948533 6100 7452 66722 968 12877 71358 60389 4842 1255 7442 1182 162845 22640 5511 565 3100 1118 8812 68452 1395 4189 1043 53210 5050 7955 8657
internal_value=-0.00180525 -0.0155713 -0.0267388 -0.040141 0.0400946 0.0103404 0.0609392 0.00482556 -0.00561319 -0.0110472 -0.0224429 0.017111 0.0549424 0.0158741 0.00403642 -0.0644713 -0.0314526 0.0407358 1.2509e-05 -0.00768178 0.0220344 0.0390576 -0.0421962 -0.00130935 0.00284877 -0.0239675 0.0145391 0.0242914 0.0257321 -0.0062051
internal_weight=7981 6007.32 4198.03 2568.54 1973.68 1809.29 1060.76 1675.65 1629.49 1169.76 936.161 693.332 215.818 912.918 694.723 1398.78 285.685 81.0268 477.513 437.623 455.121 316.058 248.28 115.04 815.605 247.611 567.994 333.612 50.7326 623.464
internal_count=1698260 1596686 1418486 1285572 101574 178200 77872 170748 132914 146043 110275 22639 6097 23702 16260 1139529 190996 28151 16542 15977 12507 11325 77375 2513 74685 5232 69453 11150 8923 49886
is_linear=0
shrinkage=0.08


Tree=57
num_leaves=31
num_cat=0
split_feature=10 2 12 9 1 9 4 2 9 10 15 12 12 8 10 12 2 6 6 8 8 1 11 1 9 4 6 2 9 0
split_gain=674.845 262.612 204.799 191.4 123.451 89.1035 84.9317 77.1763 83.9147 295.455 91.2812 61.7804 48.6664 48.5732 47.9737 45.3576 45.2878 44.594 42.7581 40.0569 39.9973 34.5264 33.434 32.8899 32.2656 25.4657 24.9342 21.6627 21.5846 21.4665
threshold=0.55050507187843334 0.680425524711609 0.55000001192092907 0.51119467616081249 0.86526826024055492 1.0000000180025095e-35 0.85867896676063549 0.94791102409362804 1.0000000180025095e-35 0.057189542800188072 1.0000000180025095e-35 0.30952382087707525 0.77500000596046459 7.5000000000000009 0.13961039483547213 0.36666667461395269 0.55612829327583324 0.46428571641445165 0.38750000298023229 4.5000000000000009 3.5000000000000004 0.80874970555305492 4.5000000000000009 0.86526826024055492 0.48662948608398443 0.9929577410221101 0.77500000596046459 0.836786448955536 0.54581964015960704 0.59675306081771862
decision_type=2 2 2 2 2 2 2 2 2 2 2 2 2 2 2 2 2 2 2 2 2 2 2 2 2 2 2 2 2 2
left_child=1 3 7 5 12 21 11 8 25 24 -11 17 13 -2 -9 -6 29 23 22 -20 -19 -1 -13 -5 -10 26 -3 -15 -8 -14
right_child=4 2 -4 6 15 -7 28 14 9 10 -12 18 16 27 -16 -17 -18 20 19 -21 -22 -23 -24 -25 -26 -27 -28 -29 -30 -31
leaf_value=-0.059785628517226429 0.017525036161094663 0.011015480728194162 0.068966096626090892 -0.063136772568262403 0.034285204578030158 -0.07367299178026436 0.31328204935576914 0.0080004465141900009 -0.076482273741282358 0.023734099966632342 -0.02587814179911117 -0.0010214258485892703 -0.0253072689526396 -0.040236093622345211 0.060933749875575684 0.078481366755012716 0.063910763974613718 0.052237943871363032 0.11402337943007128 -0.0032776434107749781 -0.030536207046823038 -0.0094022756833189985 -0.072047573964806336 0.013479065821423804 -0.019636431125349373 0.052267067444121615 -0.010187276786569242 -0.19855535295733462 0.077486386850952382 0.044054372784493367
leaf_weight=132.04742255341262 294.326885671122 728.79717828962021 252.83038284850772 296.84960195270833 197.08853468112648 763.64054591074819 2.6209337312029666 456.93262342177331 501.01801921828883 570.06844734959304 406.65857134439284 489.07796565454919 69.632799062877893 77.987611134536564 144.14655787032098 604.24348245142028 234.13461216818541 55.296822023927234 38.636962341144681 35.984417927451432 115.18782692553941 255.43277259683236 46.444132581120357 40.786680121324025 73.245367894531228 64.023034818470478 692.03190483339131 5.9535234086215487 47.754572172067128 48.408504432067275
leaf_count=54624 5923 71611 15517 98897 7147 721773 119 16788 450983 49879 44885 20900 1009 1048 5705 60427 12630 2873 661 1043 10201 19933 671 3206 11915 344 4177 50 1477 1101
internal_value=-0.00162933 -0.0133608 -0.000655717 -0.0346647 0.0459279 -0.0578183 -0.0118582 -0.00549566 -0.0106812 -0.023695 0.00307813 -0.0164356 0.0221402 0.00221554 0.0206945 0.0676113 0.0435411 -0.0370407 0.000724139 0.0574577 -0.00368835 -0.0265722 -0.0071813 -0.0538815 -0.0692318 0.00291236 0.000688423 -0.0514649 0.0897543 0.0031378
internal_weight=7741.29 6209.51 3889.75 2319.76 1531.78 1151.12 1168.64 3636.92 3035.84 1550.99 976.727 1118.26 730.444 378.268 601.079 801.332 352.176 508.121 610.143 74.6214 170.485 387.48 535.522 337.636 574.263 1484.85 1420.83 83.9411 50.3755 118.041
internal_count=1697517 1608182 671804 936378 89335 796330 140048 656287 633794 557662 94764 138452 21761 7021 22493 67574 14740 115177 23275 1704 13074 74557 21571 102103 462898 76132 75788 1098 1596 2110
is_linear=0
shrinkage=0.08


Tree=58
num_leaves=31
num_cat=0
split_feature=9 5 5 2 9 13 13 2 9 10 8 4 6 13 6 8 3 15 9 7 13 12 8 9 15 2 6 8 1 16
split_gain=623.718 240.71 145.973 143.498 139.811 136.068 102.929 93.9551 91.4664 152.167 83.6423 71.2114 51.189 48.9451 48.4027 62.6553 48.3058 47.6304 47.3949 39.5945 39.4304 38.721 38.552 39.3983 32.7925 32.7227 32.695 31.2226 29.8361 28.3355
threshold=0.8011976182460786 1.0000000180025095e-35 1.0000000180025095e-35 0.72821971774101268 0.54267463088035595 1.0000000180025095e-35 1.0000000180025095e-35 0.89825496077537548 1.0000000180025095e-35 0.057189542800188072 16.500000000000004 0.86526826024055492 0.18333333730697635 1.5000000000000002 0.46428571641445165 6.5000000000000009 0.90366768836975109 1.0000000180025095e-35 0.94759726524353038 2.5000000000000004 1.0000000180025095e-35 0.41428571939468389 1.5000000000000002 0.63759058713912975 1.0000000180025095e-35 0.94791102409362804 0.46428571641445165 3.5000000000000004 0.9529346525669099 1.0000000180025095e-35
decision_type=2 2 2 2 2 2 2 2 2 2 2 2 2 2 2 2 2 2 2 2 2 2 2 2 2 2 2 2 2 2
left_child=1 3 7 4 11 8 10 18 16 -10 12 26 22 14 20 -16 28 -11 24 29 -6 -4 -3 -24 -2 -18 -1 -28 -5 -14
right_child=2 6 21 5 13 -7 -8 -9 9 17 -12 -13 19 -15 15 -17 25 -19 -20 -21 -22 -23 23 -25 -26 -27 27 -29 -30 -31
leaf_value=-0.07196669811856593 0.018940100708457239 -0.012150570550254399 0.038221768360404175 0.020913188580091654 -0.056008971940199832 0.055030972667129342 0.079967390297985524 0.069927425914422026 -0.07572708767441555 0.018585005368235749 -0.061505319800395926 0.052208451411486272 0.016898656483660499 0.068821890016425358 0.048402001046569859 -0.054343327690049958 -0.027308439046561692 -0.037830264518077694 0.040510611512902125 0.031268641552043758 -0.015193036551518123 0.079581021690539044 0.35285471102171373 0.10531988218530902 -0.011224800089291352 0.026896335750710505 -0.0095570047988146004 -0.061052376367883417 0.23711972349247035 -0.0098612539063263963
leaf_weight=802.22712304652669 453.33782555582002 10.730917252483779 212.55749663338065 340.68315611744765 254.43485730898101 182.38892142928671 121.64687722618692 214.45131415966898 358.33066039613914 240.07434256910346 116.94536970736226 35.213395740371197 388.59265711862827 40.47040155949071 119.77459078340326 55.626392107107677 354.52398805040866 159.35476501425728 293.28424220532179 322.92926491249818 374.34951461059973 454.94255956541747 5.7386603793129352 14.545787080191074 469.53946278779767 89.214502573013306 120.41631536983186 201.37084822537145 4.1345034439582369 727.08842535148142
leaf_count=739745 8672 1239 9796 31978 72231 9302 7584 16520 336158 24521 55904 9494 13521 696 4715 4627 10283 22942 11884 11474 14645 50391 425 207 7953 475 51708 82195 118 86191
internal_value=-0.00153638 -0.0158257 0.0355186 -0.0272091 -0.0417782 -0.0103209 0.00904788 0.0211049 -0.0180292 -0.0378774 0.00361029 -0.0598158 0.00879186 -0.0170229 -0.021343 0.0158175 0.00104392 -0.00392222 0.0124958 0.0065996 -0.031709 0.0664107 0.110477 0.17535 0.00359287 -0.0164105 -0.0633254 -0.0417822 0.0235056 -0.000540755
internal_weight=7538.92 5440.81 2098.11 3732.59 2003.88 1728.7 1708.22 1430.61 1546.32 757.76 1586.57 1159.23 1469.63 844.656 804.185 175.401 788.556 399.429 1216.16 1438.61 628.784 667.5 31.0154 20.2844 922.877 443.738 1124.01 321.787 344.818 1115.68
internal_count=1697594 1592378 105216 1415833 980056 435777 176545 45029 426475 383621 168961 883142 113057 96914 96218 9342 42854 47463 28509 111186 86876 60187 1871 632 16625 10758 873648 133903 32096 99712
is_linear=0
shrinkage=0.08


Tree=59
num_leaves=31
num_cat=0
split_feature=10 4 9 9 13 15 1 11 3 0 0 6 16 0 5 3 6 1 16 4 3 4 1 6 3 9 1 7 16 1
split_gain=523.478 223.654 192.019 296.613 102.213 98.8197 93.9096 59.8887 59.8725 48.4893 44.4653 44.2357 50.1858 37.8168 37.7651 56.8825 45.8271 33.1264 32.0379 30.9757 45.6747 28.1024 33.1177 68.3608 51.3664 32.1893 23.5232 23.0438 22.9115 22.6578
threshold=0.62019231915473949 0.86319074034690868 0.5246713161468507 1.0000000180025095e-35 1.0000000180025095e-35 1.0000000180025095e-35 0.85313725471496593 1.5000000000000002 0.80874970555305492 0.423303171992302 0.55403152108192455 0.21111111342906955 1.0000000180025095e-35 0.67942845821380626 1.0000000180025095e-35 0.62575301527977001 0.46428571641445165 0.87298336625099193 1.0000000180025095e-35 0.61143791675567638 0.36461389064788824 0.96178188920021068 0.91331186890602123 0.63333335518836986 0.95101958513259899 0.71885213255882274 0.94494947791099559 2.5000000000000004 1.0000000180025095e-35 0.8521554470062257
decision_type=2 2 2 2 2 2 2 2 2 2 2 2 2 2 2 2 2 2 2 2 2 2 2 2 2 2 2 2 2 2
left_child=1 2 3 8 21 9 18 -5 17 -4 -7 13 -13 -12 16 -16 -11 -1 -2 -9 -21 22 23 -3 26 27 -24 -23 -26 -25
right_child=6 4 5 7 -6 10 -8 19 -10 14 11 12 -14 -15 15 -17 -18 -19 -20 20 -22 25 24 29 28 -27 -28 -29 -30 -31
leaf_value=-0.051194445499530547 0.012673114882667532 0.054890822120381197 -0.068816407570454013 -0.06980649947893236 0.067937979352387379 -0.055239671607855312 0.068129322573722964 -0.055135094120750863 0.0037192513394313747 -0.0017486126061277921 -0.015653002680711792 -0.055162298001582039 0.0017597698327858325 0.039136756777717246 0.1681996486517448 0.032313829621420161 0.035981871039588595 0.013020694477640277 0.061000558997405058 1.9697059295205717 0.031680280560286725 0.0038262264287679884 -0.0090700120644197531 -0.090045061019472641 0.042891689875795641 0.071753711301700746 -0.04730688307235794 0.042778633380774533 -0.00057102335635872371 -0.0032902397288813107
leaf_weight=242.05596173473168 424.13263608259149 159.24999105127063 43.596670183527749 1090.0668617099291 190.52774429164128 199.6029897275148 637.88033933099359 44.356942906975746 838.9214605470188 586.22158460947685 176.72751229611458 227.18714896199526 175.86338097508997 148.26296729862224 24.223025644430891 105.95245317078661 317.66510657407343 65.279300049878657 110.70796377817169 0.07793666294310142 55.864779693540186 400.98802037118003 194.52907684782986 30.02489820268238 105.58298021333758 67.961037114262581 218.77479161624797 128.30003753153142 293.14459778578021 53.772380680777133
leaf_count=88355 12225 18133 10136 1137801 15047 38566 62202 35710 49966 47317 7691 22423 8277 4189 459 3712 9844 4156 5289 11 18511 16219 26465 4136 2656 4530 22580 3143 14834 3156
internal_value=-0.00160505 -0.0108971 -0.0208081 -0.0363935 0.0124543 -0.00264773 0.0473998 -0.0643634 -0.0073472 0.013829 -0.021789 -0.0126181 -0.0303254 0.00934248 0.0173134 0.0575994 0.0115115 -0.0375549 0.0226765 -0.0052074 0.0343802 0.00605653 -0.00179309 0.024114 -0.00954728 0.0199234 -0.02931 0.0132683 0.0109379 -0.0343748
internal_weight=7357.5 6184.78 4341.93 2336.62 1842.86 2005.3 1172.72 1190.37 1146.26 1077.66 927.644 728.041 403.051 324.99 1034.06 130.175 903.887 307.335 534.841 100.3 55.9427 1652.33 1055.08 243.047 812.031 597.249 413.304 529.288 398.728 83.7973
internal_count=1697739 1618023 1487124 1334510 130899 152614 79716 1192033 142477 71468 81146 42580 30700 11880 61332 4171 57161 92511 17514 54232 18522 115852 91960 25425 66535 23892 49045 19362 17490 7292
is_linear=0
shrinkage=0.08


Tree=60
num_leaves=31
num_cat=0
split_feature=12 2 3 9 10 9 9 2 1 12 9 11 6 3 1 8 1 9 6 15 9 6 2 9 1 3 2 15 9 6
split_gain=487.21 219.502 218.954 134.987 105.543 274.621 88.451 63.0859 59.9148 56.9252 53.0136 50.5519 49.861 68.2485 66.705 50.0416 46.5524 36.0492 35.5111 33.0947 40.0989 32.0373 30.4235 28.9215 28.1817 83.9291 67.774 27.0052 26.5878 25.3764
threshold=0.63333335518836986 0.69614070653915416 0.77581480145454418 0.6072751283645631 0.057189542800188072 1.0000000180025095e-35 1.0000000180025095e-35 0.94185259938240062 0.8521554470062257 0.18333333730697635 0.48662948608398443 1.5000000000000002 0.46428571641445165 0.69614070653915416 0.78210893273353588 4.5000000000000009 0.99367088079452526 0.64533194899559032 0.46428571641445165 1.0000000180025095e-35 0.97603827714920055 0.30952382087707525 0.62767899036407482 0.5085725486278535 0.75162336230278026 0.64051282405853283 0.54085850715637218 1.0000000180025095e-35 0.49890829622745519 0.58571431040763866
decision_type=2 2 2 2 2 2 2 2 2 2 2 2 2 2 2 2 2 2 2 2 2 2 2 2 2 2 2 2 2 2
left_child=1 3 8 6 5 -3 18 9 11 19 -7 -2 13 14 22 -14 -16 -9 -1 -6 -21 -15 -5 27 26 -26 -13 -11 -8 -12
right_child=2 4 -4 12 7 10 28 17 -10 23 29 24 15 21 16 -17 -18 -19 -20 20 -22 -23 -24 -25 25 -27 -28 -29 -30 -31
leaf_value=-0.056979244217752925 -0.040242153697198309 0.0041615102374523809 0.074896646729928185 -0.032059267324330308 0.012132552303408711 -0.073644489544193711 -0.074692582073940708 0.010303943157735574 0.087982187167978274 0.15856331286268621 -0.055465246772115562 -0.012233257698641474 0.052216704784958712 -0.097717864069560414 0.073273665818981842 -0.015070325341066846 -0.11068524414316716 0.072548518113633984 -0.0054703514967349509 -0.026811457592800309 0.071272944002341493 -0.022814068429900761 0.03548811780342765 0.028930885194661249 0.086241424935204328 -0.08104528337726695 0.052599655605087947 -0.0079434817160865846 -0.04274887882836801 0.03192892729508013
leaf_weight=119.29150244127959 134.35902430373244 1766.5409022556851 653.77833471080521 287.54350396152586 462.1077225006884 430.10842459351989 562.53044541459531 89.402336279512383 58.45529237651499 21.645011349115521 36.957259889983106 186.6149013665854 144.38604251760989 91.257839593105018 84.410168277099729 138.67836571740918 9.8291935512097535 178.32960836682469 303.84174690372311 359.89772639604053 28.810971389524639 60.954877335112542 50.112176707712933 317.74961690319469 28.511897397344001 58.733567150949966 230.84467870782828 8.7556802760227601 237.02535077300854 50.076310916687362
leaf_count=66996 71111 67488 67429 27018 37715 438992 661290 1173 5264 3526 8483 6164 3008 3917 2577 4220 276 13393 18690 35750 965 3707 1968 13017 873 2267 7182 2653 117200 3171
internal_value=-0.00165473 -0.0116708 0.0416342 -0.0324473 -9.3301e-05 -0.0108485 -0.04957 0.0166528 0.0104576 0.00881254 -0.0621223 0.00336644 -0.00830477 -0.0216588 -0.00542482 0.0192516 0.0540867 0.0517635 -0.019992 -0.00233822 -0.0195415 -0.067722 -0.0220344 0.036063 0.0149756 -0.0263758 0.0236177 0.110608 -0.065223 -0.00518146
internal_weight=7191.54 5840.24 1351.3 2089.86 3750.38 2283.68 1222.69 1466.7 697.519 1198.97 517.142 639.064 867.172 584.108 431.895 283.064 94.2394 267.732 423.133 850.816 388.709 152.213 337.656 348.15 504.705 87.2455 417.46 30.4007 799.556 87.0336
internal_count=1697483 1537193 160290 910867 626326 518134 864176 108192 92861 93626 450646 87597 46691 39463 31839 7228 2853 14566 85686 74430 36715 7624 28986 19196 16486 3140 13346 6179 778490 11654
is_linear=0
shrinkage=0.08


Tree=61
num_leaves=31
num_cat=0
split_feature=12 6 2 9 9 0 10 9 9 12 16 6 6 6 2 0 9 10 9 4 2 9 4 13 0 2 9 2 15 11
split_gain=418.991 203.71 197.888 135.593 130.932 94.1055 93.3932 206.406 57.4383 56.1466 51.4789 55.0138 74.6707 50.089 42.5789 38.8285 47.3032 62.0046 152.662 33.7763 32.93 31.7468 29.8465 28.0907 27.3474 35.2468 27.2991 52.9832 25.8353 25.6141
threshold=0.63333335518836986 0.26785714924335485 0.7243877947330476 0.5827293097972871 1.0000000180025095e-35 0.60922586917877208 0.057189542800188072 1.0000000180025095e-35 0.45727097988128668 0.22500000149011615 1.0000000180025095e-35 1.0000000180025095e-35 0.30952382087707525 0.46428571641445165 0.9529346525669099 0.75513628125190746 0.55391839146614086 0.15192308276891711 0.42131063342094427 0.89512962102890026 0.83910790085792553 0.94759726524353038 0.86526826024055492 1.5000000000000002 0.423303171992302 0.40212766826152807 0.29857499897480017 0.85145786404609691 1.0000000180025095e-35 1.5000000000000002
decision_type=2 2 2 2 2 2 2 2 2 2 2 2 2 2 2 2 2 2 2 2 2 2 2 2 2 2 2 2 2 2
left_child=2 5 3 4 13 23 7 -4 -9 14 21 -12 -13 22 26 29 17 18 -17 -6 -10 24 -1 -2 -5 -26 27 -8 -28 -7
right_child=1 -3 6 10 19 15 9 8 20 -11 11 12 -14 -15 -16 16 -18 -19 -20 -21 -22 -23 -24 -25 25 -27 28 -29 -30 -31
leaf_value=-0.064954776651051177 -0.038123216463970211 0.07185904811977363 0.0045671240222637235 -0.088526243512941194 -0.068428262845498619 -0.031628377833930257 -0.080221148216015337 -0.072592769379712763 -0.054101980774348524 0.045782996739141685 0.10640995031715042 -0.068515957852766318 0.033038385621065841 -9.3981642299011307e-05 0.045540727674940905 -0.080279599918049102 0.066735072470964135 0.18320217060097496 1.8970822054753831 0.044372689607594142 0.041909694325716194 0.039251064592228622 0.09369200662067266 0.032776927568468749 0.071725240000719157 -0.022353875409063279 0.013826900233407746 1.679827097107023 -0.015640543484356138 0.031535362828303735
leaf_weight=131.59423114848323 231.74969742394751 648.21353277779417 1656.9443715799134 37.75532283494249 764.70712915324839 49.467537060263567 0.27564106829231505 341.09894463967066 41.697673924674746 362.18921612744452 42.415851184749044 61.641552965156734 186.6387688863324 396.65838172915392 165.01331246644258 0.51519490865757578 76.768866253085434 4.551165814162232 0.48523750685853884 17.374944881536067 50.613540537538938 58.101052928715944 8.0539650751743448 42.290642829029821 26.582711535855196 618.14054978522472 417.33146994560957 0.18156823597382754 350.21225316764321 242.58782618748955
leaf_count=79483 56398 71029 49851 4851 833675 18302 225 374755 14972 22473 1111 14794 6159 23130 6679 351 5385 76 142 4657 4763 1891 586 845 1951 34961 28585 20 27891 7662
internal_value=-0.000925328 0.0401447 -0.0102105 -0.0280481 -0.0450451 0.00844021 0.00216926 -0.00828978 -0.0574422 0.0190493 -0.00631908 0.0222097 0.00782508 -0.0146005 0.00867147 0.0345152 0.083043 0.308552 0.878796 -0.0659222 -0.00145951 -0.0175174 -0.0558051 -0.0271817 -0.0223502 -0.0184749 0.000749715 0.618734 0.000381595 0.0208369
internal_weight=7031.85 1296.63 5735.22 2349.66 1318.39 648.416 3385.56 2090.35 433.41 1295.2 1031.28 290.696 248.28 536.307 933.014 374.376 82.3205 5.5516 1.00043 782.082 92.3112 740.58 139.648 274.04 682.479 644.723 768.001 0.457209 767.544 292.055
internal_count=1697653 160190 1537463 1007249 941531 89161 530214 444341 394490 85873 65718 22064 20953 103199 63400 31918 5954 569 493 838332 19735 43654 80069 57243 41763 36912 56721 245 56476 25964
is_linear=0
shrinkage=0.08


Tree=62
num_leaves=31
num_cat=0
split_feature=10 5 10 14 13 1 15 12 2 0 7 10 11 0 2 2 12 13 2 12 2 1 1 2 7 4 1 0 11 2
split_gain=379.116 175.573 118.197 157.596 100.53 83.931 80.8119 73.2046 54.844 46.6346 45.6076 44.9058 44.7241 42.7279 40.2849 39.7611 37.8284 37.4679 76.1992 36.3003 35.9241 39.3419 35.0579 33.4409 28.5711 27.746 26.417 26.2389 26.0691 25.9428
threshold=0.62019231915473949 1.0000000180025095e-35 0.16228070110082629 1.0000000180025095e-35 1.0000000180025095e-35 0.85313725471496593 1.0000000180025095e-35 0.41428571939468389 0.7243877947330476 0.55403152108192455 1.0000000180025095e-35 0.08893280848860742 3.5000000000000004 0.54261502623558056 0.65771448612213146 0.87007671594619762 0.77500000596046459 1.0000000180025095e-35 0.30877573788166052 0.41428571939468389 0.54653680324554454 0.70064935088157665 0.96824595332145702 0.55612829327583324 2.5000000000000004 0.75147059559822094 0.91331186890602123 0.90366768836975109 1.5000000000000002 0.9624941647052766
decision_type=2 2 2 2 2 2 2 2 2 2 2 2 2 2 2 2 2 2 2 2 2 2 2 2 2 2 2 2 2 2
left_child=1 2 3 7 9 16 12 15 22 26 -11 -10 20 -8 27 -1 -2 29 -19 -7 28 -22 -9 -18 -12 -17 -3 -5 -4 -15
right_child=5 4 6 14 -6 19 13 8 11 10 24 -13 -14 17 -16 25 23 18 -20 -21 21 -23 -24 -25 -26 -27 -28 -29 -30 -31
leaf_value=-0.069357059797071255 -0.0024342875571687008 0.04455760235330572 -0.060611460167502761 -0.05225641985245319 0.07185006791033223 0.028788353624955014 -0.060224729130134928 -0.040367986357552732 -0.019287084274013388 0.089871782180412918 0.00054434954611260974 0.09959626744660223 -0.020533800393853503 -0.034427968282923341 -0.003614892996154796 0.095675216960729129 0.0031621160812583429 1.211036386212083 0.0051882677418872503 0.077048949635084255 0.074895027671984582 0.021662516984674928 1.3525781151852199 0.064030062363985396 0.026600349477477653 -0.031271832544187507 -0.061883852277431685 0.23124019432910295 0.010330381333736031 0.074374943897270937
leaf_weight=769.02798028744292 250.32844440708868 17.774387360666879 47.109395725594368 147.50074197771028 159.39167479227763 132.51972508616745 146.14655685285106 186.04683409683639 41.308046969817951 43.299252764030825 1159.2228378625587 40.050732453353703 194.46887957054423 361.46209216077114 961.09350709698629 12.868892922531812 91.400409697555006 0.33571505959844117 342.13935383100761 403.3564235130325 111.58146608807147 436.2527070469805 0.11570903321262349 156.98512300709262 350.85088744031964 76.645252686634194 93.004331411386374 2.1194626400247207 111.88851995934965 14.591597988270221
leaf_count=909720 5010 4678 21972 57041 14594 5418 44377 158044 14077 2076 93473 2383 5196 33383 88457 859 1835 40 15360 56640 11249 21014 7 10665 14756 30515 60165 28 14102 459
internal_value=-0.00149438 -0.00941891 -0.0187924 -0.0310075 0.0111563 0.0431327 -0.00332088 -0.0520972 -0.0155563 0.00534307 0.0089194 0.039236 0.0134412 -0.0207929 -0.00962625 -0.0634833 0.019513 -0.0127726 0.00637031 0.0651143 0.0227886 0.0325048 -0.0395022 0.041632 0.00659821 -0.0130214 -0.0448054 -0.0482405 -0.0106889 -0.0302062
internal_weight=6860.89 5826.3 4002.75 2236.78 1823.54 1034.59 1765.98 1126.06 267.521 1664.15 1553.37 81.3588 901.301 864.675 1110.71 858.542 498.714 718.529 342.475 535.876 706.832 547.834 186.163 248.386 1510.07 89.5141 110.779 149.62 158.998 376.054
internal_count=1697593 1618025 1428283 1261131 189742 79568 167152 1115605 174511 175148 110305 16460 73533 93619 145526 941094 17510 49242 15400 62058 68337 32263 158051 12500 108229 31374 64843 57069 36074 33842
is_linear=0
shrinkage=0.08


Tree=63
num_leaves=31
num_cat=0
split_feature=12 3 2 9 9 10 9 9 2 0 6 3 2 6 10 4 6 3 0 8 6 8 5 8 0 17 12 0 4 5
split_gain=335.33 192.291 168.824 108.099 78.3763 72.3179 155.663 103.917 68.5801 51.8013 59.4301 58.6982 117.575 71.6306 62.8069 45.2607 38.0839 54.4885 108.884 43.9995 37.1261 50.092 70.5306 38.5565 34.4509 31.5025 29.9733 29.8404 29.234 25.5413
threshold=0.63333335518836986 0.77836257219314586 0.680425524711609 0.57787972688674938 1.0000000180025095e-35 0.13961039483547213 1.0000000180025095e-35 0.44908872246742254 0.94474968314170849 0.58643677830696117 0.38750000298023229 0.63686314225196849 0.63686314225196849 0.13392857462167743 0.74166667461395275 0.85867896676063549 0.46428571641445165 0.64747309684753429 0.61938297748565685 5.5000000000000009 0.21111111342906955 4.5000000000000009 1.0000000180025095e-35 2.5000000000000004 0.67017546296119701 1.0000000180025095e-35 0.30952382087707525 0.54923510551452648 0.83910790085792553 1.0000000180025095e-35
decision_type=2 2 2 2 2 2 2 2 2 2 2 2 2 2 2 2 2 2 2 2 2 2 2 2 2 2 2 2 2 2
left_child=2 9 3 4 28 6 -4 -8 20 10 -2 -11 13 14 -13 16 17 18 -5 24 23 25 -23 -7 -18 -22 -9 -19 29 -1
right_child=1 -3 5 15 -6 8 7 26 -10 11 -12 12 -14 -15 -16 -17 19 27 -20 -21 21 22 -24 -25 -26 -27 -28 -29 -30 -31
leaf_value=-0.048759383871951931 -0.033364164086471221 0.072611325262359624 0.0044333756124011201 -0.035111417693588998 -0.06635293028595253 -0.0095557859683311885 -0.065097765686402492 -0.013588239681799237 0.059082167536458147 0.056983660640013173 0.09908850873231502 -0.1248860389571318 0.036745635418273345 0.036687162643587012 -0.57999442779766319 0.068729248416353472 0.067985946423446825 0.01590390998552316 0.063689382808418515 -0.023675833848291718 0.038665618656673936 -0.053380891305220148 0.020722237713252104 0.063645524593701389 -0.027760916365351794 -0.00029483509448005889 0.055989485429897762 -0.069184760580944485 0.030956390446835118 0.00040753018840622885
leaf_weight=170.41092759522144 223.67455225565936 544.29024237854173 1832.5284932364011 233.45129708031891 581.37186545500299 69.983667432679795 417.41905803314876 196.27801221678965 197.80569386179559 199.32450315466849 24.007258418074343 45.394134989241138 147.05584733828437 19.841749734128825 2.0273698274977496 45.630756197031587 98.896446402301081 30.896227072691545 102.83304275828414 111.72417555563152 226.29117911565118 202.27643212984549 138.47779643360991 134.66291617741808 31.779378701699898 321.57828651246382 49.648662505904213 180.37259547744179 63.155291781760752 112.10411895578727
leaf_count=71077 51427 67122 78671 34286 721999 2446 486251 50352 13655 16713 1273 10852 11303 1405 44 1782 2128 4943 3846 4614 7785 10230 5896 4016 707 15914 2786 10973 1647 2087
internal_value=-0.000847461 0.0373939 -0.00915519 -0.0296074 -0.0484165 0.000364264 -0.00758693 -0.0407937 0.0157353 0.00840889 -0.0205258 0.0257344 -0.00332849 -0.0909415 -0.144343 -0.0087397 -0.0132146 -0.0249019 -0.00489893 0.0131856 0.00789255 0.000817837 -0.0232664 0.0386126 0.044701 0.0157973 0.00045839 -0.0567413 -0.0182497 -0.0292496
internal_weight=6755.19 1205.62 5549.58 1762.63 927.042 3786.95 2495.87 663.346 1291.08 661.325 247.682 413.644 214.319 67.2633 47.4215 835.584 789.953 547.553 336.284 242.4 1093.27 888.624 340.754 204.647 130.676 547.869 245.927 211.269 345.67 282.515
internal_count=1698230 160139 1538091 860089 796810 678002 618060 539389 59942 93017 52700 40317 23604 12301 10896 63279 61497 54048 38132 7449 46287 39825 16126 6462 2835 23699 53138 15916 74811 73164
is_linear=0
shrinkage=0.08


Tree=64
num_leaves=31
num_cat=0
split_feature=12 4 5 8 7 0 1 7 16 9 9 10 9 9 0 16 1 9 9 8 9 1 7 1 0 9 1 0 0 1
split_gain=296.53 173.898 133.009 150.059 87.311 100.665 102.682 79.9468 72.9812 70.6909 68.0193 67.3854 66.1453 65.4849 60.8636 57.5903 54.2802 52.5097 46.966 45.7803 44.2172 42.4255 38.8955 37.336 140.741 54.1924 52.4572 46.9653 36.0984 35.8022
threshold=0.63333335518836986 0.72627374529838573 1.0000000180025095e-35 4.5000000000000009 1.0000000180025095e-35 0.64051282405853283 0.71516755223274242 1.5000000000000002 1.0000000180025095e-35 0.61455422639846813 1.0000000180025095e-35 0.057189542800188072 0.70031845569610607 0.22545801103115085 0.75582656264305126 1.0000000180025095e-35 0.96362435817718517 0.42674797773361212 0.46120400726795202 8.5000000000000018 0.43975344300270086 0.93582704663276683 1.0000000180025095e-35 0.70659971237182628 0.62575301527977001 0.60041153430938732 0.60495716333389293 0.56543695926666271 0.6911335587501527 0.91331186890602123
decision_type=2 2 2 2 2 2 2 2 2 2 2 2 2 2 2 2 2 2 2 2 2 2 2 2 2 2 2 2 2 2
left_child=2 17 3 7 5 -5 12 9 -9 10 -1 13 -7 -4 -8 -11 -13 -2 -12 -18 -15 -10 23 24 26 -26 -19 -25 -29 -6
right_child=1 -3 11 4 29 6 14 8 21 15 18 16 -14 20 -16 -17 19 22 -20 -21 -22 -23 -24 27 25 -27 -28 28 -30 -31
leaf_value=-0.0070855689180019076 -0.073288796301628628 0.071868804349195001 0.0064356214989482246 -0.046580647837493404 -0.054512781957803569 0.37487671551052903 -0.05270411658195065 0.045500907351748929 0.0057162907804985483 -0.007985184777055376 -0.074287808241824779 0.071799578787629395 0.10971513347426375 -0.069680129109867567 0.073498934191576937 0.050961861206002948 0.032856657704979871 0.029970446465013269 -0.021083780002857818 -0.028181156770107067 0.013382841740371108 -0.062876828520439812 0.047829276681106481 0.0801619818102947 0.29441689434044188 0.080705036795998733 -0.05081857361898888 -0.079406554000966842 0.0094872696521694829 -0.01337420308123257
leaf_weight=395.34479763975833 45.905700303148478 491.26317445310997 1062.1296434724936 136.86408466903958 939.10766740370309 7.4598205154179587 51.742936459428165 316.29565035726409 382.01406162552303 531.28686664148699 262.72922778245993 157.82488849101355 31.21280689840205 133.8345666534151 46.377319248393178 132.53376576455776 291.25568930717418 87.713689690164756 178.21901704033371 107.73244848544709 59.141333592240699 67.978487526881509 171.53917362424545 21.352367499202956 8.3082398090045881 88.313324117101729 124.37304201169172 82.756316453276668 45.207638829539064 158.19926401122939
leaf_count=63706 53199 64501 7876 71899 538364 1741 12322 20933 73502 15809 399644 8500 334 134999 2596 5607 16528 7606 86964 6954 15675 4878 15081 1063 818 2089 8791 5119 1783 48893
internal_value=-0.000949327 0.0356531 -0.00878618 -0.0176076 -0.0384997 0.00192734 0.0504606 -0.00496974 0.0160529 -0.0157085 -0.0311809 0.00892245 0.160864 -0.00135341 0.00694676 0.00378377 0.0320851 0.00931374 -0.0527842 0.0163756 -0.0442238 -0.00464578 0.0153368 0.00316779 0.0190529 0.0990816 -0.0174063 -0.0296742 -0.0480018 -0.0485818
internal_weight=6616.02 1166.73 5449.28 3637.37 1370.96 273.657 136.793 2266.4 766.288 1500.11 836.293 1811.92 38.6726 1255.11 98.1203 663.821 556.813 675.469 440.948 398.988 192.976 449.993 629.564 458.025 308.708 96.6216 212.087 149.316 127.964 1097.31
internal_count=1697774 160050 1537724 1347192 676149 88892 16993 671043 99313 571730 550314 190532 2075 158550 14918 21416 31982 95549 486608 23482 150674 78380 42350 27269 19304 2907 16397 7965 6902 587257
is_linear=0
shrinkage=0.08


Tree=65
num_leaves=31
num_cat=0
split_feature=9 2 13 4 9 9 12 0 16 3 0 10 1 3 1 8 4 3 8 8 7 0 3 10 7 9 15 2 1 4
split_gain=264.981 139.987 148.158 128.627 97.382 141.721 66.28 66.3763 60.0904 75.4238 101.421 64.6483 59.4039 40.1551 43.4635 55.9342 54.767 34.5604 52.0218 29.425 53.1815 29.223 29.042 28.3518 27.4933 25.6466 28.7081 25.3373 24.8332 23.1085
threshold=0.89377820491790783 0.76384064555168163 1.0000000180025095e-35 0.88493064045906078 0.51119467616081249 1.0000000180025095e-35 0.41428571939468389 0.65648320317268383 1.0000000180025095e-35 0.64326766133308422 0.61620295047760021 0.21583850681781772 0.71516755223274242 0.9529346525669099 0.90219989418983471 3.5000000000000004 0.93643954396247875 0.80673459172248851 2.5000000000000004 2.5000000000000004 1.0000000180025095e-35 0.86240702867507946 0.77015754580497753 0.17914438992738727 1.0000000180025095e-35 0.98367321491241466 1.0000000180025095e-35 0.85880398750305187 0.86391696333885204 0.9929577410221101
decision_type=2 2 2 2 2 2 2 2 2 2 2 2 2 2 2 2 2 2 2 2 2 2 2 2 2 2 2 2 2 2
left_child=1 3 13 4 5 17 25 22 9 10 -6 -10 -11 14 19 16 -16 28 -19 21 -21 -3 -8 -7 -13 26 -2 -17 -1 -28
right_child=6 2 -4 -5 8 23 7 -9 11 12 -12 24 -14 -15 15 27 -18 18 -20 20 -22 -23 -24 -25 -26 -27 29 -29 -30 -31
leaf_value=-0.051996443591571191 0.034697059378995684 0.0065997932129619342 0.060332149149321702 0.050109690716285994 -0.022150269165289657 -0.072355875510346168 -0.0037067208170690146 0.070806174588574203 -0.025937902537974247 0.0024459371609962151 0.055740408346222799 0.1035142007630369 -0.053838797353335521 0.0097191918207980097 -0.059000710690712624 -0.015895062441228586 0.014302193407448698 0.090004012670777039 -0.0082650195805234611 0.092719128174401255 -0.026773695534771883 0.061640808664976857 0.070743897222287758 -0.0090358477319516742 0.031365460604882933 0.067617972070470295 -0.022279953646495751 0.038626938294272363 0.006508932558462667 0.080896313390672034
leaf_weight=180.60739895701408 116.32425345759839 242.8618071146193 282.45566630043322 158.17062817991246 313.323434692109 575.86150395113509 143.33111612731591 429.35828685155138 131.54304108157521 166.08198342303513 162.4636464426876 41.461470298352651 432.6039698261302 1159.0815939223394 316.05022489104886 136.76682942005573 82.196391674806364 38.37115769344382 339.73996508133132 26.416490535310004 244.14439787896117 82.77662355650682 43.773878823965788 49.116273014864419 182.99014787812484 44.470145109109581 193.96613651560619 90.744061495643109 62.500818944070488 14.964724001474677
leaf_count=82397 2940 77850 26482 11129 47003 908481 3661 57786 44420 18202 7188 959 33421 62282 70522 39744 2928 4496 29745 1094 96321 6109 4221 30601 9685 1696 3655 6520 4867 1497
internal_value=-0.000769549 -0.00761849 0.00555063 -0.0199916 -0.0241341 -0.0404826 0.0374156 0.0534771 -0.00989158 -0.0193295 0.00444651 0.0185943 -0.0382248 -0.000947945 -0.0110662 -0.0257933 -0.0438713 -0.0134228 0.00170744 0.00439102 -0.0151069 0.0205911 0.0137113 -0.0673796 0.044693 0.0106353 0.00284436 0.00585136 -0.0369553 -0.0148899
internal_weight=6484.52 5498.33 2663.49 2834.84 2676.66 1246.2 986.189 616.463 1430.47 1074.47 475.787 355.995 598.686 2381.04 1221.96 625.758 398.247 621.219 378.111 596.199 270.561 325.638 187.105 624.978 224.452 369.725 325.255 227.511 243.108 208.931
internal_count=1697902 1622446 389852 1232594 1221465 1060587 75456 65668 160878 105814 54191 55064 51623 363370 301088 119714 73450 121505 34241 181374 97415 83959 7882 939082 10644 9788 8092 46264 87264 5152
is_linear=0
shrinkage=0.08


Tree=66
num_leaves=31
num_cat=0
split_feature=9 6 12 9 4 0 3 16 8 0 12 5 0 3 0 16 1 1 1 0 7 6 3 4 9 9 3 8 3 16
split_gain=252.728 117.067 124.352 107.8 105.53 74.5767 109.358 88.9682 69.9104 105.464 62.1883 61.3478 60.8457 59.846 55.5648 54.2861 53.9526 64.3408 43.0969 42.327 41.7575 39.8945 37.9085 37.6141 37.3692 37.3153 37.4283 37.0364 36.4976 35.2764
threshold=0.89377820491790783 0.46428571641445165 0.55000001192092907 0.46974781155586248 0.80901724100112926 0.55403152108192455 0.63686314225196849 1.0000000180025095e-35 4.5000000000000009 0.72821971774101268 0.36666667461395269 1.0000000180025095e-35 0.65648320317268383 0.8078865408897401 0.76028168201446544 1.0000000180025095e-35 0.78456193208694469 0.60495716333389293 0.71834936738014232 0.60107529163360607 1.5000000000000002 0.38750000298023229 0.85313725471496593 0.49742268025875097 0.62169164419174205 1.0000000180025095e-35 0.87298336625099193 13.500000000000002 0.51530769467353832 1.0000000180025095e-35
decision_type=2 2 2 2 2 2 2 2 2 2 2 2 2 2 2 2 2 2 2 2 2 2 2 2 2 2 2 2 2 2
left_child=1 3 8 4 -1 18 16 14 9 13 -2 -10 21 19 -8 -6 17 -7 -5 -3 -11 -12 -15 -20 -18 26 -17 29 -25 -13
right_child=10 2 -4 5 15 6 7 -9 11 20 12 27 -14 22 -16 25 24 -19 23 -21 -22 -23 -24 28 -26 -27 -28 -29 -30 -31
leaf_value=-0.065204533273937035 0.011321091110365016 0.079060034434290508 0.066719722488548558 -0.057435629957431449 -0.021975393615135501 0.12194545753686774 -0.046499699327008752 0.048006825375692869 -0.039763978612905378 -0.022963941660440607 -0.0066687707749300265 0.037675791589725137 0.070838300842346116 0.15152349985588817 0.0010586367789858142 0.21369108638016138 0.23799682667088987 0.010464697841834705 -0.047869620475980756 -0.013349883133271344 0.007729840102231861 0.077351198278565431 0.061433522741841877 0.21832259946286631 0.077593317150695604 -0.068320411559560562 0.052056080223803085 -0.036151683658685423 0.020621927013581173 -0.005560118781627094
leaf_weight=541.00485888100229 365.82620048103854 48.159581180661917 180.99171002354706 247.38664439012064 209.52712624584092 38.563041214074474 378.73748504789546 120.88379578018794 452.37831101828488 374.57191587868147 136.99175288900733 169.28620645520277 402.00416125170887 46.269290082447696 268.82528637896758 13.040919945575295 12.142219678731633 235.32628104259493 24.421681590436492 92.940561920928303 1168.8973330991575 49.142911539878696 84.456002122489735 9.2154257826041448 39.645931509323418 10.423760862613561 30.878700971603394 163.90455510490574 17.002312710101251 421.45284502324648
leaf_count=766403 9751 7861 21301 109335 118103 5312 48677 14795 142531 75450 3455 6351 58021 3131 21740 619 1345 28931 6870 17627 105145 4475 4128 410 1540 13191 214 45061 5990 50272
internal_value=-0.000740105 -0.00744572 0.00230899 -0.0216683 -0.0449739 -0.00819407 0.00146961 -0.0149956 -0.00154825 0.00837319 0.03722 -0.0164696 0.0533292 0.0543219 -0.0267566 -0.00349582 0.0403199 0.026161 -0.0436717 0.018191 0.000281017 0.015514 0.0933202 0.0235686 0.115201 0.0677543 0.10005 -0.0025055 0.0901129 0.00682986
internal_weight=6354.3 5400.33 3203.31 2197.03 804.875 1392.15 1094.12 768.447 3022.32 1815.29 953.965 1207.02 588.139 271.825 647.563 263.871 325.677 273.889 298.026 141.1 1543.47 186.135 130.725 50.6394 51.7882 54.3434 43.9196 754.644 26.2177 590.739
internal_count=1698035 1622333 478858 1143475 898530 244945 122340 85212 457557 213342 75702 244215 65951 32747 70417 132127 37128 34243 122605 25488 180595 7930 7259 13270 2885 14024 833 101684 6400 56623
is_linear=0
shrinkage=0.08


Tree=67
num_leaves=31
num_cat=0
split_feature=12 6 2 9 0 1 0 9 1 9 9 9 13 1 1 0 0 9 1 3 15 16 6 9 4 1 5 6 5 16
split_gain=222.313 148.858 96.4255 92.8301 87.6161 69.6776 88.0999 67.6068 55.0574 49.5063 41.9163 207.878 39.7586 39.606 56.1837 113.242 73.8005 38.1336 74.5348 33.841 32.6872 33.6414 46.5011 32.0304 30.9614 37.1101 28.3045 28.1546 57.53 39.4117
threshold=0.41428571939468389 0.41428571939468389 0.6482679843902589 0.41138803958892828 0.6911335587501527 0.74133810400962841 0.76138716936111461 0.64533194899559032 0.8143841326236726 0.47087104618549352 1.0000000180025095e-35 0.4361302256584168 1.0000000180025095e-35 0.8263767957687379 0.70064935088157665 0.59417229890823375 0.56543695926666271 0.50096523761749279 0.87762087583541881 0.81284341216087352 1.0000000180025095e-35 1.0000000180025095e-35 0.21111111342906955 0.65682536363601696 0.74646764993667614 0.75582656264305126 1.0000000180025095e-35 0.73214286565780651 1.0000000180025095e-35 1.0000000180025095e-35
decision_type=2 2 2 2 2 2 2 2 2 2 2 2 2 2 2 2 2 2 2 2 2 2 2 2 2 2 2 2 2 2
left_child=2 4 7 -3 9 19 26 8 -1 24 27 -12 -8 14 15 -11 -16 18 -15 23 -13 22 -22 -6 -2 -26 -7 28 -4 -29
right_child=1 3 10 -5 5 6 12 -9 -10 13 11 20 -14 17 16 -17 -18 -19 -20 -21 21 -23 -24 -25 25 -27 -28 29 -30 -31
leaf_value=-0.070570147432645156 -0.071152731016196361 0.0020081492517380947 0.0058013143695483391 0.063037818057420592 0.1965936094007473 -0.056332139110380784 0.0032288276478193313 -0.0068930351255748878 -0.022031102711796372 -0.031733254943656315 -0.068862968553226295 0.012967394559947956 0.071015911957505659 0.14629305164233117 0.069234954524915376 0.051678726965310277 -0.075345414786580175 0.059145502395274371 2.4458197211771502 -0.078358836451235078 0.026131055303511414 0.006950439779798743 -0.049451925170665663 0.079840240135998747 -0.08006916482700023 5.3843493684291124 0.12049179540338419 0.020289779084440834 0.067607682525467103 -0.014454834350758233
leaf_weight=350.53290977783035 89.319962958776159 216.58618319098605 536.83512917871121 605.28327439242275 19.482618924172129 99.760165384388529 96.051950804481748 380.05121659790166 260.85738472433877 248.72453591134399 347.8410933111445 676.75505790353054 130.76170366542647 0.31382783298613404 27.009506999806035 179.2295158188208 138.26044590090169 43.455253154214006 0.12660475703887641 6.8480521777528329 67.795676803827519 276.89115815318655 224.94423486560117 65.926613670773804 0.01741610560566087 0.014640145062003285 6.150887368945404 294.23426327295601 117.47665429208428 720.81866583507508
leaf_count=466950 147521 12513 78391 79837 3870 15154 17627 22054 159269 18551 508382 60896 12170 79 1503 5116 6189 2357 45 1674 4443 22689 37716 2449 23 18 716 2250 869 4660
internal_value=-0.00124694 0.0209472 -0.0115397 0.0469547 0.00238387 0.0312363 0.0141791 -0.0333896 -0.0498604 -0.0144947 -0.00490201 -0.0141796 0.0423092 -0.00667383 -0.0120996 0.00320014 -0.0517171 0.0666522 0.807305 0.0927531 0.00108146 -0.0130397 -0.0319477 0.106473 -0.0702606 2.41554 -0.0460629 0.00395798 0.0168982 -0.00438338
internal_weight=6228.36 1973.32 4255.03 821.869 1151.45 424.982 332.725 991.442 611.39 726.472 3263.59 1594.23 226.814 637.12 593.224 427.954 165.27 43.8957 0.440433 92.2573 1246.39 569.631 292.74 85.4092 89.352 0.0320563 105.911 1669.36 654.312 1015.05
internal_count=1695981 327412 1368569 92350 235062 53660 45667 648273 626219 181402 720296 634126 29797 33840 31359 23667 7692 2481 124 7993 125744 64848 42159 6319 147562 41 15870 86170 79260 6910
is_linear=0
shrinkage=0.08


Tree=68
num_leaves=31
num_cat=0
split_feature=10 0 1 13 5 2 13 10 7 3 2 8 3 12 1 1 2 12 10 1 16 4 16 6 3 0 16 6 17 6
split_gain=192.404 99.9298 85.3932 85.0754 94.5295 76.9187 56.5267 44.9556 52.1174 40.3805 36.9856 34.6407 41.2943 30.1175 25.2665 23.9644 23.6908 24.6549 21.8473 27.6324 36.3398 25.2461 20.0062 19.0129 25.6353 19.1037 18.6876 18.1243 17.4576 17.4028
threshold=0.62019231915473949 0.54261502623558056 0.85313725471496593 1.5000000000000002 1.0000000180025095e-35 0.94791102409362804 1.0000000180025095e-35 0.097619049251079573 1.5000000000000002 0.42933948338031774 0.64630925655365001 7.5000000000000009 0.99425286054611217 0.36666667461395269 0.57321429252624523 0.90595519542694103 0.55612829327583324 0.41428571939468389 0.22474747896194461 0.65599384903907787 1.0000000180025095e-35 0.51113310456275951 1.0000000180025095e-35 0.30952382087707525 0.5604878067970277 0.54085850715637218 1.0000000180025095e-35 0.58571431040763866 1.0000000180025095e-35 0.46428571641445165
decision_type=2 2 2 2 2 2 2 2 2 2 2 2 2 2 2 2 2 2 2 2 2 2 2 2 2 2 2 2 2 2
left_child=1 10 11 4 5 7 15 8 -3 -9 18 16 -13 -4 -5 -6 23 -18 -1 29 21 -21 -14 24 25 -2 -17 -8 -12 -20
right_child=2 3 13 14 6 -7 27 9 -10 -11 28 12 22 -15 -16 26 17 -19 19 20 -22 -23 -24 -25 -26 -27 -28 -29 -30 -31
leaf_value=-0.062712613256559926 -0.1036640751309178 -0.038550584000265287 0.028427401435246857 0.36600933471945185 0.068196119060452504 0.041697447513511711 0.14073747306964091 0.11211664880027997 -0.007771202155019849 -0.0074048144354193855 0.10945953650612672 -0.013971256305165981 -0.25416674559791635 0.076103842186516987 0.071728341266249537 0.019478061093460217 0.0033834222489479947 0.057331430456881577 -0.068177325994194904 -0.082705773985463832 0.093606538381117446 0.043288879515220605 0.057867119628196975 0.044474505207674694 -0.14690293962867718 0.012529385513257727 -0.00025701008355487386 0.052644711335171686 -0.0046920017342249815 0.016609936568587755
leaf_weight=265.5635998758371 11.463666539406402 839.39169848180609 122.30166108300909 1.9131233243388113 40.126774902339093 158.36196386208758 18.002080695063341 18.309499367489479 606.45987223210977 1515.2170443513605 12.833954624831675 103.72996362962294 7.0376296360045654 276.54216739791445 77.860290648473892 434.79891096957726 86.387852761894464 145.58496369468048 81.555587830836885 24.431186645291746 23.784842767403461 17.446464657259639 1.6172461109235881 28.181879290379584 10.77487835776992 43.11754971370101 1045.4337600117142 88.082126361434348 25.833895135496277 19.1266049129772
leaf_count=349412 136 719677 5395 49 2886 5814 1176 3144 153106 227315 1059 2263 107 56780 4018 13742 1156 12206 14494 2771 1018 1293 44 757 112 763 97256 11272 7469 806
internal_value=-0.000951978 -0.00656603 0.0347056 -0.00314687 -0.00451878 -0.0126319 0.0111332 -0.0155197 -0.0256402 -0.00597779 -0.0417618 0.010315 -0.0279787 0.0614843 0.0787858 0.00719359 0.0235361 0.0372409 -0.0484725 -0.0257387 0.0146363 -0.0302157 -0.19586 -0.0104516 -0.034136 -0.0118747 0.00553991 0.0675937 0.0331952 -0.0520703
internal_weight=6151.27 5314.53 836.739 4843.96 4764.18 3137.74 1626.44 2979.38 1445.85 1533.53 470.576 437.896 112.385 398.844 79.7734 1520.36 325.511 231.973 431.908 166.345 65.6625 41.8777 8.65488 93.538 65.3561 54.5812 1480.23 106.084 38.6678 100.682
internal_count=1697496 1617777 79719 1239455 1235388 1109056 126332 1103242 872783 230459 378322 17544 2414 62175 4067 113884 15130 13362 369794 20382 5082 4064 151 1768 1011 899 110998 12448 8528 15300
is_linear=0
shrinkage=0.08


Tree=69
num_leaves=31
num_cat=0
split_feature=12 3 6 4 11 16 8 0 1 1 4 0 3 11 0 0 1 0 6 3 10 1 1 1 0 0 8 3 3 4
split_gain=168.912 134.965 92.6186 94.0373 108.368 89.6368 73.3173 97.0704 53.8301 49.509 44.7708 39.4587 39.2964 36.473 36.3988 36.2066 66.2894 53.9377 37.0633 32.9286 40.2315 33.3286 32.7494 42.3019 66.9532 30.7668 28.8641 28.307 26.4402 26.3171
threshold=0.63333335518836986 0.79388421773910534 0.41428571939468389 0.80901724100112926 1.5000000000000002 1.0000000180025095e-35 4.5000000000000009 0.70299971103668224 0.89039039611816417 0.87570226192474376 0.93908473849296581 0.70647653937339794 0.68457102775573742 5.5000000000000009 0.85349595546722423 0.65648320317268383 0.74322345852851879 0.76028168201446544 0.46428571641445165 0.98213717341423046 0.36038962006568914 0.95040982961654674 0.79772728681564342 0.61938297748565685 0.54085850715637218 0.90070420503616344 17.500000000000004 0.4901809841394425 0.69614070653915416 0.90366768836975109
decision_type=2 2 2 2 2 2 2 2 2 2 2 2 2 2 2 2 2 2 2 2 2 2 2 2 2 2 2 2 2 2
left_child=2 15 3 4 -1 9 7 12 11 14 -11 -8 -4 -13 -5 18 -17 28 22 21 -21 25 23 24 -2 -9 -10 -25 -18 -23
right_child=1 -3 6 5 -6 -7 8 19 26 10 -12 13 -14 -15 -16 16 17 -19 -20 20 -22 29 -24 27 -26 -27 -28 -29 -30 -31
leaf_value=-0.055565839859581835 -0.060839755898616045 0.067917964905252245 0.002352247924632202 0.0028450201923780481 -0.010026975713814062 0.069795978681363127 -0.011894222548495054 -0.0049048880501827239 0.00085469864605968923 -0.042751065086727713 0.048916039094679606 -0.057324126349197153 0.076840361887637612 -0.23243952027298379 0.10640996631859251 0.080298924272765873 0.0093888953614495296 0.064980270546714819 0.07782429138448349 0.010500426735299169 0.065169715717296364 -0.09576488801470126 0.071864422374846817 0.021026535791985466 0.054279649452210164 0.033114641224124962 -0.05975907200268922 -0.058812995245149435 -0.089360397705150793 -0.019493682578256975
leaf_weight=628.04016457099351 50.7534425346239 375.2024115519016 59.884082380362088 62.153478537860792 715.39335730546736 120.26465934354928 175.60683037780109 582.0594834771764 878.31296610363643 217.51572647003923 40.439044380851556 176.51651609450346 186.46755565772764 7.9551302301697424 33.385409470269224 101.49593914931756 28.79102772261831 40.673985753266606 30.111159801017493 612.19397545119864 100.25985000631772 33.531229227228323 26.071081039204728 34.386495528946398 89.091116928932024 177.84406024188502 53.333162979542976 163.82292707197485 43.680236011714442 212.06279309641104
leaf_count=821077 21270 65567 11735 28977 94980 16771 47111 136134 106974 92622 1710 69951 13679 117 5152 5996 3112 4886 2079 28164 11556 7271 2127 4765 10485 7863 25087 34400 5425 10124
internal_value=-0.000155933 0.0301765 -0.00603969 -0.0205088 -0.0313159 0.0101369 0.00203552 0.0117704 -0.0127681 -0.0101601 -0.0283806 -0.0390372 0.0587335 -0.0648758 0.0390351 0.00691951 0.0333582 -0.00874947 -0.00747501 0.00503595 0.0181937 -0.00428712 -0.0145288 -0.0211915 0.0124996 0.00399301 -0.00261521 -0.044962 -0.0501298 -0.0299071
internal_weight=6057.3 984.08 5073.22 1817.19 1343.43 473.758 3256.03 1964.3 1291.72 353.494 257.955 360.078 246.352 184.472 95.5389 608.877 214.641 113.145 394.236 1717.95 712.454 1005.5 364.125 338.054 139.845 759.904 931.646 198.209 72.4713 245.594
internal_count=1697167 160112 1537055 1061289 916057 145232 475766 226526 249240 128461 94332 117179 25414 70068 34129 94545 19419 13423 75126 201112 39720 161392 73047 70920 31755 143997 132061 39165 8537 17395
is_linear=0
shrinkage=0.08


Tree=70
num_leaves=31
num_cat=0
split_feature=9 0 13 0 7 1 6 0 1 1 16 5 9 1 9 6 6 9 9 4 3 1 1 8 16 7 2 6 2 1
split_gain=181.474 78.8364 66.8731 71.6444 68.8653 63.5549 89.3747 82.4073 72.816 64.4738 51.6301 96.5703 64.8536 50.594 63.6263 100.36 47.3093 47.2807 47.2348 42.0134 36.5975 39.9763 64.0127 35.985 34.5367 47.3077 37.7506 36.5411 33.7937 30.0569
threshold=0.89377820491790783 0.54261502623558056 1.0000000180025095e-35 0.7243877947330476 1.5000000000000002 0.70064935088157665 0.21111111342906955 0.6351073980331422 0.85313725471496593 0.60495716333389293 1.0000000180025095e-35 1.0000000180025095e-35 0.55391839146614086 0.75513628125190746 0.55391839146614086 0.21111111342906955 0.77500000596046459 0.59424430131912243 1.0000000180025095e-35 0.74646764993667614 0.66333335638046276 0.72046512365341198 0.99367088079452526 10.500000000000002 1.0000000180025095e-35 2.5000000000000004 0.98147514462471019 0.6904762089252473 0.76138716936111461 0.93419912457466137
decision_type=2 2 2 2 2 2 2 2 2 2 2 2 2 2 2 2 2 2 2 2 2 2 2 2 2 2 2 2 2 2
left_child=1 17 4 5 10 7 8 9 -7 -4 11 28 18 14 15 -5 -2 -1 -12 -15 21 -19 -23 -22 25 -6 27 -26 -3 -13
right_child=16 2 3 13 24 6 -8 -9 -10 -11 12 29 -14 19 -16 -17 -18 20 -20 -21 23 22 -24 -25 26 -27 -28 -29 -30 -31
leaf_value=-0.065849768631484576 0.020351407399227778 -0.051314963855692473 0.070054549553008591 0.76397536476723893 0.011168043358220974 -0.066772978101207206 0.03894313281422692 0.090808545451558129 0.15163054524310016 -0.027301543541416309 0.0018400865256027563 0.12542938165584849 0.045721545867669952 -0.046224849526656335 0.09144278660168853 0.037925686688168751 0.060898587866908542 -0.054837887344987853 -0.064094420144716086 0.044854730490232919 0.078576377432263853 0.14535265503089043 -0.11278832275013277 -0.036416208805853556 0.0062716596444355333 0.1011605425135398 0.026080156926708696 -0.022108312717002938 -0.022860891679195829 0.020176092613594907
leaf_weight=215.10297484352486 573.71135675557889 533.99166282868828 59.449728660023538 2.4208428741840171 601.13969396267203 198.41977780699381 91.125780265952926 86.490892767702462 10.275802381365791 162.62345728609944 230.72428023110842 21.081903546873946 147.83043498644838 37.140480653120903 37.833648539148271 2.4531870247155894 271.23025134857744 124.57628260861384 99.535870681516826 254.67572727764491 44.147108953970019 17.175027009798214 9.5756886312738079 28.76448830938898 478.27677650435362 39.864309479948133 205.91325925779529 739.0119035083917 534.54032788271434 98.464145424833987
leaf_count=350878 32719 402276 19691 408 36494 63075 10198 7782 901 65407 33746 691 8500 3974 659 643 42636 21828 144911 29136 1881 717 347 3225 144077 686 9174 49237 207541 4360
internal_value=-0.000978347 -0.00665449 -0.00360855 0.0154261 -0.00841986 -0.000925837 -0.0271569 0.024562 -0.0560192 -0.00123899 -0.0205183 -0.0294517 0.00168147 0.0451648 0.126491 0.398541 0.0333672 -0.0390542 -0.0180317 0.0332627 -0.0133504 -0.035784 0.0529485 0.0332104 0.00134569 0.0167647 -0.00559897 -0.0109577 -0.0370806 0.0387375
internal_weight=5957.57 5112.63 4673.28 942.909 3730.37 608.385 299.821 308.564 208.696 222.073 1666.17 1188.08 478.091 334.524 42.7077 4.87403 844.942 439.342 330.26 291.816 224.239 151.327 26.7507 72.9116 2064.21 641.004 1423.2 1217.29 1068.53 119.546
internal_count=1697798 1622443 1243567 201874 1041693 167054 74174 92880 63976 85098 802025 614868 187157 34820 1710 1051 75355 378876 178657 33110 27998 22892 1064 5106 239668 37180 202488 193314 609817 5051
is_linear=0
shrinkage=0.08


Tree=71
num_leaves=31
num_cat=0
split_feature=12 6 5 8 3 0 1 8 0 1 0 0 6 1 6 1 0 1 11 6 1 1 0 8 1 4 1 0 1 10
split_gain=140.179 112.693 79.5817 90.6991 48.6707 140.945 45.8059 49.5905 43.1309 58.0039 73.8797 37.63 36.7228 34.3076 33.9931 39.0881 37.1821 56.4999 33.1017 33.0384 33.0005 30.5913 58.2691 35.9849 28.9975 44.6255 22.943 31.0652 22.7698 21.7968
threshold=0.63333335518836986 0.26785714924335485 1.0000000180025095e-35 6.5000000000000009 0.75513628125190746 0.72046512365341198 0.98058068752288829 13.500000000000002 0.57659712433815014 0.68801230192184459 0.6911335587501527 0.84074437618255626 0.15476191043853763 0.7454303801059724 1.0000000180025095e-35 0.8521554470062257 0.6911335587501527 0.79772728681564342 1.5000000000000002 0.46428571641445165 0.8263767957687379 0.92637759447097789 0.94185259938240062 2.5000000000000004 0.76833632588386547 0.77303028106689464 0.57321429252624523 0.54261502623558056 0.75513628125190746 0.081666667014360442
decision_type=2 2 2 2 2 2 2 2 2 2 2 2 2 2 2 2 2 2 2 2 2 2 2 2 2 2 2 2 2 2
left_child=2 8 3 4 11 19 12 -8 13 -10 20 18 -4 26 16 -16 -5 -18 -1 -6 -11 23 -23 -7 -12 -26 27 -2 -20 -3
right_child=1 29 6 14 5 21 7 -9 9 10 24 -13 -14 -15 15 -17 17 -19 28 -21 -22 22 -24 -25 25 -27 -28 -29 -30 -31
leaf_value=-0.047641455062326594 -0.042937164116665837 -0.010305366838539035 0.084521838853107878 -0.027210908676157372 0.0084858174460587712 0.010017553561137245 0.0053782909887912797 -0.043122502809977342 0.057640064286585163 -0.073829169911604306 0.076373211779730832 0.065776828988973579 0.019471327471117936 0.073986515379088721 -0.059640320933158721 -0.017142659847985808 0.13432607812991224 -0.064164936578276016 0.00014426565605913429 0.068592066932754575 0.069237750790027905 -0.043484440657242961 0.029823525244427853 -0.020463242362384112 -0.067446600930929551 0.061899039912837218 -0.06116444753989609 0.10239684175037651 -0.044831308835819192 0.065641703149533187
leaf_weight=295.41131611386663 26.314225836162223 25.906211783352774 62.616325688664801 108.36047524117748 80.956840622791788 644.38171412510565 1004.3596650992986 155.85874747045455 151.42815836827504 89.26582146572764 57.617754721519304 28.7735468702449 491.54031252575805 18.315420160826761 416.73071325145429 207.47544995843782 25.585672877932666 14.311810374842024 272.62586039895541 211.2506623986701 11.66730149387149 319.00510255125118 88.684579043008853 402.85499351817998 33.067152967239963 35.289082208881155 109.08557951136027 14.65507615561364 97.91668659329298 364.07502197273425
leaf_count=338510 12280 4026 4345 58632 24816 194286 83254 68047 13104 17430 3554 3986 35202 1690 341835 75998 1298 2282 36907 13990 1225 65819 3257 178163 3456 4655 30318 1581 6716 66926
internal_value=-0.000627588 0.0277419 -0.00601914 -0.0134432 -0.00588484 0.00123725 0.00790032 -0.0011371 0.00430576 0.0192958 -0.00629358 -0.0237958 0.0268216 -0.0293774 -0.037336 -0.0455148 -0.00290089 0.0631245 -0.0276659 0.0519395 -0.0572914 -0.00894579 -0.0275378 -0.00170791 0.034567 -0.000671581 -0.0419939 0.00905008 -0.0117406 0.0605966
internal_weight=5865.39 936.687 4928.7 3214.33 2441.86 1747.13 1714.38 1160.22 546.706 378.335 226.907 694.727 554.157 168.37 772.464 624.206 148.258 39.8975 665.954 292.208 100.933 1454.93 407.69 1047.24 125.974 68.3562 150.055 40.9693 370.543 389.981
internal_count=1697588 160245 1537343 1346495 866450 480331 190848 151301 89293 43424 30320 386119 39547 45869 480045 417833 62212 3580 382133 38806 18655 441525 69076 372449 11665 8111 44179 13861 43623 70952
is_linear=0
shrinkage=0.08


Tree=72
num_leaves=31
num_cat=0
split_feature=9 0 13 9 9 15 16 0 1 2 9 5 1 12 0 1 9 3 3 1 1 5 9 6 0 1 3 1 1 11
split_gain=134.429 65.666 53.9255 76.9004 167.981 73.7612 61.7663 56.9723 48.1967 45.5664 40.658 38.4523 36.8555 35.2812 37.8256 33.1034 53.3058 40.8664 32.2048 30.2017 44.8078 28.8045 26.3787 26.0669 25.1993 34.3481 25.1436 22.0092 32.0021 21.7119
threshold=0.89377820491790783 0.54261502623558056 1.0000000180025095e-35 0.20766969025135043 0.4350078701972962 1.0000000180025095e-35 1.0000000180025095e-35 0.72821971774101268 0.60120484232902538 0.91715687513351452 0.59424430131912243 1.0000000180025095e-35 0.70064935088157665 0.41428571939468389 0.65806129574775707 0.7897985875606538 0.5246713161468507 0.85028737783432018 0.62258651852607738 0.69183287024497997 0.93643954396247875 1.0000000180025095e-35 0.4361302256584168 0.30952382087707525 0.79277813434600841 0.86240702867507946 0.85145786404609691 0.61633428931236278 0.78456193208694469 1.0000000180025095e-35
decision_type=2 2 2 2 2 2 2 2 2 2 2 2 2 2 2 2 2 2 2 2 2 2 2 2 2 2 2 2 2 2
left_child=1 10 3 -3 -5 21 -7 8 22 13 -1 12 -10 -2 23 16 17 -9 19 -12 -21 -6 -4 27 25 -17 -18 -15 -29 -26
right_child=9 2 7 4 5 6 -8 15 11 -11 18 -13 -14 14 -16 24 26 -19 -20 20 -22 -23 -24 -25 29 -27 -28 28 -30 -31
leaf_value=-0.062950254563105656 0.0005573737465112724 0.0031967451365362875 -0.080066881598761491 -0.066791223364931693 -0.00054707688066862469 -0.055256709564080908 0.0011908623751588252 0.41372305212879285 0.011087736323011665 0.071413599218581356 -0.056017373894484711 0.099088627750754166 -0.031559401189435038 0.032513430628351131 0.060615736472636565 -0.071776279354460862 0.0848796144608715 -0.017478451754757773 0.028500287514251512 0.1073668510108627 -0.11001710135234696 0.033444180819134035 0.090050824344394778 0.060370103496454934 -0.023567471433974811 0.045439286383934782 -0.077578820081977931 -0.063309621758458071 0.074062634314389447 0.055392556663787444
leaf_weight=194.07022109010722 299.73974879877642 2024.854363279097 6.6021566121198694 379.26131750608329 534.63863679015776 276.2968756397895 225.16713496940793 5.2271544843388247 244.42252639491926 138.0910303874407 104.34504874632694 20.915392042021267 276.28273665095912 46.033231881447136 203.23299727309495 32.902747627405915 55.923934163758531 1.9245578930713234 78.233723575307522 18.942300151684321 8.9289994656573999 227.42366804211633 50.109761969186366 45.652291713748127 26.137397829064867 31.144448793842457 6.8431811756454399 59.356177711859345 13.28185987100005 151.31490751524689
leaf_count=350426 5703 156796 13145 666075 97473 76964 32641 1881 74944 28754 19878 1403 73796 657 33750 3683 949 329 6593 1031 353 11519 4875 4459 1289 2681 282 1107 989 22656
internal_value=-0.000740795 -0.00564313 -0.00291275 -0.00723734 -0.0200981 -0.00608266 -0.0299106 0.0145218 7.86579e-05 0.0295837 -0.0365391 -0.00726846 -0.0115406 0.0209274 0.037539 0.0422716 0.0907463 0.297685 -0.0121835 -0.0362565 0.0377246 0.009597 0.0702465 0.00899813 0.0282372 -0.0147775 0.0671676 -0.0107644 -0.0381911 0.0437623
internal_weight=5787.3 4981.91 4577.39 3667.64 1642.79 1263.53 501.464 909.751 598.333 805.387 404.52 541.621 520.705 667.296 367.557 311.418 69.9188 7.15171 210.45 132.216 27.8713 762.062 56.7119 164.324 241.5 64.0472 62.7671 118.671 72.638 177.452
internal_count=1697081 1621662 1243381 1041468 884672 218597 109605 201913 168163 75419 378281 150143 148740 46665 40962 33750 3441 2210 27855 21262 1384 108992 18020 7212 30309 6364 1231 2753 2096 23945
is_linear=0
shrinkage=0.08


Tree=73
num_leaves=31
num_cat=0
split_feature=9 0 12 9 9 9 5 8 13 15 5 9 6 8 1 0 17 3 4 17 1 3 6 17 9 11 6 5 17 3
split_gain=115.066 59.9419 61.5497 53.2397 52.4829 185.417 40.4976 38.5993 38.1946 37.3039 36.193 50.2894 35.6053 43.179 32.223 35.3852 30.6742 29.2351 25.9825 24.2793 30.4777 24.1408 23.3697 32.1824 22.1464 22.0789 21.0965 37.5136 36.1544 18.355
threshold=0.91184088587760936 0.55403152108192455 0.41428571939468389 0.5885961949825288 1.0000000180025095e-35 0.46384282410144811 1.0000000180025095e-35 7.5000000000000009 1.5000000000000002 1.0000000180025095e-35 1.0000000180025095e-35 0.41138803958892828 0.30952382087707525 2.5000000000000004 0.72046512365341198 0.3464102596044541 1.0000000180025095e-35 0.73623713850975048 0.5604878067970277 1.0000000180025095e-35 0.60495716333389293 0.50274726748466503 0.91666665673255932 1.0000000180025095e-35 0.51358735561370861 3.5000000000000004 0.73214286565780651 1.0000000180025095e-35 1.0000000180025095e-35 0.6351073980331422
decision_type=2 2 2 2 2 2 2 2 2 2 2 2 2 2 2 2 2 2 2 2 2 2 2 2 2 2 2 2 2 2
left_child=1 3 4 -1 18 22 7 17 10 21 19 -12 14 -14 -5 -16 -11 -2 -3 24 -21 -7 -6 -24 -4 -10 27 -20 -28 -15
right_child=6 2 8 12 5 9 -8 -9 25 16 11 -13 13 29 15 -17 -18 -19 26 20 -22 -23 23 -25 -26 -27 28 -29 -30 -31
leaf_value=-0.063066822397785355 0.0021792451987757326 0.49842992401214359 -0.026707764484644961 -0.051588308529900449 -0.074824799231503619 0.11016976484346844 0.063024207968072066 -0.026125545918827035 0.11112406792436154 0.0024249875933200675 -0.0028384896179542325 0.073664610331494892 0.10634749148264402 -0.058358559845540094 -0.090434034810253527 0.091960430332679186 -0.037048331872698813 0.048806614968975988 0.0034992862464388748 0.068226107541545469 -0.0060915629441617557 0.0072873343017519797 -0.066837974352484716 0.028616226617510482 0.060863968963648492 0.027175588107917138 -0.014744448783471394 0.05010826713026887 0.017283143464483137 0.022607346842872019
leaf_weight=202.38891181038343 141.66121645458043 0.67438503971788932 24.461385290866019 125.0719072369393 315.94436923789908 14.904755685944108 181.9216145738028 97.926539828069508 38.14256097067846 233.18611045775469 101.33594196802005 120.24537955055712 30.90688564220909 27.217324874945916 9.6876457903999817 22.895971739490051 274.083314347954 219.26683143130504 573.26487966423156 37.130941633397015 722.74723611352965 705.83420170919271 57.896944757376332 37.084326679323567 75.614023437083233 42.272619925439358 761.73635422810912 136.91183170257136 320.48108158633113 52.457115886209067
leaf_count=383654 4271 39 6614 20210 685732 1702 38677 2596 2426 21419 1262 20881 1628 5278 438 1343 55486 21478 120589 8053 135056 72024 48370 15316 7077 3103 5155 1265 2610 3695
internal_value=-0.000857081 -0.00489822 -0.00211256 -0.0320901 -0.00750058 -0.0178483 0.0310833 0.0184198 0.0138018 -0.00228268 0.00984683 0.0386774 -0.00871765 0.0260842 -0.033128 0.0377316 -0.0189029 0.0305058 0.0019576 0.00241815 -0.00246008 0.00941492 -0.0643644 -0.029569 0.0394589 0.0669941 0.0017708 0.0124848 -0.00526 -0.00505115
internal_weight=5705.35 5064.58 4593.95 470.626 3432 1638.93 640.776 458.855 1161.95 1228.01 1081.53 221.581 268.237 110.581 157.656 32.5836 507.269 360.928 1793.07 859.954 759.878 720.739 410.926 94.9813 100.075 80.4152 1792.39 710.177 1082.22 79.6744
internal_count=1697447 1630425 1214179 416246 1029707 900049 67022 28345 184472 150631 178943 22143 32592 10601 21991 1781 76905 25749 129658 156800 143109 73726 749418 63686 13691 5529 129619 121854 7765 8973
is_linear=0
shrinkage=0.08


Tree=74
num_leaves=31
num_cat=0
split_feature=9 2 9 9 12 4 6 3 0 6 0 2 10 5 0 1 0 9 3 9 2 10 7 0 9 10 2 3 3 6
split_gain=94.0984 69.1821 71.508 68.421 67.1074 32.4274 28.243 104.908 72.3936 41.9444 28.8716 28.0587 27.8719 25.6109 24.3253 22.6693 24.5511 24.4529 20.5797 20.2795 19.7301 35.5745 22.7872 21.2885 30.3492 95.473 25.3597 21.4187 23.467 19.786
threshold=0.9348469376564027 0.680425524711609 0.5085725486278535 1.0000000180025095e-35 0.55000001192092907 0.84273937344551098 0.46428571641445165 0.67028987407684337 0.59417229890823375 0.13392857462167743 0.67017546296119701 0.7933771312236787 0.17914438992738727 1.0000000180025095e-35 0.76384064555168163 0.77849927544593822 0.87298336625099193 0.85014972090721141 0.56691542267799389 0.47248421609401708 0.98147514462471019 0.30384616553783422 2.5000000000000004 0.73942822217941295 0.22545801103115085 0.057189542800188072 0.92403846979141246 0.8078865408897401 0.73746865987777721 0.30952382087707525
decision_type=2 2 2 2 2 2 2 2 2 2 2 2 2 2 2 2 2 2 2 2 2 2 2 2 2 2 2 2 2 2
left_child=1 2 3 14 20 6 7 8 -4 -9 18 15 -5 -2 -1 -6 17 -17 -8 -18 23 22 -22 27 26 -26 -25 28 -3 -29
right_child=13 4 5 12 11 -7 10 9 -10 -11 -12 -13 -14 -15 -16 16 19 -19 -20 -21 21 -23 -24 24 25 -27 -28 29 -30 -31
leaf_value=-0.024953427268405041 0.02242293699394679 0.014807400052414637 -0.024660188311577281 -0.072125776497122027 0.051454292882336786 0.057178859551986302 -0.03414703349890718 -0.099854592638330714 0.030003040385529384 -0.026978903747068139 -0.038302126522133703 0.068927209706857229 0.0096281612247324771 0.064394454159425421 0.026390573496959426 -0.070891698748232979 0.52953911728850767 0.072400124689594947 0.040424807644393858 0.076214153156336603 -0.0032891621869917736 0.081490622056110115 0.04219003783016919 0.0075172501867005739 -0.057541621423338726 -0.0013644996531141939 -0.022990714149698003 -0.07129335226123891 -0.041918404525483156 0.02639749077221553
leaf_weight=217.69642473588465 318.02893595816568 105.40807678442798 321.41035691829165 285.28612732267356 50.863564403931377 52.057154275826178 27.532463375333464 104.51401018677279 299.58216728366097 97.887852359534008 49.568835055426462 131.24598779936787 29.443255134567153 131.52565963123925 81.039015090558678 37.889561490679625 0.72434675367548962 9.5413579482119513 169.47740444217925 4.9306434208992869 285.46771769004408 47.348323837388307 93.636916588409804 1045.8048902346636 263.67638020464801 728.68609244198888 209.2756198416464 13.780714000546139 83.764370842720382 357.14677194794058
leaf_count=68243 22786 35033 82011 690228 3228 3449 2962 5474 18280 23764 2872 26817 27617 31327 6489 2872 22 1932 10872 1101 12142 6051 2624 50166 420937 55410 1258 6794 26097 48825
internal_value=-0.000413091 -0.0034462 -0.0164866 -0.0384482 0.0030774 -0.00447925 -0.00747909 -0.0145918 0.00171071 -0.0646096 0.0162721 0.0443362 -0.0644776 0.0347025 -0.0110252 0.0132876 -0.0232812 -0.0420666 0.0300033 0.13428 7.68147e-05 0.0161097 0.00794397 -0.00235851 -0.00583618 -0.0162911 0.00243027 0.0115959 -0.0103104 0.0227681
internal_weight=5654.24 5204.69 1735.5 613.465 3469.19 1122.03 1069.97 823.394 620.993 202.402 246.579 235.195 314.729 449.555 298.735 103.949 53.0859 47.4309 197.01 5.65499 3234 426.453 379.105 2807.54 2247.44 992.362 1255.08 560.1 189.172 370.927
internal_count=1697683 1643570 942261 792577 701309 149684 146235 129529 100291 29238 16706 35972 717845 54113 74732 9155 5927 4804 13834 1123 665337 20817 14766 644520 527771 476347 51424 116749 61130 55619
is_linear=0
shrinkage=0.08


Tree=75
num_leaves=31
num_cat=0
split_feature=12 6 10 14 10 2 4 6 15 17 6 10 1 5 1 8 5 6 6 2 0 4 1 0 6 5 8 17 7 1
split_gain=88.6297 84.7456 70.1965 60.4189 164.895 44.9214 42.2501 38.1719 37.9656 34.0714 34.4876 31.988 28.1388 26.6104 42.6536 24.9054 54.0452 24.0058 31.4345 23.257 21.3011 27.3674 40.0232 20.1371 19.2969 37.6822 35.4561 25.5398 29.1697 25.5278
threshold=0.41428571939468389 0.41428571939468389 0.081666667014360442 1.0000000180025095e-35 0.097619049251079573 0.7933771312236787 0.86319074034690868 0.91666665673255932 1.0000000180025095e-35 1.0000000180025095e-35 0.21111111342906955 0.097619049251079573 0.88047617673873912 1.0000000180025095e-35 0.76506900787353527 6.5000000000000009 1.0000000180025095e-35 1.0000000180025095e-35 0.30952382087707525 0.69282051920890819 0.44562648236751562 0.40253165364265447 0.51316702365875255 0.30068494379520422 0.73214286565780651 1.0000000180025095e-35 3.5000000000000004 1.0000000180025095e-35 2.5000000000000004 0.92031747102737438
decision_type=2 2 2 2 2 2 2 2 2 2 2 2 2 2 2 2 2 2 2 2 2 2 2 2 2 2 2 2 2 2
left_child=3 5 -3 4 7 6 11 -1 20 17 19 -2 -7 14 -13 -4 -17 -10 -19 -11 -6 22 -22 -15 25 26 29 28 -26 -5
right_child=1 2 15 24 8 12 -8 -9 9 10 -12 13 -14 23 -16 16 -18 18 -20 -21 21 -23 -24 -25 27 -27 -28 -29 -30 -31
leaf_value=-0.070814339184931324 -0.058791365452458083 0.0010213181635241953 0.067075642895825488 0.032075319871546097 -0.053800348135208856 0.080068807528782565 0.104723835722797 -0.018429697495062652 0.083125966450461428 -0.026756858997321574 -0.048360415363810243 0.0029387953730518812 0.0043866908501052097 -0.062889949006894097 -0.042675816392399153 -0.049770844610867455 0.069528557967723961 -0.068474622977930721 0.0059292638322784178 0.0426095433286105 1.1781249152117834 0.0092989242033696354 0.095100672089111771 0.10202059767241067 -0.02356442097726243 0.048871536039237801 -0.023283889008214924 0.015771263687186565 0.0084077792086657797 -0.013086663933975801
leaf_weight=361.00785387327778 74.701113145769341 224.88723610664601 324.58946729431045 264.12462496059015 35.13128689583391 67.711748907517176 21.527256931964075 118.16584245237755 21.575848951819353 75.604698463866953 285.32101028924808 606.19657727552112 58.695983895158861 5.8924799113883664 167.4360292655474 40.619155447086086 60.502679279074073 42.029434736527037 268.50019134834292 52.35519576081424 0.31194425642024615 812.77666556413169 0.72809803049312904 24.206917700415943 477.04374221712351 151.1404553707689 199.54225063527701 312.70607536565512 295.91258871043101 114.97041493060533
leaf_count=817478 114722 13875 62424 46840 37960 6352 3111 69659 1307 21154 81426 87267 8503 264 12196 2694 13248 36951 19645 2452 124 150305 448 2906 2902 2318 70258 2585 2337 3774
internal_value=-0.000785283 0.0145879 0.0371761 -0.00741443 -0.0167448 0.000269651 -0.00600284 -0.0578961 -0.00437685 -0.0175517 -0.0328841 -0.00871636 0.0449267 -0.00406224 -0.0069335 0.0562754 0.0216077 0.00152835 -0.00414112 0.00162462 0.00719081 0.00982371 0.419937 0.0697365 0.00324226 0.0133022 0.00401146 -0.00351999 -0.0113244 0.0183788
internal_weight=5565.91 1676.97 650.599 3888.95 2073.51 1026.37 899.96 479.174 1594.33 745.386 413.281 878.433 126.408 803.732 773.633 425.711 101.122 332.105 310.53 127.96 848.948 813.817 1.04004 30.0994 1815.44 729.778 578.637 1085.66 772.956 379.095
internal_count=1697485 327562 92241 1369923 1238909 235321 220466 887137 351772 162935 105032 217355 14855 102633 99463 78366 15942 57903 56596 23606 188837 150877 572 3170 131014 123190 120872 7824 5239 50614
is_linear=0
shrinkage=0.08


Tree=76
num_leaves=31
num_cat=0
split_feature=9 4 2 0 9 9 11 2 15 2 11 6 7 10 4 0 10 4 10 4 2 9 15 6 4 1 17 2 9 5
split_gain=87.0285 45.23 49.522 61.6492 43.7925 129.375 49.8792 43.6315 39.7072 39.2169 32.1949 27.5294 25.8281 30.3066 24.598 23.5288 26.5982 116.316 24.5649 21.1787 27.5051 21.0842 33.6923 19.9842 19.8173 19.2709 18.8015 18.6354 61.6976 17.5919
threshold=0.89377820491790783 0.86319074034690868 0.81375637650489818 0.81530213356018078 0.51626121997833263 0.22545801103115085 1.5000000000000002 0.91010102629661571 1.0000000180025095e-35 0.79431909322738659 3.5000000000000004 0.41428571939468389 2.5000000000000004 0.44949495792388922 0.82426470518112194 0.84764185547828685 0.051315790042281158 0.81530213356018078 0.069047622382640853 0.91476997733116161 0.86526826024055492 0.98367321491241466 1.0000000180025095e-35 0.15476191043853763 0.96178188920021068 0.90521115064620983 1.0000000180025095e-35 0.41897973418235784 0.20766969025135043 1.0000000180025095e-35
decision_type=2 2 2 2 2 2 2 2 2 2 2 2 2 2 2 2 2 2 2 2 2 2 2 2 2 2 2 2 2 2
left_child=1 2 3 4 5 11 -7 21 10 25 -6 -1 13 19 15 18 17 -17 -4 20 -11 22 -2 -10 -21 -3 29 28 -5 -14
right_child=7 9 14 27 8 6 -8 -9 23 12 -12 -13 26 -15 -16 16 -18 -19 -20 24 -22 -23 -24 -25 -26 -27 -28 -29 -30 -31
leaf_value=-0.036617599778477665 0.033547254213957212 0.079514671827786182 0.0032553324649341165 6.3595383136173256 0.018771660400556528 -0.06756121709493744 0.015243633905032252 0.069244529375693864 -0.0034905027382064941 -0.025649980848328896 -0.020201144121466088 0.0047446801784601688 -0.023346028067442223 0.052877863864066454 -0.0060273329202861475 4.465111842075606 0.1545595182635737 0.28240735441009479 0.049477223861076766 -0.032685459879181374 0.020854562903980991 0.046832131330411392 -0.0086342213295838143 -0.032453003821777085 -0.0038773001271138036 0.024270758206710322 0.092844099615753142 -0.072963465151148196 -0.0065279081664500584 0.027009536609657644
leaf_weight=124.85407847288297 209.61212416994385 54.859942918847082 148.95264847049839 0.012422156054525568 585.77289587038103 388.13238147555967 52.9031785382831 119.25736529449932 312.1720379103499 115.43846639769617 176.54215647114324 587.91026841150597 55.833320998441195 56.30810801172629 270.59544979978818 0.052798372751566514 0.66177902178606018 0.21922611442278139 145.43675879033981 274.22895532846451 276.01263423581258 117.57632239698432 287.29151900857687 298.04926438489929 345.20329013711307 153.45096541271778 22.463102710316889 113.91173737801728 0.045180795685155317 216.85668949852698
leaf_count=103887 15881 9251 37264 2 67480 965883 48768 30138 15877 24004 5298 32261 5384 10055 51798 48 40 123 8954 13082 25343 13660 15845 67243 16770 16318 864 82907 48 12795
internal_value=-0.000689951 -0.00463016 -0.0100786 -0.0146816 -0.0120852 -0.0235731 -0.0576286 0.0249621 -0.0024281 0.00649197 0.00974607 -0.0025007 0.00154888 -0.00424401 0.0113968 0.027362 0.428298 1.09425 0.0260903 -0.00742581 0.00714043 0.0163679 0.00915947 -0.0176366 -0.016631 0.0388196 0.0224944 -0.072236 1.36632 0.0166992
internal_weight=5510.62 4776.88 3206.22 2640.31 2526.34 1153.8 441.036 733.737 1372.54 1570.66 762.315 712.764 1362.34 1067.19 565.919 295.323 0.933804 0.272024 294.389 1010.88 391.451 614.48 496.904 610.221 619.432 208.311 295.153 113.969 0.057603 272.69
internal_count=1697271 1621747 1487881 1389654 1306697 1150799 1014651 75524 155898 133866 72778 136148 108297 89254 98227 46429 211 171 46218 79199 49347 45386 31726 83120 29852 25569 19043 82957 50 18179
is_linear=0
shrinkage=0.08


Tree=77
num_leaves=31
num_cat=0
split_feature=12 4 8 0 3 0 9 9 9 15 10 13 11 10 10 13 4 3 15 9 11 12 10 15 9 11 1 3 0 1
split_gain=73.9231 88.0126 47.1042 40.277 38.5279 51.073 36.7367 33.0486 146.295 68.7105 29.8912 25.3604 38.9524 21.754 20.1941 17.0643 41.4249 80.4276 16.9404 16.8233 16.2731 15.8568 15.6691 15.5071 15.4202 13.9853 13.4131 21.1305 12.7655 24.4691
threshold=0.63333335518836986 0.77581480145454418 1.0000000180025095e-35 0.44562648236751562 0.36461389064788824 0.61348485946655285 0.98367321491241466 1.0000000180025095e-35 0.4361302256584168 1.0000000180025095e-35 0.42261904478073126 1.5000000000000002 3.5000000000000004 0.63961037993431102 0.40588235855102545 1.0000000180025095e-35 0.52565789222717296 0.45633104443550115 1.0000000180025095e-35 0.62169164419174205 4.5000000000000009 0.41428571939468389 0.08893280848860742 1.0000000180025095e-35 0.27858476340770727 1.5000000000000002 0.79772728681564342 0.79772728681564342 0.58643677830696117 0.74464204907417308
decision_type=2 2 2 2 2 2 2 2 2 2 2 2 2 2 2 2 2 2 2 2 2 2 2 2 2 2 2 2 2 2
left_child=2 11 4 15 5 10 7 26 21 -10 -1 13 19 18 23 -4 -17 -18 20 -13 25 -9 24 -6 -3 -2 27 -5 -20 -30
right_child=1 22 3 6 14 -7 -8 8 9 -11 -12 12 -14 -15 -16 16 17 -19 28 -21 -22 -23 -24 -25 -26 -27 -28 -29 29 -31
leaf_value=-0.081403278475965027 -0.015336246063077581 0.45856545170504814 -0.067270946130320169 -0.051455957011909491 0.020038783141850765 3.2617456013933825 0.061110662869699704 -0.070828953339146294 0.0084522111166468114 -0.022843753666146677 1.6619479637609567 0.2225973808911427 0.0085032976190485814 0.026818043021445276 0.048518798460016041 0.045070901701659567 -0.08003588760773514 9.923616977057458 -0.054773965829459544 0.083796998797849728 -0.073272804072615563 -0.021603823719638426 0.072442909081593843 -0.0059056987652505782 -0.024426024885292719 0.02982142617710587 0.0027920601293253328 0.0047187897052223694 0.01659259588353372 -0.061177576688089506
leaf_weight=0.20101232820888881 73.16929844187689 0.43518778146244486 95.268583624798339 78.396197593130637 325.90461674242397 0.048730381444329396 49.679058301495388 282.60551921479055 989.36593673274911 822.01383215429087 0.091639453661628067 7.1824533944600253 70.146511607803404 129.02882950333878 92.296787699393462 7.9185199959611046 0.014416025689570122 0.0079968827776610851 72.496130545710912 25.186038889805786 15.638243958819656 49.168210638104938 190.25302220697631 269.25522540630482 15.166076183173571 109.69612748853979 1487.4899554338772 94.53176727500977 71.221180061664199 40.682332593627507
leaf_count=255 41751 24 132907 54921 56245 13 4127 721136 166614 171540 3 457 4193 12707 9058 7060 40 9 24521 1024 320 83307 55544 44089 676 5145 68862 17405 8464 5241
internal_value=-0.0012902 0.0208496 -0.00520069 -0.00855991 0.0141228 0.863792 -0.00723888 -0.00813161 -0.0146954 -0.00575007 0.464501 0.00568215 0.0420015 -0.00159085 0.0137008 -0.0578794 0.0547919 3.48925 -0.0111639 0.114596 0.00505429 -0.0635339 0.0661225 0.00830129 -0.0109533 0.0117526 0.000340448 -0.0207478 -0.0286226 -0.0116806
internal_weight=5464.56 820.301 4644.26 3956.46 687.798 0.341382 3853.25 3803.57 2143.15 1811.38 0.292652 614.447 102.515 511.932 687.457 103.21 7.94093 0.0224129 382.903 32.3685 198.504 331.774 205.854 595.16 15.6013 182.865 1660.42 172.928 184.4 111.904
internal_count=1697658 160067 1537591 1427928 109663 271 1287912 1283785 1142597 338154 258 103823 5674 98149 109392 140016 7109 49 85442 1481 47216 804443 56244 100334 700 46896 141188 72326 38226 13705
is_linear=0
shrinkage=0.08


Tree=78
num_leaves=31
num_cat=0
split_feature=13 0 6 1 0 9 3 0 5 8 6 3 1 0 3 1 8 6 6 9 8 9 6 1 1 1 3 9 1 3
split_gain=66.5996 91.242 72.1966 52.701 66.7037 51.8845 46.4083 45.0256 42.1026 66.9342 55.7818 40.3139 64.5895 56.6443 39.2437 51.9556 66.1325 40.0388 36.955 54.9902 47.6071 90.2092 36.3323 36.2144 31.7058 31.3379 42.9604 30.6548 26.8231 58.6513
threshold=1.0000000180025095e-35 0.6911335587501527 0.41428571939468389 0.74322345852851879 0.75905716419219982 0.47087104618549352 0.83438816666603099 0.45512083172798162 1.0000000180025095e-35 4.5000000000000009 0.15476191043853763 0.64549729228019725 0.77581480145454418 0.54261502623558056 0.9529346525669099 0.93582704663276683 3.5000000000000004 0.30952382087707525 0.21111111342906955 0.55747640132904064 11.500000000000002 0.87332859635353099 0.30952382087707525 0.70064935088157665 0.89512962102890026 0.71010184288024913 0.69282051920890819 0.63759058713912975 0.92907443642616283 0.86240702867507946
decision_type=2 2 2 2 2 2 2 2 2 2 2 2 2 2 2 2 2 2 2 2 2 2 2 2 2 2 2 2 2 2
left_child=7 2 5 18 6 -2 24 -1 9 14 -11 12 13 -7 15 17 -17 -9 19 25 -20 -22 23 -13 -5 26 -3 -14 -12 -30
right_child=1 3 -4 4 -6 11 -8 8 -10 10 28 22 27 -15 -16 16 -18 -19 20 -21 21 -23 -24 -25 -26 -27 -28 -29 29 -31
leaf_value=-0.058823832620469044 -0.075992522792394435 1.026088370977833 0.059504856158926062 -0.067138172739143021 0.047417627424424062 -0.057310170031024822 0.046909484471352098 -0.035312072290831033 0.0054852602820107243 0.052278894851303929 -0.042507714127553803 0.001862606927468552 0.29788137518446905 0.01501715571165799 0.03373078926609141 -0.072245426595850107 0.02251240973231388 0.0053986122347690849 0.0067295826776332711 0.096051556863329321 -0.18248405348066679 -2.813160861411041 0.04130608280565231 -0.081539982032891006 0.11656089225456678 0.2162698300503644 0.2958936571896415 0.083849212340835658 0.15645826107495769 -0.024022415849067648
leaf_weight=101.58800371206598 73.017270928219432 0.86030556977493633 103.19856611466753 81.399419062407105 327.09859746976872 87.823468807706377 44.222038479565526 180.35212522553047 1532.7519001560577 48.019588749986724 625.66609552429873 50.42804927250836 5.1140786774340112 328.55849440296879 171.88995959081512 150.65757005932392 68.600942819582997 1083.3236215100769 15.684767792525236 71.688566330587491 0.34057150146691206 0.11049015447497368 31.526825387583813 98.21295426946017 6.4928343102510544 4.4474975598859601 1.2872509818116666 26.345546057447791 13.794971684779737 69.995207396408659
leaf_count=147189 203531 182 11834 12476 68568 12977 6621 102866 143681 6319 449376 2691 228 16727 6803 28409 8514 421742 1823 2588 83 5 1696 6787 781 1295 173 1240 3120 27929
internal_value=-0.00109264 0.0142383 -0.0029678 0.0392324 0.0280403 -0.0121644 -0.0199355 -0.00623696 -0.00488281 -0.0114706 -0.0311671 -0.00474328 0.00811286 -0.000238156 -0.00245472 -0.00664905 -0.0425979 -0.000411627 0.0936658 0.116388 -0.0165733 -0.826884 -0.0366997 -0.0532448 -0.0535678 0.33745 0.588408 0.118642 -0.0368152 0.0056914
internal_weight=5404.5 1357.86 804.225 553.632 459.213 701.027 132.114 4046.64 3945.05 2412.3 757.476 628.009 447.842 416.382 1654.82 1482.93 219.259 1263.68 94.4194 78.2836 16.1358 0.451062 180.168 148.641 87.8923 6.59505 2.14756 31.4596 709.456 83.7902
internal_count=1698254 352306 257711 94595 88446 245877 19878 1345948 1198759 1055078 486744 42346 31172 29704 568334 561531 36923 524608 6149 4238 1911 88 11174 9478 13257 1650 355 1468 480425 31049
is_linear=0
shrinkage=0.08


Tree=79
num_leaves=31
num_cat=0
split_feature=12 6 10 2 9 2 1 4 9 1 0 0 8 1 1 0 9 10 9 9 0 2 16 6 1 4 6 16 16 1
split_gain=60.2505 74.4488 53.9332 53.4128 46.2115 39.6939 35.7121 29.4572 32.1274 22.3009 86.9575 50.685 20.2161 33.154 20.1109 22.2517 19.6881 29.701 16.1989 121.968 18.3668 22.6294 19.9115 18.8058 48.5006 30.3859 17.6527 28.5842 23.1133 23.2604
threshold=0.41428571939468389 0.41428571939468389 0.064583335071802153 0.63211598992347728 0.64533194899559032 0.7933771312236787 0.78629976511001598 0.88548010587692272 0.44280262291431433 0.75162336230278026 0.67942845821380626 0.62575301527977001 5.5000000000000009 0.92403846979141246 0.87026646733284008 0.7933771312236787 0.56572300195693981 0.060661764815449722 1.0000000180025095e-35 0.4226078093051911 0.69860395789146434 0.88341891765594494 1.0000000180025095e-35 0.21111111342906955 0.79772728681564342 0.87298336625099193 0.73214286565780651 1.0000000180025095e-35 1.0000000180025095e-35 0.93063354492187511
decision_type=2 2 2 2 2 2 2 2 2 2 2 2 2 2 2 2 2 2 2 2 2 2 2 2 2 2 2 2 2 2
left_child=3 5 -3 4 6 7 -1 8 -2 10 -10 -11 -4 -14 15 -7 17 -17 26 -20 21 22 -21 24 -22 -25 28 -28 -5 -30
right_child=1 2 12 18 -6 14 -8 -9 9 11 -12 -13 13 -15 -16 16 -18 -19 19 20 23 -23 -24 25 -26 -27 27 -29 29 -31
leaf_value=-0.069510417554766668 -0.059959451738477061 0.0026900164079337601 0.063925573618353354 -0.0023814383718410844 -0.0032753898027513945 0.00090269654710425679 -0.021513800939207451 0.10410120730721513 -0.011226307899286463 0.04977429898347966 0.070121327878645542 -0.045852891248943435 -0.029186560525373967 0.061707488526669504 0.0099680278493979643 0.070148524976711479 0.077616488513949519 0.35474778163670878 -0.063862973779847426 -0.005546180062812339 0.083791445194038763 0.096652893857002958 0.045196240102526257 -0.021201000149624984 -0.013619705494902035 0.0098552410711937599 0.017780326021787019 -0.011931516239667513 0.011373827223818092 0.054494303601941754
leaf_weight=190.88055262289708 73.768579182462304 220.34377604073961 273.51364139261943 303.43973389361054 307.88292831357103 17.634082325879717 206.59783521982899 14.863219201914033 457.23206739430316 44.541833993673208 103.05552108815755 174.22415930518764 45.079723190778168 59.689416737586726 61.724556741508422 4.7719729595701192 30.462827904033475 4.6179089911165647 215.17343470008927 132.55316309307818 53.288825343959616 23.185917500173673 78.983594878489384 471.33691273791192 84.717347509227693 352.36528290569549 291.5542450658977 716.46870065433905 207.11385883734329 130.51488150598016
leaf_count=416522 159269 13292 61081 56749 21064 1577 170292 2325 40922 3317 4388 10268 3552 14318 9218 1373 2616 175 506745 35258 2760 773 9057 87543 6624 21933 2334 4732 26708 1205
internal_value=-0.00118773 0.0118946 0.0341529 -0.00669545 -0.0265415 -0.00160663 -0.0445632 -0.00755357 -0.00949952 -0.00472147 0.00373623 -0.0263827 0.0524795 0.0225979 0.0416785 0.0757265 0.108835 0.210113 -0.00212178 -0.00841233 0.00156025 0.0216237 0.0134 -0.00333661 0.023994 -0.00791569 0.00326285 -0.00333785 0.0136419 0.0280426
internal_weight=5351.58 1585.52 598.627 3766.06 705.361 986.897 397.478 867.685 852.822 779.054 560.288 218.766 378.283 104.769 119.211 57.4868 39.8527 9.38988 3060.7 1411.6 1196.43 234.723 211.537 961.708 138.006 823.702 1649.09 1008.02 641.068 337.629
internal_count=1697990 327691 92243 1370299 607878 235448 586814 220489 218164 58895 45310 13585 78951 17870 14959 5741 4164 1548 762421 670693 163948 45088 44315 118860 9384 109476 91728 7066 84662 27913
is_linear=0
shrinkage=0.08


Tree=80
num_leaves=31
num_cat=0
split_feature=9 0 5 13 5 6 3 8 3 0 9 8 6 8 12 3 10 7 3 8 0 11 3 0 11 9 12 0 12 7
split_gain=58.6336 36.672 32.4287 30.573 33.0458 45.3075 33.222 34.0974 38.6432 31.5681 33.4566 25.5492 27.645 25.5107 23.7645 23.0703 21.6159 20.1777 19.712 30.3832 21.5182 16.4501 15.4976 21.7342 15.043 15.002 13.3505 11.8144 11.0109 12.202
threshold=0.91184088587760936 0.46247655153274542 1.0000000180025095e-35 1.5000000000000002 1.0000000180025095e-35 0.15476191043853763 0.95101958513259899 2.5000000000000004 0.99425286054611217 0.89512962102890026 0.56148993968963634 6.5000000000000009 0.15476191043853763 13.500000000000002 0.63333335518836986 0.92403846979141246 0.064583335071802153 2.5000000000000004 0.72481885552406322 6.5000000000000009 0.6482679843902589 3.5000000000000004 0.67028987407684337 0.67017546296119701 2.5000000000000004 0.6072751283645631 0.41428571939468389 0.38507877290248876 0.30952382087707525 2.5000000000000004
decision_type=2 2 2 2 2 2 2 2 2 2 2 2 2 2 2 2 2 2 2 2 2 2 2 2 2 2 2 2 2 2
left_child=1 25 18 4 6 9 11 16 -9 10 -6 15 -13 17 -5 -3 -8 -7 20 28 -2 -16 -22 -24 -21 -1 -4 -27 29 -20
right_child=2 3 26 14 5 13 7 8 -10 -11 -12 12 -14 -15 21 -17 -18 -19 19 24 22 -23 23 -25 -26 27 -28 -29 -30 -31
leaf_value=-0.075292050046926684 -0.025066775979839886 -0.0038535585161745501 0.027341477210517356 -0.044040849522916627 0.31273353089945871 0.0014085420180508406 0.017009911690075579 0.11737767144858646 -0.035974890111619418 -0.018190577862995588 0.089143633953071025 -0.001936974222970963 -0.037543352881879051 -0.029083361089630732 0.10522109822647817 -0.030043152209024666 0.076437271520009759 0.024537312480644169 0.032538304931033345 0.060440898084284371 0.066397417081299967 0.027848352027387127 -0.36631681690782492 -0.00085849027980651276 -0.048403260175892256 -0.059470311045160519 0.078348699385676346 0.011777787016955945 0.062165576630720622 -0.069761033921047391
leaf_weight=60.723751850688132 127.8005546182394 1865.5106401315861 55.296134037431329 15.843113986076785 4.9428912702423977 1053.6814939016185 95.108617813151795 11.929509862646226 88.787025496043498 15.119838351092765 32.086806036561029 212.21821227039618 407.57042890778393 140.56256684736582 33.317687900271267 243.34643298592709 66.605308694561245 313.14905444098986 77.504576478619128 10.166299379430709 35.626105627743527 37.245967329829 1.0966576007194841 20.695733440108597 40.502810080302879 26.254132125788601 80.869788337848149 34.427204313571565 95.654213214991614 8.257197314873336
leaf_count=162277 2299 827695 4534 895 200 92337 2956 791 16604 1858 1636 89886 320673 38343 2347 34444 4569 18046 1881 185 1772 3077 32 1176 1592 4692 34014 7060 19046 336
internal_value=-0.000909713 -0.00377622 0.023735 -0.00263984 -0.00353496 0.00590626 -0.00845759 0.018729 -0.0178108 0.0792165 0.118989 -0.0110723 -0.0253516 0.00337003 0.0445014 -0.00687564 0.0414863 0.00670748 0.0126734 0.0282062 -0.00678957 0.0643811 0.0338913 -0.0192494 -0.0265647 -0.0471799 0.057635 -0.0190481 0.0435035 0.0226889
internal_weight=5311.9 4758.43 553.47 4637.03 4550.62 1559.54 2991.08 262.43 100.717 52.1495 37.0297 2728.65 619.789 1507.39 86.4068 2108.86 161.714 1366.83 417.304 232.085 185.219 70.5637 57.4185 21.7924 50.6691 121.405 136.166 60.6813 181.416 85.7618
internal_count=1697253 1630386 66867 1456357 1450038 152420 1297618 24920 17395 3694 1836 1272698 410559 148726 6319 862139 7525 110383 28319 23040 5279 5424 2980 1208 1777 174029 38548 11752 21263 2217
is_linear=0
shrinkage=0.08


Tree=81
num_leaves=31
num_cat=0
split_feature=2 13 9 9 4 9 2 3 2 6 9 15 10 9 9 15 17 6 8 2 0 3 5 3 17 7 3 4 11 10
split_gain=52.4776 83.4806 40.1398 37.5955 34.0485 28.5336 28.1451 30.8739 40.3392 52.4512 29.5328 27.7524 25.0956 23.5599 105.488 47.9324 28.1759 21.3859 23.2855 25.5568 20.1605 18.8454 18.4861 26.3778 18.1075 24.5811 19.3742 17.3866 16.9416 16.8205
threshold=0.60397014021873485 1.0000000180025095e-35 0.5085725486278535 1.0000000180025095e-35 0.77232852578163158 0.97603827714920055 0.86240702867507946 0.63686314225196849 0.63686314225196849 0.18333333730697635 0.46683587133884435 1.0000000180025095e-35 0.83974358439445507 0.20766969025135043 0.40371279418468481 1.0000000180025095e-35 1.0000000180025095e-35 0.77500000596046459 1.0000000180025095e-35 0.91331186890602123 0.60640108585357677 0.8941769301891328 1.0000000180025095e-35 0.86526826024055492 1.0000000180025095e-35 2.5000000000000004 0.93127068877220165 0.93643954396247875 13.500000000000002 0.21240601688623431
decision_type=2 2 2 2 2 2 2 2 2 2 2 2 2 2 2 2 2 2 2 2 2 2 2 2 2 2 2 2 2 2
left_child=2 5 3 -1 11 13 7 20 9 12 21 28 -9 17 -15 27 -17 18 -2 -20 -3 -8 23 -10 25 -19 -26 -16 -4 -5
right_child=1 6 4 29 -6 -7 10 8 22 -11 -12 -13 -14 14 15 16 -18 24 19 -21 -22 -23 -24 -25 26 -27 -28 -29 -30 -31
leaf_value=-0.0071904433659480353 0.05021280406488806 -0.046723335032115169 0.0046313228451863395 -0.071848882998443955 0.052698743389131719 0.064956426756171498 0.2691585623229425 -0.11159771804657115 0.024222291496835583 0.053623033984906025 0.072734564788153017 -0.026096701365480725 -0.56294042702803615 -0.065711436454224087 0.0066650865504163112 2.6206226458001192e-05 -0.035591218003368147 -0.022020271418368473 0.014945053236175681 -0.026912976896494155 0.093197909169773427 -0.036243855302867861 0.064391923634743387 -0.032861512506220651 0.035654394607035442 0.010258701457924983 -0.0024239057843656836 0.04065043907963261 -0.52019611519479458 0.038921948708939398
leaf_weight=120.48324293573387 97.857260924443835 7.5714366071335908 386.90356151774176 158.9358662841114 57.503352678206284 41.221694718580693 1.3648201230680594 27.69274341411074 308.88119618337873 16.841267969022738 138.77763866767054 392.01701501521165 0.81153935426846047 186.97290774533758 633.80700856813928 266.76160908486054 304.28597767031169 457.83022034866735 621.76038607383089 109.84569898608606 50.865815644850954 24.616030507604592 54.883262526884209 62.248108821237111 128.64976462820778 225.28384698694572 255.06214301317232 113.6101357084699 0.39404268143698473 9.2860155711241514
leaf_count=32350 7829 2801 56237 532692 5170 4906 91 12037 38655 3058 47319 65083 19 487678 118568 42263 80960 2738 109246 745 5121 404 15961 6108 1459 1413 1808 7730 11 7632
internal_value=-0.000265311 0.00390115 -0.0155815 -0.0413026 -0.00670767 -0.00120274 0.0292015 0.0202208 0.0134209 -0.0583126 0.0580796 -0.0110911 -0.124448 -0.00200445 -0.00947664 -0.00150193 -0.0189527 0.00392762 0.0135626 0.00866035 0.075069 -0.0202005 0.0210564 0.0146478 -0.0035636 -0.011375 0.0103429 0.011831 0.00409736 -0.0657342
internal_weight=5263.03 4137.5 1125.52 288.705 836.818 3442.95 694.554 529.795 471.358 45.3456 164.758 779.315 28.5043 3401.73 1505.44 1318.46 571.048 1896.29 829.463 731.606 58.4373 25.9809 426.013 371.129 1066.83 683.114 383.712 747.417 387.298 168.222
internal_count=1698092 998917 699175 572674 126501 867343 131574 83760 75838 15114 47814 121331 12056 862437 737199 249521 123223 125238 117820 109991 7922 495 60724 44763 7418 4151 3267 126298 56248 540324
is_linear=0
shrinkage=0.08


Tree=82
num_leaves=31
num_cat=0
split_feature=12 6 9 2 4 9 9 5 2 3 2 3 0 1 6 3 4 15 9 9 8 0 16 9 15 8 0 1 5 16
split_gain=50.8395 60.7553 40.6602 38.0245 36.83 39.7723 53.7277 34.5837 34.0358 53.0722 85.8166 45.5865 39.3912 40.4351 38.8667 34.2682 26.5137 25.6859 46.5477 33.5258 29.982 32.9986 26.8512 36.1725 23.6087 23.1353 21.7758 37.6217 21.5689 18.0631
threshold=0.41428571939468389 0.41428571939468389 0.8011976182460786 0.69614070653915416 0.83910790085792553 0.6072751283645631 1.0000000180025095e-35 1.0000000180025095e-35 0.54085850715637218 0.64549729228019725 0.6482679843902589 0.4901809841394425 0.56980520486831676 0.68614074587821972 0.13392857462167743 0.67028987407684337 0.75513628125190746 1.0000000180025095e-35 0.36093893647193914 1.0000000180025095e-35 5.5000000000000009 0.69860395789146434 1.0000000180025095e-35 0.51911646127700817 1.0000000180025095e-35 13.500000000000002 0.65806129574775707 0.61938297748565685 1.0000000180025095e-35 1.0000000180025095e-35
decision_type=2 2 2 2 2 2 2 2 2 2 2 2 2 2 2 2 2 2 2 2 2 2 2 2 2 2 2 2 2 2
left_child=3 7 17 4 5 6 -1 8 11 26 14 12 13 -2 -11 -12 25 18 -3 -19 21 -20 -21 -24 29 -5 27 -10 -22 -7
right_child=1 2 -4 16 -6 24 -8 -9 9 10 15 -13 -14 -15 -16 -17 -18 19 20 22 28 -23 23 -25 -26 -27 -28 -29 -30 -31
leaf_value=-0.01317611944178146 -0.05353991735694226 -0.0062930636905912472 0.061585679929517134 0.021439629000694797 0.024940833205577384 -0.0046061608842097928 -0.066653539628956773 0.075280912612940273 0.079835609737547039 -0.11321248103085108 0.097514340159760723 -0.049904334491150774 0.0656994328098017 0.1336729276002693 0.0017915535208576968 0.0026912192934362522 -0.0040154599767184022 0.022702619369290744 0.17112443288471504 -0.10232618980452655 -0.047395814756228533 0.060899950075191618 -0.13161058099912396 0.077277233919085864 -0.025398156415377009 -0.057672578874946083 0.089917034821644024 -0.0049437282397349911 0.069771770241021422 0.04314617112020832
leaf_weight=243.10536446562037 54.736508071247954 101.67307642332162 201.34706040844867 433.54636522318469 111.5111276263633 147.86315172613831 237.89828299298824 37.202615691290703 53.816746415846865 61.827838010096457 26.449316658181488 186.25018743590044 51.992810207957518 8.5348913647612772 27.029751151101664 313.54658072309394 2209.9484126157913 82.750371236354113 25.162986454437487 34.016129165349412 20.330819563387195 56.219703113223659 7.9259014033596058 16.048094967147335 212.8985701984202 25.022937480520341 46.876675053252256 88.73440344989649 19.894864637491992 77.148772279469995
leaf_count=72861 31841 5825 66532 100334 19639 11805 660112 6354 9511 22376 3391 70492 6553 886 8980 49179 472629 2361 1135 4101 1590 6596 656 2056 22141 5164 4225 21527 1533 5039
internal_value=-0.000358958 0.011946 0.0327387 -0.00542329 -0.0184763 -0.023745 -0.0396254 -0.000337799 -0.00339632 0.00735034 -0.00822716 -0.0254333 0.0141084 -0.0282861 -0.0782292 0.0100678 -0.000382993 0.016783 0.0336546 -0.00998342 0.0670536 0.0949806 -0.0566255 0.00821807 -0.00630183 0.0171227 0.0426169 0.0270627 0.0105531 0.0117665
internal_weight=5221.31 1522.37 565.369 3698.94 1030.43 918.914 481.004 956.998 919.796 618.281 428.853 301.514 115.264 63.2714 88.8576 339.996 2668.52 364.022 223.281 140.74 121.608 81.3827 57.9901 23.974 437.91 458.569 189.428 142.551 40.2257 225.012
internal_count=1697424 327700 92385 1369724 791597 771958 732973 235315 228961 119189 83926 109772 39280 32727 31356 52570 578127 25853 16679 9174 10854 7731 6813 2712 38985 105498 35263 31038 3123 16844
is_linear=0
shrinkage=0.08


Tree=83
num_leaves=31
num_cat=0
split_feature=9 15 9 9 9 9 6 12 9 2 16 6 9 0 5 1 6 12 0 17 10 6 2 1 2 1 10 0 16 6
split_gain=45.378 38.8013 54.9669 50.7815 39.3981 92.1238 39.1795 60.869 37.17 55.3264 36.639 44.3589 54.5292 41.0818 29.0793 66.3743 28.4295 27.4193 21.4021 20.2752 20.4388 19.0285 18.3445 29.4827 16.7057 14.9608 14.4484 30.96 14.1163 31.8845
threshold=0.98367321491241466 1.0000000180025095e-35 0.41982129216194158 0.22545801103115085 1.0000000180025095e-35 0.51119467616081249 0.26785714924335485 0.36666667461395269 0.56572300195693981 0.33520600199699407 1.0000000180025095e-35 0.21111111342906955 0.74106001853942882 0.62192192673683178 1.0000000180025095e-35 0.96684980392456066 0.91666665673255932 0.41428571939468389 0.58643677830696117 1.0000000180025095e-35 0.064583335071802153 1.0000000180025095e-35 0.78705966472625744 0.70064935088157665 0.84889996051788341 0.85145786404609691 0.097619049251079573 0.99523809552192699 1.0000000180025095e-35 0.73214286565780651
decision_type=2 2 2 2 2 2 2 2 2 2 2 2 2 2 2 2 2 2 2 2 2 2 2 2 2 2 2 2 2 2
left_child=1 2 3 -1 28 -6 14 -8 9 -9 11 13 -13 -7 22 -16 26 21 -2 -18 -21 -12 23 -4 -10 -24 -5 -28 -3 -30
right_child=18 4 6 16 5 10 7 8 24 -11 17 12 -14 -15 15 -17 19 -19 -20 20 -22 -23 25 -25 -26 -27 27 -29 29 -31
leaf_value=-0.00058496888105276346 -0.012453474380522495 0.014890239284782296 0.008420527578370935 -0.075256424851741166 -0.065626881143385191 -0.031077080225970652 0.011979541774216316 1.1662684493491686 0.026738246826003672 0.1108499212254682 0.076153240059690444 -0.080495615523419314 -0.015356319508917962 0.02109733627055646 0.11338914579406671 -0.092221201077170023 -0.056740142132788877 0.053432989047818243 0.067239566995229302 -0.0026836717209113227 0.12894521564926181 -0.0050963372354086043 0.076692987554466671 -0.032639650646392265 0.073403471404496407 -0.013793595138150691 -0.016822488967152615 2.5255253723466602 0.02118456751783793 -0.01730794568081254
leaf_weight=1025.1585094937768 28.314513345481828 378.03142782725627 215.27797923130845 117.5435816718965 219.84398372664873 167.22766648432298 675.73506038876076 0.3198308891733167 146.77591373582038 52.107757175283041 19.753212886978872 132.47414647812548 216.93004639440915 228.6455027492193 36.074664175495855 13.927643772956797 20.42914811550861 78.383730115951039 90.506717393291183 20.915525483273086 11.814251504431011 279.12224011312355 28.106839078085613 233.10849333928491 73.775580066634575 20.026104637814569 31.615116080341981 0.030685396865009262 204.85944233383634 420.24908867664635
leaf_count=93064 1506 42678 87040 421930 534139 11623 134847 209 14577 5577 640 43908 14729 9136 3381 2297 22269 18327 19654 9253 837 32125 1533 38252 26299 1722 78174 2 25681 2841
internal_value=-0.00061992 -0.00176561 0.00473119 -0.00781408 -0.00930728 -0.0182702 0.0150302 0.024859 0.0567408 0.117288 -0.00899563 -0.0192787 -0.0400534 -0.000942566 -0.00203177 0.0561184 -0.044439 0.0113186 0.0482491 0.00579598 0.0448295 0.000273593 -0.00788783 -0.012926 0.042348 0.0390453 -0.0623386 -0.0143573 0.00268675 -0.00469325
internal_weight=5187.08 5068.26 2722.74 1227.51 2345.52 1342.38 1495.24 948.714 272.979 52.4276 1122.54 745.277 349.404 395.873 546.522 50.0023 202.348 377.259 118.821 53.1589 32.7298 298.875 496.519 448.386 220.551 48.1329 149.189 31.6458 1003.14 625.109
internal_count=1698250 1677090 941263 625529 735827 664627 315734 181509 46662 5786 130488 79396 58637 20759 134225 5678 532465 51092 21160 32359 10090 32765 128547 125292 40876 3255 500106 78176 71200 28522
is_linear=0
shrinkage=0.08


Tree=84
num_leaves=31
num_cat=0
split_feature=8 6 9 17 3 2 4 6 2 3 2 4 4 9 3 2 12 3 3 3 4 2 8 2 7 17 10 4 11 4
split_gain=41.4378 41.6533 35.8252 33.2846 31.3598 38.6041 33.9261 28.1977 67.6176 80.1562 72.7879 58.8696 50.108 53.8298 28.5698 32.8373 25.6335 25.1946 24.4525 23.9724 23.5832 21.2262 19.9837 19.6344 19.5386 28.4476 18.1174 16.8829 15.9624 15.7418
threshold=8.5000000000000018 1.0000000180025095e-35 0.9348469376564027 1.0000000180025095e-35 0.65030118823051464 0.65030118823051464 0.54950982332229625 0.46428571641445165 0.79795917868614208 0.87226107716560375 0.87206766009330761 0.65261757373809826 0.89512962102890026 0.50694575905799877 0.68870675563812267 0.65419578552246105 0.55000001192092907 0.80874970555305492 0.9495762586593629 0.61620295047760021 0.50287356972694408 0.56294015049934398 27.500000000000004 0.36032786965370184 1.5000000000000002 1.0000000180025095e-35 0.62019231915473949 0.80243903398513805 1.5000000000000002 0.44590643048286444
decision_type=2 2 2 2 2 2 2 2 2 2 2 2 2 2 2 2 2 2 2 2 2 2 2 2 2 2 2 2 2 2
left_child=2 4 7 19 6 20 -2 8 12 -10 18 14 13 28 -9 29 24 -15 -11 -3 -6 -4 -8 -22 27 -26 -21 -13 -1 -16
right_child=1 3 21 -5 5 -7 22 11 9 10 -12 16 -14 17 15 -17 -18 -19 -20 26 23 -23 -24 -25 25 -27 -28 -29 -30 -31
leaf_value=-0.059751285388365646 -0.0081412245952811012 -0.073431100138293445 -0.010938485902064103 -0.043099863702198878 0.10480445381292762 0.030116678100812627 0.06154491232326114 0.0068748114077463729 0.073583019129885477 -0.08597975159556602 0.0209861943643209 0.0069448470024390816 0.071177746540199219 -0.0061862031992366388 0.86351126171085801 0.039308351061227348 0.047057548109380551 -0.056903468945438913 0.16456691465205811 -0.0080812997896299761 -1.836853757235281 0.042587805915996618 0.86772378464123268 -0.12598550842897949 -0.0016257038277323547 0.020561590022625073 0.064642856944997509 -0.022582645465019389 0.0099839003859467836 0.12318097647657107
leaf_weight=228.08573133638129 75.88839423492027 34.444501339341514 60.42400847596582 324.77566164756718 3.1063406494358814 27.634464844173635 97.402459451099276 60.992938479626844 126.39921989195864 63.999690710217692 189.84843969078793 195.98186847841134 39.047930848435499 704.11137970761047 0.18454053583263785 68.746323929611265 82.3476597093686 68.813279600959504 2.5940751764137522 383.25458435379551 0.043004315433793461 220.23506238404661 0.19718428088526607 24.929192838957533 1092.022866882573 559.24651764298324 23.254192204214633 337.08727321357583 23.138666058657691 46.78941779442539
leaf_count=584507 32154 39380 2331 234029 408 3128 16479 16989 43194 44328 18601 70458 4757 86077 133 5894 26478 6999 214 136700 21 43277 24 13659 135121 32442 4967 62032 26417 6561
internal_value=-3.96735e-05 -0.0147096 0.00346038 -0.0236651 0.0152094 -0.0370092 0.0319786 0.00146853 -0.0073859 0.021443 -0.00425664 0.00670871 -0.0177667 -0.0211579 0.051182 0.0745351 0.00324152 -0.0107015 -0.07622 -0.00935082 -0.103073 0.031064 0.0631737 -0.128932 0.0015897 0.00588862 -0.00392114 -0.0117269 -0.0533284 0.126089
internal_weight=5165.03 994.93 4170.1 765.729 229.201 55.713 173.488 3889.44 1446.04 382.841 256.442 2443.4 1063.2 1024.15 176.713 115.72 2266.69 772.925 66.5938 440.953 28.0785 280.659 97.5996 24.9722 2184.34 1651.27 406.509 533.069 251.224 46.974
internal_count=1697759 480949 1216810 415076 65873 17216 48657 1171202 815094 106337 63143 356108 708757 704000 29577 12588 326531 93076 44542 181047 14088 45608 16503 13680 300053 167563 141667 132490 610924 6694
is_linear=0
shrinkage=0.08


Tree=85
num_leaves=31
num_cat=0
split_feature=9 15 9 9 9 9 17 2 0 1 0 10 12 5 7 10 12 7 11 17 10 7 0 2 1 1 4 10 9 1
split_gain=38.6447 35.3152 41.3461 46.2541 38.4179 81.367 34.419 25.2159 24.0484 23.0019 62.786 60.7007 22.4007 43.0163 27.3979 21.9282 21.5358 20.1721 18.1859 17.1382 16.1154 15.955 15.5 12.5577 12.4053 20.7168 12.8357 12.2194 16.7683 12.013
threshold=0.98367321491241466 1.0000000180025095e-35 0.43259048461914068 0.22545801103115085 1.0000000180025095e-35 0.51119467616081249 1.0000000180025095e-35 0.85145786404609691 0.39780220389366155 0.7897985875606538 0.70647653937339794 0.39230769872665411 0.41428571939468389 1.0000000180025095e-35 1.0000000180025095e-35 0.064583335071802153 0.36666667461395269 1.0000000180025095e-35 1.5000000000000002 1.0000000180025095e-35 0.16228070110082629 2.5000000000000004 0.60922586917877208 0.61311829090118419 0.86319074034690868 0.89699381589889537 0.93440860509872448 0.82085561752319347 0.92762354016304027 0.81302964687347423
decision_type=2 2 2 2 2 2 2 2 2 2 2 2 2 2 2 2 2 2 2 2 2 2 2 2 2 2 2 2 2 2
left_child=1 2 3 21 -3 20 16 18 -4 10 -8 -11 27 14 -14 -9 17 -7 -5 -17 -6 -1 -2 -20 26 -26 -23 28 -10 -18
right_child=22 4 8 7 5 6 9 15 12 11 -12 -13 13 -15 -16 19 29 -19 23 -21 -22 24 -24 -25 25 -27 -28 -29 -30 -31
leaf_value=-0.0032898269177978768 0.0022292916007041184 0.003181954005123036 -0.063670444806084872 -0.062909176026862579 -0.073615415607393445 0.082815482238158586 -0.023374787410516257 -0.030440783374062863 0.0058083478159468137 -0.080509900565729819 0.048329612496983476 -0.0030959739668327529 0.0020736460603487297 0.080648961491813068 0.039995661036653252 -0.071114285194028334 0.011593010615749355 -0.0042856100479124462 -0.049963090441896341 0.11700478992007568 -0.011096653709430833 -0.014050160552901526 0.067276583636918894 0.18616612714410302 0.1847220897076296 0.027532979770226257 -0.28249947575358947 -0.072106168254691669 0.06084760367272514 0.076340106461796217
leaf_weight=866.45206007864863 34.204357459209859 999.01105408213334 25.112296042672824 145.55923056839674 172.84595771790919 18.13388820993714 379.87525283072318 35.585106418759096 806.32553502648079 118.39876783404907 98.398056836449541 143.25902493466856 281.23038490895846 83.271720035030739 215.25960747086589 3.9379197776434021 31.705871635378571 276.29762876828318 2.5967459420498917 14.55578701471677 31.141896263747185 24.544749693828638 74.534273191471584 3.2397723957692506 5.6024030087864949 127.20902032035519 1.1954408735036839 12.295062690274788 37.054043419891968 43.503391620877665
leaf_count=90992 1923 70982 21683 525181 501959 611 48155 38792 180121 12323 5577 13252 21818 27692 23738 109 2951 32027 4747 1265 32482 983 19111 1337 114 895 6 297 1176 15508
internal_value=-0.000366215 -0.00139157 0.00483886 -0.00596477 -0.00864163 -0.0176339 -0.00909673 -0.0406075 0.0139407 -0.0190555 -0.00862261 -0.0381254 0.0152984 0.0274395 0.0185152 0.00628372 0.0108383 0.0010789 -0.0573571 0.076948 -0.064071 0.000979786 0.0468156 0.081109 0.0243123 0.0341637 -0.0265176 0.00707222 0.00822651 0.0490448
internal_weight=5112.34 5003.6 2691.03 1230.48 2312.57 1313.56 1109.57 205.475 1460.55 739.931 478.273 261.658 1435.44 579.762 496.49 54.0788 369.641 294.432 151.396 18.4937 203.988 1025 108.739 5.83652 158.552 132.811 25.7402 855.675 843.38 75.2093
internal_count=1697807 1676773 940946 664421 735827 664845 130404 571431 276525 79307 53732 25575 254842 73248 45556 40166 51097 32638 531265 1374 534441 92990 21034 6084 1998 1009 989 181594 181297 18459
is_linear=0
shrinkage=0.08


Tree=86
num_leaves=31
num_cat=0
split_feature=8 7 1 12 7 0 1 1 0 0 9 15 10 9 1 16 16 8 5 8 1 4 10 0 4 0 1 5 0 1
split_gain=35.967 41.683 59.0064 30.3439 44.4622 39.2178 61.5634 59.5892 80.0749 51.4003 38.0187 40.1446 54.1854 38.7554 29.5312 23.854 23.8082 23.3762 22.5125 25.2274 72.6745 49.5189 41.8276 31.0734 22.4354 22.4002 44.6113 31.1523 22.364 22.1498
threshold=8.5000000000000018 1.0000000180025095e-35 0.78086888790130626 0.22500000149011615 1.0000000180025095e-35 0.6911335587501527 0.75162336230278026 0.70064935088157665 0.62192192673683178 0.76138716936111461 0.40879945456981664 1.0000000180025095e-35 0.42261904478073126 0.5275399684906007 0.57321429252624523 1.0000000180025095e-35 1.0000000180025095e-35 4.5000000000000009 1.0000000180025095e-35 2.5000000000000004 0.90521115064620983 0.92637759447097789 0.93541666865348827 0.86240702867507946 0.58204832673072826 0.55403152108192455 0.60495716333389293 1.0000000180025095e-35 0.61938297748565685 0.81872946023941051
decision_type=2 2 2 2 2 2 2 2 2 2 2 2 2 2 2 2 2 2 2 2 2 2 2 2 2 2 2 2 2 2
left_child=3 15 -3 18 5 7 -7 8 14 -8 -6 13 -13 29 -5 25 -9 -10 19 20 23 22 -22 -1 -15 -2 -27 28 -28 -12
right_child=1 2 -4 4 10 6 9 16 17 -11 11 12 -14 24 -16 -17 -18 -19 -20 -21 21 -23 -24 -25 -26 26 27 -29 -30 -31
leaf_value=0.0085667237624825997 -0.034805137180070729 -0.068730246099858672 -0.012201463794764158 0.037454328267247365 -0.00021786546602590193 0.085967981634610655 -0.062631389044941296 -0.077316856588603322 0.027136514602194305 0.041741652437024934 0.23120592438708126 -0.036063006961656124 0.047656061269999182 0.1071799946563655 -0.038125924218842672 0.083452770919078351 0.071464691186724355 0.11274414841824251 0.0075303109394890301 -0.017664879767250567 -0.057065922298254426 0.0094695838337442405 -0.73018110503082412 0.057000501067051942 0.03675362548825508 0.13905179176344543 -0.053902383435287762 0.1085450166240214 0.023663924376040032 0.096377000399643545
leaf_weight=577.18362694376265 59.467317947757692 147.56544046317867 593.43638675309194 40.720934792698245 229.63943656682386 70.836350487908931 57.616480380733265 102.89985969517147 41.789458719125832 63.45454022710328 10.654722831386605 85.262618181688595 117.89030741847819 33.896413568669232 176.46311644294474 29.288810672007457 7.3769538669730528 39.910014026158024 1028.7848750848352 817.55967225122731 171.82500617159531 109.19901013922936 0.59287150390446086 99.371455938104191 198.37001001299359 18.630499919207068 43.963464638844016 16.035728969087359 51.842006506893085 29.084532769120415
leaf_count=281364 28810 209953 205094 21677 46385 4597 8923 36862 6171 6885 6047 11288 34914 1604 76628 4678 601 3020 64368 496518 54577 4759 19 8462 38722 1943 18434 1276 10664 1774
internal_value=-0.000452602 -0.0143927 -0.0234588 0.00280395 0.0128771 -0.00310772 0.0267304 -0.0171026 0.00144202 -0.00792843 0.0265093 0.0394262 0.0125194 0.0595221 -0.023955 0.0162512 -0.0673641 0.0689557 -0.00188639 -0.00734204 0.00146593 -0.0326834 -0.0593805 0.0156806 0.0470315 0.00588865 0.0244364 0.00534372 -0.0119299 0.132527
internal_weight=5070.61 960.23 741.002 4110.38 1305.87 601.068 191.907 409.16 298.884 121.071 704.798 475.159 203.153 272.006 217.184 219.228 110.277 81.6995 2804.52 1775.73 958.172 281.617 172.418 676.555 232.266 189.939 130.472 111.841 95.8055 39.7393
internal_count=1697017 480852 415047 1216165 306098 165364 20405 144959 107496 15808 140734 94349 46202 48147 98305 65805 37463 9191 910067 845699 349181 59355 54596 289826 40326 61127 32317 30374 29098 7821
is_linear=0
shrinkage=0.08


Tree=87
num_leaves=31
num_cat=0
split_feature=9 0 13 5 1 2 12 5 11 1 2 6 11 4 4 9 13 12 4 0 9 7 1 2 9 15 6 9 6 11
split_gain=31.8354 30.1725 22.9714 24.0843 31.7154 25.9444 21.3189 19.8774 19.6025 17.0367 25.951 23.0503 16.8831 15.7614 14.2159 16.8981 13.2974 12.9215 12.6189 20.1282 12.5241 11.9439 11.4002 10.1254 9.58299 21.5792 13.2965 15.5387 9.14138 9.10101
threshold=0.9348469376564027 0.45512083172798162 1.5000000000000002 1.0000000180025095e-35 0.90645834803581249 0.94791102409362804 0.81666666269302379 1.0000000180025095e-35 3.5000000000000004 0.94201681017875682 0.79431909322738659 0.46428571641445165 1.0000000180025095e-35 0.81375637650489818 0.52565789222717296 0.55747640132904064 1.0000000180025095e-35 0.63333335518836986 0.50878274440765392 0.52679425477981578 0.46851994097232824 2.5000000000000004 0.98147514462471019 0.5912291705608369 0.98367321491241466 1.0000000180025095e-35 0.18333333730697635 0.97035562992095958 0.38750000298023229 1.5000000000000002
decision_type=2 2 2 2 2 2 2 2 2 2 2 2 2 2 2 2 2 2 2 2 2 2 2 2 2 2 2 2 2 2
left_child=1 14 3 5 13 9 21 23 18 11 -11 -3 22 -5 16 29 -1 -10 19 -4 -8 -6 -7 28 25 -25 -27 -28 -2 -16
right_child=7 2 8 4 6 12 20 -9 17 10 -12 -13 -14 -15 15 -17 -18 -19 -20 -21 -22 -23 -24 24 -26 26 27 -29 -30 -31
leaf_value=-0.058985267258887177 -0.017951014787802512 -0.013667568065975265 0.059766983418648743 0.12546154355785816 -0.0023955579281244158 0.0073711193774900173 -0.03587241581678699 0.057991757498390931 -0.083202806239637897 0.029703939805431338 -0.041906796705754451 0.0015685296890240428 0.059618953494167841 0.031060574077310062 -0.3185731438128141 0.3142799328815814 0.011644129594595598 0.024838499587915935 0.074008585501263879 0.63420916639995528 0.081370985743245111 0.014973208348030152 -0.2153500539582851 0.052586886334768317 0.056261955605284103 0.053656306945864957 -0.012951441352852157 -0.11963084410952179 0.064293887677316322 -1.3518279804198532
leaf_weight=73.862455401569719 83.34688692149939 1465.5264656080362 0.91766620014095568 19.267565690926858 1134.5843710122281 83.416179450316122 7.0836838497198178 77.092693376238458 8.4818934715585765 38.994224210153334 191.1587375474337 1122.0370836950169 57.378351780062076 27.439653925481252 1.6616322035843034 0.28337157003340951 22.183472779353906 43.004092305665836 33.755843565624673 0.67941273882752284 32.975769377604593 326.25341991822643 1.4972569538804226 50.300262964214198 42.61736026883591 14.31016335415188 48.090942320763133 10.678843243746085 9.6506317376624775 0.056409692828310543
leaf_count=146329 1811 971520 87 2441 121850 2250 102 31337 302 12551 34482 287586 5398 2419 632 29 13504 4512 3239 34 18013 16527 60 6683 7531 1130 3876 1152 646 11
internal_value=-0.00145307 -0.00315659 -0.00221947 -0.00300461 0.00508262 -0.00723293 0.00306234 0.0223316 0.0385357 -0.00891601 -0.029774 -0.00706079 0.0260962 0.0700027 -0.0470695 -0.258092 -0.0426722 0.00703958 0.0844049 0.30414 0.0606389 0.00148346 0.00344393 0.011717 0.0235566 0.0122597 -0.0154972 -0.0323358 -0.00941621 -0.352499
internal_weight=5028.59 4692.5 4594.45 4507.61 1547.6 2960.01 1500.9 336.088 86.8389 2817.72 230.153 2587.56 142.292 46.7072 98.0473 2.00141 96.0459 51.486 35.3529 1.59708 40.0595 1460.84 84.9134 258.995 165.998 123.38 73.0799 58.7698 92.9975 1.71804
internal_count=1698044 1643878 1483373 1475199 161352 1313847 156492 54166 8174 1306139 47033 1259106 7708 4860 160505 672 159833 4814 3360 121 18115 138377 2310 22829 20372 12841 6158 5028 2457 643
is_linear=0
shrinkage=0.08


Tree=88
num_leaves=31
num_cat=0
split_feature=8 5 12 2 9 9 12 2 15 7 3 2 11 1 2 1 9 16 9 17 9 7 6 8 3 9 3 2 2 10
split_gain=27.5871 28.5892 40.5315 27.9031 26.3592 80.1175 40.2261 29.0402 24.3909 22.3843 22.126 28.6336 20.9388 36.0833 20.6077 19.4016 18.4199 17.956 17.1045 16.3232 15.6662 15.5208 14.7788 13.3695 17.714 12.9878 19.6881 12.7102 12.5482 12.1716
threshold=17.500000000000004 1.0000000180025095e-35 0.55000001192092907 0.94791102409362804 0.49890829622745519 0.22545801103115085 0.41428571939468389 0.60922586917877208 1.0000000180025095e-35 4.5000000000000009 0.91266208887100231 0.73546314239501964 3.5000000000000004 0.60943254828453075 0.6820855736732484 0.94058823585510265 0.98367321491241466 1.0000000180025095e-35 0.46683587133884435 1.0000000180025095e-35 0.42762957513332372 2.5000000000000004 0.21111111342906955 8.5000000000000018 0.93643954396247875 0.47699365019798284 0.97530490159988414 0.6442561447620393 0.94185259938240062 0.16228070110082629
decision_type=2 2 2 2 2 2 2 2 2 2 2 2 2 2 2 2 2 2 2 2 2 2 2 2 2 2 2 2 2 2
left_child=1 3 15 4 5 10 -7 -8 12 -2 11 -1 -6 -14 -12 17 22 -3 19 -4 -5 -17 -10 -23 -25 26 -22 -18 -21 -19
right_child=9 2 18 20 8 6 7 -9 16 -11 14 -13 13 -15 -16 21 27 29 -20 28 25 23 -24 24 -26 -27 -28 -29 -30 -31
leaf_value=-0.01419494474385468 -0.037196202824891826 0.071370070742837577 -0.27987276558959023 0.0069961270914730648 0.017495583866847169 -0.066580252371548493 -0.056469625792696439 0.032432127744026838 6.9225682483162421e-05 -1.9399236577386239 0.15354628703861001 0.021335731399154741 0.067699762255138643 -0.019413511502333988 -0.022234303095872186 -0.00058244217087732864 0.0015434127178347492 0.00038677398813197726 0.079389312267660966 0.092146713771774844 0.38970310205538433 0.028666532691955671 -0.020831880876068496 0.076107042594199092 -0.027969685331295707 0.047191115662494287 0.074444773844825077 0.0729006573960118 -0.16260356103728829 0.063136154135185779
leaf_weight=240.44572951858527 117.35262198989767 53.472503060023882 1.5485245529853262 87.069230692985002 703.38007097379887 224.45561572591583 40.488254487925531 56.097316786966985 409.72654544601392 0.039583757752551629 4.3331589657027498 366.30360759313044 34.803129571169791 242.24460270111973 285.6900367114722 1030.8012387742783 35.928394878166728 85.284161198273068 69.078888677002396 3.9667011835263111 1.8204855509102333 243.97445845085895 459.13066905856977 12.623743635223944 61.23683406636701 66.063449615961872 4.1760076576028951 28.766635637264699 1.7985338787548242 25.759257101861294
leaf_count=109129 110024 3201 32 2189 84882 848273 128608 45826 34797 11 400 35383 1096 11629 10634 110343 1335 8100 44169 55 92 12459 74152 393 3318 10485 114 5109 32 1962
internal_value=0.000485428 0.00140723 0.0102174 -0.00284814 -0.00450863 -0.0137097 -0.0480042 -0.0048351 0.00134576 -0.0378378 -0.0014324 0.00725545 0.0101582 -0.00847022 -0.019608 0.00734702 -0.00790918 0.0332835 0.067072 -0.049266 0.0298317 0.00418311 -0.0109756 0.0196387 -0.0101816 0.0574236 0.170155 0.0332724 0.0126743 0.014943
internal_weight=4997.86 4880.47 1589.54 3290.92 3131.79 1217.81 321.041 96.5856 1913.98 117.392 896.773 606.749 980.428 277.048 290.023 1513.15 933.552 164.516 76.3926 7.31376 159.129 1348.64 868.857 317.835 73.8606 72.0599 5.99649 64.695 5.76524 111.043
internal_count=1698232 1588197 184064 1404133 1391253 1178253 1022707 174434 213000 110035 155546 144512 97607 12725 11034 139776 115393 13263 44288 119 12880 126513 108949 16170 3711 10691 206 6444 87 10062
is_linear=0
shrinkage=0.08


Tree=89
num_leaves=31
num_cat=0
split_feature=8 6 1 3 0 1 1 2 5 9 1 1 0 3 0 8 2 9 4 9 1 0 1 0 3 4 1 10 8 8
split_gain=33.663 33.6465 53.3599 26.8031 39.9481 39.7398 43.7262 31.4856 25.0021 24.5535 22.8657 22.9796 21.8237 21.2625 67.0603 32.4129 48.1823 32.1972 25.963 27.8227 35.1856 48.6497 26.6033 23.6579 20.6284 25.9559 28.6492 20.5816 45.6749 19.3478
threshold=8.5000000000000018 1.0000000180025095e-35 0.77015754580497753 0.65030118823051464 0.56294015049934398 0.71148777008056652 0.99367088079452526 0.6482679843902589 1.0000000180025095e-35 0.94759726524353038 0.59611794352531444 0.76417112350463878 0.61938297748565685 0.78456193208694469 0.70647653937339794 2.5000000000000004 0.70299971103668224 0.65682536363601696 0.86319074034690868 0.50694575905799877 0.77015754580497753 0.71148777008056652 0.87026646733284008 0.64051282405853283 0.95101958513259899 0.9929577410221101 0.94494947791099559 0.22474747896194461 11.500000000000002 19.500000000000004
decision_type=2 2 2 2 2 2 2 2 2 2 2 2 2 2 2 2 2 2 2 2 2 2 2 2 2 2 2 2 2 2
left_child=9 3 -3 4 5 -2 -7 8 -5 13 27 12 -12 18 15 16 17 -15 19 -1 21 -21 -20 -22 25 26 -16 28 -6 -9
right_child=1 2 -4 7 10 6 -8 29 -10 -11 11 -13 -14 14 24 -17 -18 -19 22 20 23 -23 -24 -25 -26 -27 -28 -29 -30 -31
leaf_value=-0.034766296027801513 -0.057226526547557006 -0.069217482429999436 -0.01232239668395564 -0.12861354869379157 0.1299602818549106 0.11797906899197007 -0.11749965912609979 0.028834334074161548 0.13769618067665854 0.031225550107101135 -0.023818977865367134 0.1145206207547434 0.079184933722461825 0.27434567781363223 -0.0025870434712822166 0.018265609682696665 0.045893990950107669 0.099567651502023138 0.13254962267339943 -0.0037223329716599939 0.06642377894240846 0.062871467532292252 0.014407732555313652 -0.043385959060719612 0.0091869308826010281 0.043603271098736032 -0.034323316109829666 0.13714846391329114 1.232401503050873 -0.80142340983074078
leaf_weight=248.17668970725936 48.275306029441708 127.92812466053147 601.7072783434196 22.31205412203963 0.70519121202232671 21.431768035705321 6.601328536271466 26.719123855742513 2.5100492163037407 184.23184379126178 30.316507487121271 24.43598329674569 23.268271963810548 10.825595879316042 1038.8675474330812 138.80070197992251 86.733708910047426 17.898814268759452 14.44652561577095 547.7654561406307 13.571440978834287 80.530906438973034 78.392715828857035 167.93334667032468 1109.4248699519812 65.23770657251589 220.72396403647144 10.175334748579187 0.36501067443168722 0.18084905785508354
leaf_count=510879 28734 202446 212630 13852 475 2471 1596 3185 167 37861 10013 2614 2370 2359 397408 28411 7292 549 1813 75167 1048 3945 8494 12045 86939 3941 38543 167 263 19
internal_value=-0.000497358 -0.0140684 -0.0222979 0.0135645 0.029268 -0.0132329 0.0625277 -0.0367061 -0.101684 0.00269654 0.0655996 0.0502278 0.0209087 0.00132756 0.00522264 0.0443168 0.0756348 0.165438 -0.00777204 -0.0113316 -0.0041496 0.00481322 0.0327916 -0.0351753 0.00113925 -0.00559996 -0.00814834 0.172248 0.505967 0.0232525
internal_weight=4970.49 946.932 729.635 217.297 165.575 76.3084 28.0331 51.7221 24.8221 4023.56 89.2663 78.0208 53.5848 3839.33 2688.51 254.259 115.458 28.7244 1150.82 1057.98 809.801 628.296 92.8392 181.505 2434.25 1324.83 1259.59 11.2455 1.0702 26.9
internal_count=1697696 481002 415076 65926 48703 32801 4067 17223 14019 1216694 15902 14997 12383 1178833 565442 38611 10200 2908 613391 603084 92205 79112 10307 13093 526831 439892 435951 905 738 3204
is_linear=0
shrinkage=0.08


Tree=90
num_leaves=31
num_cat=0
split_feature=12 5 9 2 9 9 2 16 16 6 6 15 9 1 6 11 13 6 1 16 2 4 11 10 7 7 4 4 2 7
split_gain=22.7959 29.5237 32.4595 28.4933 24.2684 103.312 29.749 26.3536 24.7222 28.2458 36.4159 22.9003 34.2154 19.4223 19.0522 18.3145 17.9914 17.6497 24.2708 21.7397 17.2407 29.9881 17.0675 17.0343 23.5879 16.362 16.0551 15.1858 18.8697 21.9635
threshold=0.30952382087707525 1.0000000180025095e-35 0.40605320036411291 0.86240702867507946 1.0000000180025095e-35 0.48379594087600714 0.90595519542694103 1.0000000180025095e-35 1.0000000180025095e-35 1.0000000180025095e-35 0.21111111342906955 1.0000000180025095e-35 0.66849818825721752 0.94058823585510265 0.53571429848670971 5.5000000000000009 1.5000000000000002 0.77500000596046459 0.80874970555305492 1.0000000180025095e-35 0.33520600199699407 0.6569296419620515 3.5000000000000004 0.17914438992738727 2.5000000000000004 3.5000000000000004 0.9929577410221101 0.64565756916999828 0.62115561962127697 1.5000000000000002
decision_type=2 2 2 2 2 2 2 2 2 2 2 2 2 2 2 2 2 2 2 2 2 2 2 2 2 2 2 2 2 2
left_child=4 3 -3 15 17 6 23 -8 11 26 -11 -7 13 -13 -12 16 -2 18 20 -19 21 -1 -18 -6 -25 -21 -10 28 -20 -30
right_child=1 2 -4 -5 5 8 7 -9 9 10 14 12 -14 -15 -16 -17 22 19 27 25 -22 -23 -24 24 -26 -27 -28 -29 29 -31
leaf_value=3.8189940797048103 0.00013964984419351643 -0.0025691635103246603 0.056495258438676768 0.036209706769834753 -0.070584566732876428 0.00075476373191996559 0.058264412248024915 -0.050000750646334365 0.10357022542577907 -0.086465091392277482 0.031620552909158925 -0.050097912174331578 -0.012475210758934327 -0.14180200002052082 2.1376766481956369e-05 -0.025483665852033571 0.080651241866603593 0.013349793068428985 0.050103367027335567 -0.015744938734482787 -0.018703203390196637 -0.08010911856249027 -0.00020767921745787468 0.0027405573767536866 0.48959123834597967 0.03210191460265812 -0.096615435125724236 0.016376691155951188 0.6325446186504402 0.15103575625935844
leaf_weight=0.020517629687673344 918.69975211642122 98.375329756760038 150.87674639740726 147.74137135830824 227.88148746998741 426.15170975239744 25.693328476379975 32.706557412777329 28.13227235869272 25.559349932867917 189.81665540282847 54.292435537005076 222.96799246905721 20.310381170856999 342.38653877732577 168.4251027876744 35.912645310250809 305.97783587360755 12.938396358513275 635.37962699914351 142.20520394784398 0.03281348617747426 31.239764987316448 9.3629634069948189 0.68339620155165981 49.289819940924644 2.8211864966433486 620.89848575578071 0.78526670270366539 2.6599108576774597
leaf_count=25 289795 2118 59416 21743 924153 61043 8303 17723 1085 29465 39624 62862 8311 1241 15331 8650 1819 2594 1562 3932 72900 33 1279 12282 23 353 245 49057 426 168
internal_value=-6.92663e-05 0.0079592 0.0331836 0.00313036 -0.00375512 -0.010867 -0.053532 -0.00236894 -0.00123388 0.01094 0.00681192 -0.0111368 -0.0281666 -0.0750641 0.0112916 -0.00110362 0.00306152 0.00270821 0.0117133 -0.00437792 -0.0181639 1.41996 0.0430351 -0.0660901 0.0358582 -0.0123004 0.0853247 0.0183827 0.0944065 0.260787
internal_weight=4930.22 1551.27 249.252 1302.02 3378.95 1608.77 296.328 58.3999 1312.44 588.716 557.763 723.723 297.571 74.6028 532.203 1154.28 985.852 1770.19 779.541 990.647 142.259 0.0533311 67.1524 237.928 10.0464 684.669 30.9535 637.282 16.3836 3.44518
internal_count=1697561 384820 61534 323286 1312741 1181691 962484 26026 219207 85750 84420 133457 72414 64103 54955 301543 292893 131050 124171 6879 72958 58 3098 936458 12305 4285 1330 51213 2156 594
is_linear=0
shrinkage=0.08


Tree=91
num_leaves=31
num_cat=0
split_feature=0 4 9 2 10 3 16 6 3 4 10 9 9 0 1 3 1 7 6 3 0 1 9 6 6 5 7 4 2 13
split_gain=25.5892 22.9051 84.2391 20.9769 35.8652 23.9434 29.9518 57.8977 21.338 20.7472 16.9154 311.862 39.8315 16.0745 18.2642 15.4475 27.8868 17.8195 15.1261 49.7721 45.9931 14.5914 13.0312 12.9965 11.8678 11.1201 11.1002 10.4674 10.1069 8.8503
threshold=0.45512083172798162 0.40253165364265447 1.0000000180025095e-35 0.87007671594619762 0.63961037993431102 0.92403846979141246 1.0000000180025095e-35 0.73214286565780651 0.42933948338031774 0.93908473849296581 0.21240601688623431 0.78297102451324474 0.76239567995071422 0.5388936996459962 0.68457102775573742 0.96824595332145702 0.94494947791099559 2.5000000000000004 0.46428571641445165 0.86526826024055492 0.68870675563812267 0.94570022821426403 0.6072751283645631 0.38750000298023229 0.63333335518836986 1.0000000180025095e-35 2.5000000000000004 0.52565789222717296 0.86240702867507946 1.0000000180025095e-35
decision_type=2 2 2 2 2 2 2 2 2 2 2 2 2 2 2 2 2 2 2 2 2 2 2 2 2 2 2 2 2 2
left_child=22 2 -2 8 5 6 23 -8 13 18 11 12 -4 14 -3 16 -7 -17 19 -10 -20 -15 27 -5 25 -11 -26 28 -1 -24
right_child=1 3 10 4 -6 15 7 -9 9 24 -12 -13 -14 21 -16 17 -18 -19 20 -21 -22 -23 29 -25 26 -27 -28 -29 -30 -31
leaf_value=-0.069974711469058107 7.3759526744092003 -0.069536466449002035 -0.080440259899932004 0.028064024142668856 0.058518393365981212 0.011235432953087484 0.041210836431154488 -0.071821353326324874 -0.0053350864302855096 0.10067405467624019 0.09683924657645894 9.2067889742470523 3.3156079723873608 0.082420244739987561 0.10704893827093419 -0.0020239149524597659 -0.041102763879289052 0.025631834672222964 0.022327502334217899 -0.051206884438658735 -0.0072086183876490378 -0.099280080531422649 -0.03877984668986123 0.076827852664876656 -0.0021883489647794119 -0.0073673387687396017 0.058366643070936731 -0.26220449235917459 0.64587633692499158 0.025945774702610645
leaf_weight=36.099297540481018 0.010728938272221877 13.129061291758264 0.36073047476384079 69.748874720258755 88.306467757152859 122.37689509851043 76.644763463453273 46.658180321144755 1355.0135538009908 22.508011849189643 1.0879944029147735 0.0258415462449193 0.023546129465103149 41.123099259435548 5.2466393825525293 509.95453780563548 139.33817835722584 210.7246501337213 454.97522280947305 170.42163539464673 1305.8566276925339 3.0374777285906012 40.797430913764401 70.169716199307004 70.434421028796351 8.361928703729065 26.724408725713147 1.8571713460914896 0.12667035337653842 20.221777324189645
leaf_count=149169 2 13877 1045 10628 39219 7226 4748 3935 825114 1161 127 4 1 8819 845 31137 10562 12780 104977 152950 293725 72 10602 4186 4998 1866 2237 659 17 899
internal_value=-8.34746e-06 0.000820328 0.312469 0.000722583 0.00925125 0.00575851 0.0271861 -0.00156086 -0.00254953 -0.00339771 0.261883 0.699726 0.127649 0.0437588 -0.0191177 1.72313e-05 -0.0166296 0.00606255 -0.00462861 -0.0104599 0.000423117 0.0699224 -0.0402476 0.0525193 0.0281972 0.0714082 0.0144678 -0.076968 -0.0674716 -0.0173298
internal_weight=4911.37 4812.26 1.50884 4810.75 1333.92 1245.62 263.222 123.303 3476.83 3414.3 1.49811 0.410118 0.384277 62.5363 18.3757 982.394 261.715 720.679 3286.27 1525.44 1760.83 44.1606 99.1023 139.919 128.029 30.8699 97.1588 38.0831 36.226 61.0192
internal_count=1697587 1536241 1179 1535062 124421 85202 23497 8683 1410641 1387028 1177 1050 1046 23613 14722 61705 17788 43917 1376766 978064 398702 8891 161346 14814 10262 3027 7235 149845 149186 11501
is_linear=0
shrinkage=0.08


Tree=92
num_leaves=31
num_cat=0
split_feature=12 5 10 0 10 3 2 1 3 0 7 3 1 8 2 3 0 11 8 4 10 1 3 2 4 4 10 3 0 10
split_gain=23.7023 26.7201 32.3608 21.1227 22.0639 20.9996 20.6937 36.8608 29.6229 33.916 28.119 35.7261 27.5046 23.2 22.9575 20.5222 22.9104 20.0287 17.0747 16.1419 15.1135 14.1095 13.5562 14.7054 21.2663 20.7495 21.5273 12.8753 15.5557 13.1197
threshold=0.41428571939468389 1.0000000180025095e-35 0.27525253593921667 0.44562648236751562 0.93541666865348827 0.96051946282386791 0.52679425477981578 0.61311829090118419 0.48331478238105779 0.56980520486831676 1.0000000180025095e-35 0.52704679965972911 0.73499399423599254 6.5000000000000009 0.4403389841318131 0.71209660172462474 0.63211598992347728 5.5000000000000009 6.5000000000000009 0.52419984340667736 0.70294117927551281 0.62593284249305736 0.40224719047546392 0.63211598992347728 0.40967366099357611 0.79431909322738659 0.18465909361839297 0.52976614236831676 0.5388936996459962 0.39230769872665411
decision_type=2 2 2 2 2 2 2 2 2 2 2 2 2 2 2 2 2 2 2 2 2 2 2 2 2 2 2 2 2 2
left_child=3 6 5 -1 22 -3 8 27 9 12 11 14 19 20 -10 16 -15 -17 -12 -2 -9 -22 -5 25 -25 26 -24 29 -29 -8
right_child=1 2 -4 4 -6 -7 7 13 10 -11 18 -13 -14 15 -16 17 -18 -19 -20 -21 21 -23 23 24 -26 -27 -28 28 -30 -31
leaf_value=-0.051999688347144205 -0.006020981420023698 0.067640271157497531 0.072169862363344633 0.078458045988867645 -0.08549836562733068 -0.0066871372935417648 0.39918122487393504 0.0076395800449682704 -0.19943930799179702 0.071073582954681441 0.058719344622185511 -0.11062563211149272 0.15739774017427496 -0.031882939361558275 -0.012295287919699454 -0.031029427411586454 0.048783502663382404 -0.14506821818259774 -0.040807675427713075 -0.098524242888074418 -0.14521506350008484 0.049598557096150984 -0.041314158794047241 1.6955986381562085 -0.00033793756832599733 0.020485336415265423 -0.0054991928712876219 -0.0072410810351193847 0.079797330576961714 0.064568279855867411
leaf_weight=56.56698851659894 34.313765858008992 31.39706827403279 87.255724657894461 13.277648252871584 20.482647691853344 108.03733526312863 1.4560910162253997 535.62874308275786 4.4393676515610414 44.816147466073744 27.205572042177664 46.492276748249424 5.0182943625695762 44.400209167994035 76.278455019251851 94.597457143820066 45.753679188259412 11.003066757693885 18.556646467615792 18.626990025506529 2.4500435604713848 82.422537854756229 200.61666446532945 0.047321648540672778 2896.2761989516148 87.986013286194066 231.18269778395916 17.633408452493313 51.589965952254715 1.5463214716874061
leaf_count=134970 21495 1245 55285 6535 607 3782 637 86790 3814 5771 6339 23984 267 14587 21314 20660 6897 939 9066 8715 145 21482 396497 37 760297 29596 41877 6899 7559 15
internal_value=-4.46384e-06 0.00883216 0.0339604 -0.00350974 -0.00271466 0.0100495 0.00393938 0.00988123 -0.0152058 0.018811 -0.0354175 -0.0547636 -0.0216005 0.00503414 -0.0225879 -0.0189783 0.0090558 -0.0429117 0.018361 -0.0385679 0.0126095 0.0439748 -0.00222022 -0.0025338 -0.000310228 -0.0149239 -0.022139 0.0646603 0.0576259 0.226847
internal_weight=4897.36 1390.92 226.69 3506.44 3449.87 139.434 1164.23 888.482 275.748 102.775 172.972 127.21 57.9591 816.256 80.7178 195.754 90.1539 105.601 45.7622 52.9408 620.501 84.8726 3429.39 3416.11 2896.32 519.785 431.799 72.2258 69.2234 3.00241
internal_count=1698103 327687 60312 1370416 1235446 5027 267375 166610 100765 36248 64517 49112 30477 151500 25128 43083 21484 21599 15405 30210 108417 21627 1234839 1228304 760334 467970 438374 15110 14458 652
is_linear=0
shrinkage=0.08


Tree=93
num_leaves=31
num_cat=0
split_feature=8 9 15 9 9 9 9 16 6 8 12 6 9 3 4 0 10 6 16 2 10 6 9 10 7 8 2 4 4 10
split_gain=22.7176 19.5006 21.3478 33.6312 40.1403 25.21 66.1344 24.0722 32.1979 19.7586 18.8364 38.52 33.5362 30.3142 16.7097 15.6663 15.5031 15.3517 24.6395 14.5653 13.4368 9.98436 9.32379 9.19147 8.53823 7.77667 12.9035 8.52291 24.7623 7.80182
threshold=18.500000000000004 0.98367321491241466 1.0000000180025095e-35 0.41605369746685034 0.22545801103115085 1.0000000180025095e-35 0.51911646127700817 1.0000000180025095e-35 0.21111111342906955 2.5000000000000004 0.41428571939468389 0.18333333730697635 0.52191373705863964 0.64326766133308422 0.86729559302330028 0.67826876044273388 0.16228070110082629 0.77500000596046459 1.0000000180025095e-35 0.99425286054611217 0.060661764815449722 0.21111111342906955 0.92762354016304027 0.86190477013587963 4.5000000000000009 1.5000000000000002 0.47395551204681402 0.6789083480834962 0.68457102775573742 0.24264705926179889
decision_type=2 2 2 2 2 2 2 2 2 2 2 2 2 2 2 2 2 2 2 2 2 2 2 2 2 2 2 2 2 2
left_child=1 2 3 4 17 24 16 8 -8 -9 22 13 -13 -12 -6 25 -7 18 -1 -19 -16 -18 -5 -2 -4 26 -3 -28 -29 -27
right_child=23 15 5 10 14 6 7 9 -10 -11 11 12 -14 -15 20 -17 21 19 -20 -21 -22 -23 -24 -25 -26 29 27 28 -30 -31
leaf_value=-0.0074448007287325245 -0.046795710515720582 -0.35621644877928094 0.0032517590039956917 0.0039281049359874611 -0.06036412578791981 -0.070117394063382313 0.001463142140509345 0.034732818803745874 -0.033352453491082866 -0.0044321773208276585 0.026985391343178372 0.1159612946554224 0.035171267045300658 -0.025439495881682761 -0.029851287933539812 0.07121707975735142 0.043645450765132696 -0.014907051608684696 0.030208214141083954 0.0172290368653303 0.068063775293851922 -0.046102743687285321 0.044966027359843522 0.058244049829613183 0.12558206239363115 -0.17257639538772482 -0.0097509648253921062 -1.433323558208855 0.086297396340444976 0.025747809502971727
leaf_weight=218.81947774435685 83.631849925628558 0.90542650083079834 964.58094747323776 798.11742909347231 108.22928049593975 144.03147681118935 370.86585659599223 138.99414085021999 313.89231165466481 202.6160266033985 166.30169415198907 38.626791504240828 221.15872729837429 122.6562176629086 31.387297813300393 44.648876398685388 13.48886099840456 437.67288438217656 226.21447322327003 113.71613906312268 12.558613556335329 19.261426939192461 37.078593497513793 5.6946360775036728 3.6654467657208434 1.3188287569209922 5.6251362623879686 0.10566787945572276 0.19578127271961421 33.923457223689184
leaf_count=63661 91660 25 70220 221197 444604 481673 18773 18207 51564 28257 19931 7882 42402 10777 41505 17089 16307 3580 24302 894 965 16671 1310 1421 26 10 452 26 33 2401
internal_value=-0.000126067 0.000619274 -7.37576e-05 0.00491655 -0.00520291 -0.00589405 -0.0136269 -0.00584276 -0.0144963 0.0115033 0.0133152 0.0248295 0.0471837 0.00473219 -0.0434718 0.0382098 -0.0588205 0.00064157 0.0116945 -0.00827944 -0.00186968 -0.00913816 0.00574999 -0.0400993 0.00371486 0.00318287 -0.0749324 -0.0319596 -0.44638 0.0183262
internal_weight=4879.98 4790.66 4703.93 2532.54 1148.6 2171.4 1203.15 1026.37 684.758 341.61 1383.94 548.743 259.786 288.958 152.175 86.7232 176.782 996.423 445.034 551.389 43.9459 32.7503 835.196 89.3265 968.246 42.0743 6.83201 5.92659 0.301449 35.2423
internal_count=1697825 1604744 1584708 883010 579511 701698 631452 116801 70337 46464 303499 80992 50284 30708 487074 20036 514651 92437 87963 4474 42470 32978 222507 93081 70246 2947 536 511 59 2411
is_linear=0
shrinkage=0.08


Tree=94
num_leaves=31
num_cat=0
split_feature=8 6 16 9 2 7 10 12 6 3 0 2 8 0 4 9 2 0 4 6 0 5 17 6 0 4 3 11 2 12
split_gain=22.6 22.5681 23.411 21.1643 26.3882 22.707 16.1562 15.673 15.6187 14.2935 43.8692 32.8889 34.2584 20.3927 17.003 23.5406 22.5623 21.4821 20.0348 42.044 24.1933 15.8607 15.1391 21.4945 13.9401 28.2013 14.4203 13.9014 13.6174 14.9216
threshold=8.5000000000000018 1.0000000180025095e-35 1.0000000180025095e-35 0.87332859635353099 0.92403846979141246 2.5000000000000004 0.44949495792388922 0.63333335518836986 0.21111111342906955 0.77459675073623668 0.70647653937339794 0.69459062814712536 5.5000000000000009 0.45115855336189276 0.85867896676063549 0.49890829622745519 0.74736374616622936 0.85349595546722423 0.60660174489021312 0.46428571641445165 0.63798952102661144 1.0000000180025095e-35 1.0000000180025095e-35 0.77500000596046459 0.84561213850975048 0.91734972596168529 0.81872946023941051 3.5000000000000004 0.70647653937339794 0.70833334326744091
decision_type=2 2 2 2 2 2 2 2 2 2 2 2 2 2 2 2 2 2 2 2 2 2 2 2 2 2 2 2 2 2
left_child=3 6 -3 9 5 28 -2 24 27 14 11 12 13 -11 15 16 17 -1 19 -17 -20 22 23 -16 26 -26 -7 -4 -5 -30
right_child=1 2 8 4 -6 7 -8 -9 -10 10 -12 -13 -14 -15 21 18 -18 -19 20 -21 -22 -23 -24 -25 25 -27 -28 -29 29 -31
leaf_value=-0.044226711642786798 0.032301286229930261 -0.035433720175991286 -0.088817290330158546 0.0025416956703999938 0.064843892153641725 -0.29898912267707134 -0.012654552598011881 0.080150635402100767 -0.0033307871712262675 1.1033196342982783 8.1775892905610733e-05 0.01589523033013128 0.0078642915420929493 0.11846172020749425 0.20485385417480811 -0.002674842440881558 0.043848083331669965 1.7100834025995739 -0.066072899322853859 0.080206961503687529 -0.0072667088379822281 -0.0048805573948974305 0.032578351981064811 -0.077851627056591391 -0.25357418517803221 -0.013991233991070381 0.017695654488448811 -0.79517900062030589 0.020127196822566286 0.076146562085076475
leaf_weight=186.78274130816862 113.24848648346779 291.78453425547923 10.659254943049742 249.03670739894733 65.818075122486334 1.0288656746270195 93.321180463535711 4.2358253156999117 404.70271718109507 0.13494010069552942 2275.0708313193027 156.25663370762049 26.585283239939599 47.419431807378714 8.4517236232641135 195.94421181171856 20.895387382341141 0.044683565894955701 52.251338960631983 48.958268339752976 312.89480283932062 43.406139529499342 24.059413857088657 2.1614138762379289 6.815640472690573 5.8375318662729114 8.7161141404649225 0.1813471666537233 164.08715705746181 37.359710185613949
leaf_count=449435 62326 233839 27659 10450 30634 27 3611 3414 153216 87 525898 19774 11915 8341 773 60907 23680 87 6880 4331 24609 3033 4953 254 407 759 263 8 9024 17167
internal_value=6.42834e-05 -0.0112713 -0.0180651 0.00269077 0.0173584 0.0108078 0.0119918 -0.0609681 -0.0058692 0.000349454 0.0034505 0.0367153 0.0805958 0.121256 -0.0083234 -0.0117289 -0.0349897 -0.0438071 -0.00380861 0.013894 -0.0156817 0.0273451 0.067688 0.14728 -0.0876558 -0.143043 -0.0157396 -0.100634 0.0150514 0.0305164
internal_weight=4858.15 913.898 707.328 3944.25 542.936 477.118 206.57 26.634 415.543 3401.32 2505.47 230.396 74.1397 47.5544 895.85 817.771 207.723 186.827 610.049 244.902 365.146 78.0787 34.6726 10.6131 22.3982 12.6532 9.74498 10.8406 450.484 201.447
internal_count=1697761 480659 414722 1217102 72145 41511 65937 4870 180883 1144957 566015 40117 20343 8428 578942 569929 473202 449522 96727 65238 31489 9013 5980 1027 1456 1166 290 27667 36641 26191
is_linear=0
shrinkage=0.08


Tree=95
num_leaves=31
num_cat=0
split_feature=2 12 10 4 9 5 0 6 2 8 9 5 0 4 0 6 8 8 10 0 6 16 15 6 8 6 8 6 13 7
split_gain=17.2845 29.4876 25.4759 21.3304 24.4866 27.8053 20.8312 21.4606 32.3529 33.4205 20.6534 35.7745 27.5309 18.2257 37.6799 20.3571 34.2183 17.3942 17.2353 17.0482 16.6355 21.7233 15.7319 15.2986 19.5249 15.0828 14.8058 17.5649 13.8917 13.7391
threshold=0.680425524711609 0.55000001192092907 0.37980769574642187 0.83910790085792553 0.54581964015960704 1.0000000180025095e-35 0.74115687608718883 0.21111111342906955 0.74601566791534435 2.5000000000000004 0.20766969025135043 1.0000000180025095e-35 0.94185259938240062 0.62115561962127697 0.62575301527977001 0.30952382087707525 2.5000000000000004 1.5000000000000002 0.17914438992738727 0.54261502623558056 0.73214286565780651 1.0000000180025095e-35 1.0000000180025095e-35 0.46428571641445165 4.5000000000000009 0.30952382087707525 5.5000000000000009 0.63333335518836986 1.5000000000000002 2.5000000000000004
decision_type=2 2 2 2 2 2 2 2 2 2 2 2 2 2 2 2 2 2 2 2 2 2 2 2 2 2 2 2 2 2
left_child=3 6 28 4 5 18 17 8 -8 -10 20 12 -12 14 15 19 -17 25 23 -6 29 -22 -13 -1 -25 -2 27 -15 -3 -9
right_child=1 2 -4 -5 13 -7 7 10 9 -11 11 22 -14 26 -16 16 -18 -19 -20 -21 21 -23 -24 24 -26 -27 -28 -29 -30 -31
leaf_value=-0.066455246274407284 -0.044777472947891188 -0.0046846563751703259 0.06017363684147805 0.025296164295684431 -0.03420351706518409 0.0042445584352838722 -0.048219574564770551 0.010995335102923257 -0.004559245757422321 0.082239749017084321 -0.030064662920466893 0.02111343244259516 0.050360397750188107 -0.036461744723332495 0.066363052815226212 0.076917119189446964 -0.0010753932263416414 0.0072870068651460611 0.011333471891359475 0.0012352222243387386 0.013230841103534483 -0.012903007821653193 -0.013634024490461347 0.0075369208686946135 -0.064174493698412244 0.04828373060271627 0.00097719695783810836 0.039298333976170594 0.11002148042439233 0.080169653422030709
leaf_weight=135.66047364012229 12.245000323775342 92.388285584413097 104.98580254758417 120.67402478563599 134.49064291021932 126.58331713715597 28.707812279601058 510.30296090806951 48.227776287320012 69.018362392162089 523.67119244751666 204.50376792989846 28.735486721867346 212.30948815948796 58.91587635462929 50.879603925466654 123.12786321641761 445.53618201908205 34.745245446152694 245.38959386847273 303.3501726850518 618.82234702032292 140.80713930058118 53.591192406311166 44.456585888852715 124.20379149905784 181.50869426490681 21.576449560991023 7.2903179868008001 19.062359906500205
leaf_count=600395 4165 7805 59155 22916 34459 95603 6144 41341 4333 5342 421479 33404 3222 11127 2734 4192 22687 103942 39753 14590 2391 3870 31752 40211 49567 15865 12646 960 847 468
internal_value=-1.64773e-05 0.00326739 0.0326713 -0.00699694 -0.00973503 -0.0266642 0.00131174 -0.00186713 0.0278985 0.046536 -0.0037164 -0.0132546 -0.0258811 -0.00323079 0.00553847 -0.000931309 0.0217295 0.0149408 -0.0412385 -0.0113113 0.00218257 -0.00430624 0.00694449 -0.0490544 -0.0249783 0.0399324 -0.0161675 -0.0294727 0.00370475 0.0134863
internal_weight=4825.77 3281.86 204.664 1543.91 1423.24 395.037 3077.19 2495.21 145.954 117.246 2349.26 897.718 552.407 1028.2 612.804 553.888 174.007 581.985 268.453 379.88 1451.54 922.173 345.311 233.708 98.0478 136.449 415.395 233.886 99.6786 529.365
internal_count=1697365 745525 67807 951840 928924 825529 677718 553746 15819 9675 537927 489857 424701 103395 78662 75928 26879 123972 729926 49049 48070 6261 65156 690173 89778 20030 24733 12087 8652 41809
is_linear=0
shrinkage=0.08


Tree=96
num_leaves=31
num_cat=0
split_feature=9 0 3 2 12 1 2 6 3 0 1 2 10 7 1 1 0 2 1 2 3 2 12 10 11 0 0 3 6 11
split_gain=17.1818 17.3441 20.7683 19.7652 24.817 21.6932 22.9217 20.4885 46.8316 28.9031 18.5767 16.7282 15.2508 14.6855 11.7781 13.9568 13.9016 11.2693 10.6067 24.3705 9.79705 9.61216 9.34092 8.39863 6.13253 5.97508 5.46279 5.12161 7.90019 12.7004
threshold=0.98367321491241466 0.39780220389366155 0.42933948338031774 0.53589835762977611 0.55000001192092907 0.60943254828453075 0.78007438778877269 0.30952382087707525 0.52976614236831676 0.60397014021873485 0.90645834803581249 0.6442561447620393 0.44949495792388922 4.5000000000000009 0.59317129850387584 0.94570022821426403 0.51191151142120372 0.99425286054611217 0.56966492533683788 0.30877573788166052 0.52479505538940441 0.30877573788166052 0.81666666269302379 0.39230769872665411 7.5000000000000009 0.51899951696395885 0.59207093715667736 0.50820556282997142 0.30952382087707525 8.5000000000000018
decision_type=2 2 2 2 2 2 2 2 2 2 2 2 2 2 2 2 2 2 2 2 2 2 2 2 2 2 2 2 2 2
left_child=1 -1 14 7 13 25 -7 8 9 -4 -10 22 21 17 16 24 -3 -5 19 -18 -14 -9 -2 -24 -16 -6 -26 28 -25 -30
right_child=11 2 3 4 5 6 -8 12 10 -11 -12 -13 20 -15 15 -17 18 -19 -20 -21 -22 -23 23 27 26 -27 -28 -29 29 -31
leaf_value=-0.053010643678985087 0.052035880792223543 -0.093983031181850696 -0.028749423488836114 -0.0032051118764262056 -0.0050963392345489559 0.0017022755528375761 0.047405187968091893 0.20007227281352571 -0.079657415401920492 0.039273856179778306 0.13642496491091152 0.071282818123116709 -0.03052043593635994 0.10825901912876525 0.087653616828525294 -0.098782942689909101 1.280994170909753 0.01142838635795272 -0.013779027466354623 0.11315888922613726 0.070118729975247568 -0.010132870994583992 -0.13191014998049477 0.064229658837176476 -0.17643803891895055 0.091112771463260425 0.083986633521405119 -0.031966070116103154 0.081199049210243374 -0.79653137225830539
leaf_weight=40.793516663943592 15.223249753878916 7.3009918270872758 119.24972980384337 3391.001751924262 4.7565278225592911 271.1996366275489 94.777216141897952 1.4066254445569928 98.334533994766389 60.137174929812318 2.6139958561034282 41.802010638988577 7.7982666614989276 7.7820550033939062 38.443472854927677 2.9860610538235042 0.11747048397228166 373.94772510166513 7.0550652099918807 4.3213908783654915 30.031487642874708 136.140288647548 4.0604075351730016 7.5436000085901496 1.0941255933139467 31.432095493692032 0.97476892452687014 17.836177448334638 0.25146269390825171 0.18176978279370815
leaf_count=79796 778 15465 104666 1091435 1544 44498 43854 1694 97464 9152 1713 17563 354 302 12543 248 142 22126 2355 2711 1367 140121 30 398 37 3469 77 2232 53 8
internal_value=-0.000424854 -0.00107197 -0.000620485 -0.00123775 0.000489059 0.0193806 0.013538 -0.0170575 -0.0304742 -0.00594549 -0.0740621 0.0348258 0.00438883 -0.00152474 0.0452642 0.0681303 -0.00765624 -0.00175166 0.0471789 0.144065 0.0493729 -0.00798321 0.00103222 -0.0249588 0.080433 0.0784673 -0.0537378 -0.00813529 0.0451503 -0.287067
internal_weight=4820.59 4733.7 4692.9 4630.61 4174.9 402.165 365.977 455.712 280.335 179.387 100.949 86.8987 175.377 3772.73 62.2933 43.4984 18.7949 3764.95 11.4939 4.43886 37.8298 137.547 45.0967 29.8734 40.5124 36.1886 2.06889 25.813 7.97683 0.433232
internal_count=1698195 1677133 1597337 1563759 1207228 93365 88352 356531 212995 113818 99177 21062 143536 1113863 33578 12905 20673 1113561 5208 2853 1721 141815 3499 2721 12657 5013 114 2691 459 61
is_linear=0
shrinkage=0.08


Tree=97
num_leaves=31
num_cat=0
split_feature=8 8 6 6 10 3 2 3 10 9 9 15 4 12 9 6 0 16 6 9 4 4 6 6 4 3 3 1 0 0
split_gain=20.7207 15.5483 19.4535 33.3268 28.8081 17.5379 21.3731 14.593 13.5399 62.5306 36.2302 24.2759 15.8916 14.5023 13.8551 13.9425 39.6392 39.3503 13.366 13.2493 33.2434 23.5797 23.7742 15.7176 14.872 14.839 13.1423 12.9867 16.1447 12.5857
threshold=17.500000000000004 1.0000000180025095e-35 0.30952382087707525 0.77500000596046459 0.25657895207405096 0.9529346525669099 0.82807883620262157 0.93895298242568981 0.08893280848860742 0.22545801103115085 0.45049995183944708 1.0000000180025095e-35 0.85867896676063549 0.30952382087707525 0.98367321491241466 0.21111111342906955 0.68108487129211437 1.0000000180025095e-35 0.91666665673255932 0.65682536363601696 0.60120484232902538 0.59611794352531444 0.91666665673255932 0.46428571641445165 0.89512962102890026 0.58898946642875682 0.4246212244033814 0.48331478238105779 0.46247655153274542 0.55848154425621044
decision_type=2 2 2 2 2 2 2 2 2 2 2 2 2 2 2 2 2 2 2 2 2 2 2 2 2 2 2 2 2 2
left_child=1 2 26 7 -5 6 -6 -4 9 -3 18 19 13 -12 15 16 -13 -17 -11 21 25 23 -23 -10 -22 -21 27 28 -1 -16
right_child=-2 8 3 4 5 -7 -8 -9 11 10 12 14 -14 -15 29 17 -18 -19 -20 20 24 22 -24 -25 -26 -27 -28 -29 -30 -31
leaf_value=-0.080229096164469618 -0.035373882059721376 -4.3494234074243218e-05 0.031811974161591879 -0.0053976290125397506 0.056273996369564289 0.076990395351997712 -0.17276330458341185 0.084928268671710688 -0.039739579269799256 -0.077270433465565294 -0.056340503827339627 -0.016768376670705101 0.03302386829636432 0.018412420798353615 -0.043705699144778239 -0.03687488125057415 0.035165678840188848 0.0065946929295247984 -0.025962392118200506 0.011536829237908823 -0.0097959568119527132 0.04871492763332344 0.0014126674595449262 0.041505035007081477 0.030487549545889343 0.056657910363791739 -0.035523175526141183 0.17851945402275821 -2.0135872933278187 0.047233445622465835
leaf_weight=0.099392398333747578 104.40253382756782 1599.0391825966144 166.57021011144388 355.56956824645749 6.4733003816800174 46.591153513174504 4.366462444071658 41.313536294866935 54.066356064171487 126.69120109565301 45.136139129244839 248.09375292602817 42.341710157794296 26.280762095411774 11.994786780909633 288.87406147866932 151.49457146442001 247.43751735863407 43.704133073217236 93.117196789884417 484.88244893756928 206.14347754020127 101.47684492057306 21.22141555698181 66.72490915999515 93.472533209992946 66.789396395986842 2.7089204976000474 0.038293209508992732 51.810894981434103
leaf_count=303 109936 149291 62070 17361 1442 21711 833 3133 134282 665203 64194 74319 5317 10270 361 96862 10618 39843 50866 3967 24606 78722 2233 8324 17275 3712 26801 954 3 12116
internal_value=-0.000123785 0.00066015 0.0117467 0.0162436 0.00309383 0.0556666 -0.0359866 0.042368 -0.0012518 -0.0061887 -0.04077 0.00313196 -0.00580891 -0.0288321 -0.00593192 -0.00839101 0.00292121 -0.0168194 -0.0641106 0.0112144 0.00495075 0.0232898 0.033111 -0.0168391 -0.00492308 0.0341403 -0.0283482 0.139996 -0.617936 0.0301379
internal_weight=4798.93 4694.52 690.52 620.884 413 57.4309 10.8398 207.884 4004 1883.19 284.154 2120.81 113.759 71.4169 999.706 935.9 399.588 536.312 170.395 1121.11 738.197 382.908 307.62 75.2878 551.607 186.59 69.636 2.84661 0.137686 63.8057
internal_count=1696928 1586992 134611 106550 41347 23986 2275 65203 1452381 945141 795850 507240 79781 74464 234119 221642 84937 136705 716069 273121 49560 223561 80955 142606 41881 7679 28061 1260 306 12477
is_linear=0
shrinkage=0.08


Tree=98
num_leaves=31
num_cat=0
split_feature=5 12 1 1 3 3 6 1 4 6 3 1 4 1 3 3 7 3 0 0 9 0 6 10 10 3 1 4 1 6
split_gain=17.2179 31.2862 16.6243 16.2434 15.4742 30.6952 53.0307 25.2879 24.015 19.2402 18.4039 38.9123 33.9498 18.064 55.1131 37.9969 15.8217 15.3609 25.5155 15.2367 17.6345 14.652 14.33 13.4901 15.8937 12.3116 15.0745 12.0133 9.32877 28.9342
threshold=1.0000000180025095e-35 0.55000001192092907 0.90595519542694103 0.98700422048568737 0.95101958513259899 0.97530490159988414 0.81666666269302379 0.86526826024055492 0.88548010587692272 0.77500000596046459 0.92907443642616283 0.94804319739341747 0.88185444474220287 0.90070420503616344 0.82426470518112194 0.79388421773910534 1.5000000000000002 0.99425286054611217 0.77459675073623668 0.92907443642616283 0.68535399436950695 0.73546314239501964 0.46428571641445165 0.15192308276891711 0.13961039483547213 0.54201978445053112 0.56966492533683788 0.93908473849296581 0.90521115064620983 0.63333335518836986
decision_type=2 2 2 2 2 2 2 2 2 2 2 2 2 2 2 2 2 2 2 2 2 2 2 2 2 2 2 2 2 2
left_child=3 2 25 4 10 8 17 21 23 -10 12 16 13 15 -15 -1 22 -7 -19 20 -13 -8 -12 24 -6 26 -2 -9 29 -14
right_child=1 -3 -4 -5 5 6 7 27 9 -11 11 19 28 14 -16 -17 -18 18 -20 -21 -22 -23 -24 -25 -26 -27 -28 -29 -30 -31
leaf_value=-0.012105143342500888 -0.086768085728461022 0.062335003289718929 0.0027844400265842062 1.3317685032571578 0.16753842728198179 0.011148633553569194 0.036354723865821316 0.076173056000175779 0.04586801551857321 -0.080737819479774806 0.0070305267021029882 -0.078369722350587312 0.065715914071862155 0.065026704828888143 -0.041281980534146154 0.0099291134746026764 0.035099409947715023 -0.016161179414590093 -0.12969189453383406 -0.034611403451173278 -0.21972594552269806 -0.032608443659318136 -0.066899423863790136 0.069362749924346837 0.64076167286172181 0.021834735064962963 0.13695812957590009 -0.39305328362389147 0.011821555518140205 -0.037322923637221575
leaf_weight=1380.8584063979504 2.2307030115480329 61.828148946951842 1493.1771301525732 0.058294643531552448 10.15132233947952 14.646621187654089 36.583046180254314 47.672672384840553 52.183550425688736 9.0082793710462266 41.586842427263036 40.752952900402306 78.766887498801225 36.275808796228375 223.50606359159428 785.97229764565441 53.299427420221036 21.972849022873561 29.922758704677108 49.955687529538409 6.5570192908053277 42.766972838435322 28.129711762623629 14.107029629929455 0.47550368809606958 33.183948295816663 14.179521418060174 0.35177963954629277 158.91472125247674 22.402420807964518
leaf_count=893109 754 46006 183179 10 591 1154 3088 3929 3669 520 6460 17788 7065 14998 107195 338060 5945 4842 10003 3419 167 3092 8922 1084 10 5263 1727 97 22870 1964
internal_value=-0.000224237 0.00653417 0.0042979 -0.00362711 -0.00365154 0.0143156 -0.00332127 0.0269168 0.0541185 0.0272299 -0.00538116 -0.0276114 -0.00355851 -0.00650263 -0.0264371 -0.00411268 0.00228665 -0.0612026 -0.0816224 -0.0654247 -0.0979613 -0.000814088 -0.0227992 0.120641 0.188713 0.0498649 0.106546 0.072736 0.0239105 0.0428995
internal_weight=4791.48 1604.6 1542.77 3186.88 3186.82 279.842 193.917 127.374 85.9257 61.1918 2906.98 220.282 2686.7 2426.61 259.782 2166.83 123.016 66.5422 51.8956 97.2657 47.31 79.35 69.7166 24.7339 10.6268 49.5942 16.4102 48.0245 260.084 101.169
internal_count=1696980 236929 190923 1460051 1460041 32079 26205 10206 5874 4189 1427962 42701 1385261 1353362 122193 1231169 21327 15999 14845 21374 17955 6180 15382 1685 601 7744 2481 4026 31899 9029
is_linear=0
shrinkage=0.08


Tree=99
num_leaves=31
num_cat=0
split_feature=15 9 9 16 5 10 9 9 16 11 1 9 3 11 9 13 1 2 2 2 7 3 9 8 8 11 8 3 2 1
split_gain=17.6752 19.4777 27.3705 18.8692 30.3489 23.3362 18.8361 60.4374 16.9133 20.7095 44.1405 17.042 22.1409 16.5187 35.1185 26.9385 19.1472 17.918 16.0648 15.7807 19.1713 21.3329 15.5589 14.4127 13.555 13.036 14.8899 12.9962 12.4789 21.2851
threshold=1.0000000180025095e-35 0.4350078701972962 0.22545801103115085 1.0000000180025095e-35 1.0000000180025095e-35 0.057189542800188072 1.0000000180025095e-35 0.44280262291431433 1.0000000180025095e-35 2.5000000000000004 0.81530213356018078 0.47248421609401708 0.54446640610694896 3.5000000000000004 0.76239567995071422 1.0000000180025095e-35 0.61167800426483165 0.90366768836975109 0.62988328933715831 0.9529346525669099 1.0000000180025095e-35 0.61348485946655285 0.5275399684906007 17.500000000000004 13.500000000000002 1.5000000000000002 19.500000000000004 0.42933948338031774 0.5025252401828767 0.8143841326236726
decision_type=2 2 2 2 2 2 2 2 2 2 2 2 2 2 2 2 2 2 2 2 2 2 2 2 2 2 2 2 2 2
left_child=1 2 27 4 25 -6 24 -8 9 10 18 12 -11 15 -15 23 -16 -18 -9 20 -10 -22 28 -3 -2 -4 -27 -1 29 -17
right_child=6 13 3 -5 5 -7 7 8 19 11 -12 -13 -14 14 16 22 17 -19 -20 -21 21 -23 -24 -25 -26 26 -28 -29 -30 -31
leaf_value=0.27896297040163459 0.0048121743625739542 0.0087778165747592583 -0.04699788174820585 -0.074319043730162335 -0.0075094570559151473 0.14181849734374485 -0.07265708438554444 -0.033199588201637459 0.056640026124335482 1.3234450380722618 -0.082108598175498565 -0.0060081103051958318 0.16968457424911576 -0.058123014855691831 0.069898603311342497 -0.098909345987440139 -0.0067860049958000839 0.07055066789125404 0.017851670913093018 0.054174997753255343 -0.072838545202031604 0.0012399241989723342 0.027866548411529087 -0.056507159105542819 -0.037455329606041692 0.067099460883479817 1.4026486682604691 0.0011549219530779949 0.098714714398302664 0.27396648244275379
leaf_weight=1.0788794032703197 928.10913118088502 674.58795841915344 80.746780159842274 50.767269664735068 15.256052566888686 11.939388145598057 97.603215430997807 83.576424561775639 35.641554543588427 0.11399502892891078 79.68384124149452 535.71138974337373 1.608175364861381 64.215371935904784 28.447772581712343 4.928445509831362 208.63072732789107 21.113721062254626 74.717875563786947 40.037413065612782 27.305775703724066 280.03009685976576 286.71878095596912 22.359483465741505 51.23947882570792 5.4566586127693872 0.053954080110997782 1001.1770117164051 35.214530896446377 1.2228868009478899
leaf_count=273 67498 166416 373801 181764 15129 1582 424036 76328 5005 220 20495 45628 457 3363 600 10118 17227 11649 24643 10972 29094 44760 29472 20464 3308 6009 241 92669 13515 138
internal_value=-0.000540218 0.0040619 -0.00350644 -0.0337804 -0.0156404 0.0580488 -0.00571578 -0.0122003 -0.00710653 -0.0139003 -0.0335476 -0.00520039 0.246055 0.0106138 -0.00518013 0.0155815 0.00798737 0.000321305 -0.00910244 0.00664744 0.00109932 -0.0053417 0.0344838 0.00668334 0.00260074 -0.0388733 0.0801757 0.00145397 0.0803501 -0.0247815
internal_weight=4749.29 2513.92 1166.48 164.22 113.453 27.1954 2235.38 1256.03 1158.43 775.412 237.978 537.434 1.72217 1347.44 322.408 1025.03 258.192 229.744 158.294 383.015 342.977 307.336 328.085 696.947 979.349 86.2574 5.51061 1002.26 41.3659 6.15133
internal_count=1696874 944430 671468 578526 396762 16711 752444 681638 257602 167771 121466 46305 677 272962 32839 240123 29476 28876 100971 89831 78859 73854 53243 186880 70806 380051 6250 92942 23771 10256
is_linear=0
shrinkage=0.08


Tree=100
num_leaves=31
num_cat=0
split_feature=13 5 9 11 8 1 6 6 0 1 0 1 0 1 9 9 9 12 1 12 7 9 13 9 0 6 9 11 16 8
split_gain=13.6062 24.6094 27.0205 18.9241 18.7191 33.5393 48.7005 26.7223 26.1687 20.7009 19.8949 23.16 19.6775 17.698 15.2767 15.2549 11.3603 13.5958 13.7 10.8683 13.5064 16.6682 14.0916 11.0057 10.3204 22.0264 15.6406 15.3492 10.0708 10.0124
threshold=1.0000000180025095e-35 1.0000000180025095e-35 0.25233972072601324 5.5000000000000009 4.5000000000000009 0.88493064045906078 0.21111111342906955 0.30952382087707525 0.57659712433815014 0.80673459172248851 0.76384064555168163 0.77232852578163158 0.59417229890823375 0.70064935088157665 0.46683587133884435 0.36236748099327093 0.47699365019798284 0.36666667461395269 0.99367088079452526 0.77500000596046459 1.5000000000000002 0.957820624113083 1.5000000000000002 0.98367321491241466 0.71346470713615429 0.46428571641445165 0.83594325184822094 5.5000000000000009 1.0000000180025095e-35 17.500000000000004
decision_type=2 2 2 2 2 2 2 2 2 2 2 2 2 2 2 2 2 2 2 2 2 2 2 2 2 2 2 2 2 2
left_child=4 3 -3 15 7 6 8 10 -6 -10 -1 -12 13 -9 28 -2 -16 18 -18 20 -5 22 -22 -23 25 -8 -27 -26 -4 -7
right_child=1 2 14 19 5 29 24 12 9 -11 11 -13 -14 -15 16 -17 17 -19 -20 -21 21 23 -24 -25 27 26 -28 -29 -30 -31
leaf_value=-0.059788831814587946 -0.054783467877782377 -2.1460014247893024 0.01874700417198821 -0.034422178342076094 -0.043122682541857443 0.00087894962660999899 -0.053401196072067968 0.026895771322094978 0.095945422019097379 -0.014566470342548217 0.10310321057110661 -0.018599797494543751 0.002497172318012799 0.13116996199873981 0.26204632222557928 0.010363209724308651 0.086564218883224436 0.070804405615771018 -0.095772255538550746 -0.0043406496064942257 -0.024507443855928016 -0.45744316491329878 -0.43848066983223505 0.080648655997735838 -0.046272045384648859 -0.021111489658153845 0.042496676119355578 -0.14432629035562802 -0.11170521229954596 -0.036123186021658253
leaf_weight=74.199988930413838 23.691629210111387 0.035989664960651591 12.931057169873386 60.086807181563927 20.627593669953058 856.04125390369882 106.84384323638005 70.924330102148815 36.751462327374611 15.391112051234812 11.177921600406988 95.556554871291155 2019.0460708404207 12.210642070604079 1.7702573364949774 792.64600520773138 4.3152669529081304 66.275841283553746 6.7822215033520479 98.208160476351622 4.0864248930010936 1.4535664602881295 0.60404419404221688 0.29216574609745283 169.65551242155198 92.024401172093349 33.837501836707816 10.871950139640829 5.3561979228252303 49.508938020589994
leaf_count=83418 83519 3 490 1716 46779 168346 220149 34103 12513 4858 3764 32897 477756 2447 39 203262 470 51122 660 10005 322 87 138 113 162286 45151 355 136 152 50603
internal_value=-0.000610235 0.0072903 0.0456297 0.00348138 -0.00292909 -0.0102428 -0.0271961 0.00152859 0.0331513 0.0633252 -0.0279725 -0.00585427 0.00406775 0.0422113 0.0464392 0.00847253 0.0616665 0.057082 -0.0248706 -0.0212527 -0.0462199 -0.156361 -0.0778194 -0.367388 -0.0378232 -0.0266877 -0.00401067 -0.0521772 -0.0194615 -0.00114406
internal_weight=4753.2 1078.54 97.4668 981.069 3674.67 1391.55 486.003 2283.12 72.7702 52.1426 180.934 106.734 2102.18 83.135 97.4308 816.338 79.1436 77.3733 11.0975 164.731 66.523 6.4362 4.69047 1.74573 413.233 232.706 125.862 180.527 18.2873 905.55
internal_count=1697659 352098 52936 299162 1345561 711176 492227 634385 64150 17371 120079 36661 514306 36550 52933 286781 52291 52252 1130 12381 2376 660 460 200 428077 265655 45506 162422 642 218949
is_linear=0
shrinkage=0.08


Tree=101
num_leaves=31
num_cat=0
split_feature=9 0 15 9 9 6 11 9 9 17 1 6 8 0 8 3 2 0 12 3 17 6 10 8 8 6 8 2 6 0
split_gain=14.7668 14.6486 13.8186 20.4939 20.2449 21.1166 17.4936 17.2436 54.2149 16.0588 14.4549 13.2359 39.1777 36.1539 32.9451 19.8702 62.6285 37.7265 19.1222 18.2851 11.4448 30.5797 45.1645 30.8427 14.2024 13.1111 11.0938 14.5895 10.6951 10.5986
threshold=0.98367321491241466 0.60922586917877208 1.0000000180025095e-35 0.41138803958892828 0.22545801103115085 0.91666665673255932 1.5000000000000002 1.0000000180025095e-35 0.44280262291431433 1.0000000180025095e-35 0.85145786404609691 0.30952382087707525 2.5000000000000004 0.73942822217941295 2.5000000000000004 0.63686314225196849 0.63686314225196849 0.60640108585357677 0.36666667461395269 0.6820855736732484 1.0000000180025095e-35 0.21111111342906955 0.43303571641445165 1.5000000000000002 2.5000000000000004 0.73214286565780651 8.5000000000000018 0.2930081188678742 0.81666666269302379 0.6482679843902589
decision_type=2 2 2 2 2 2 2 2 2 2 2 2 2 2 2 2 2 2 2 2 2 2 2 2 2 2 2 2 2 2
left_child=2 -2 3 4 29 6 -6 -4 -9 -7 -11 14 13 19 -5 17 -17 -16 -15 -13 24 23 -23 -22 25 -10 27 -14 -26 -1
right_child=1 -3 7 11 5 9 -8 8 20 10 -12 12 26 18 15 16 -18 -19 -20 -21 21 22 -24 -25 28 -27 -28 -29 -30 -31
leaf_value=0.045121556049293458 -0.008294224011219967 0.061520037997339759 0.0022813757643288597 -0.034087613192817175 -0.065120941775154068 -0.057620733660856946 0.10104157274204476 -0.071498421992416739 0.045345199242174589 -0.085243435884788749 0.069877488267182972 0.015669803370581152 0.37461754432860916 0.0056984304407067818 0.0003331183999400749 -0.085521373630683406 0.02160763673602592 0.074650255165753382 0.060215265719073992 0.087250375206349831 -0.050459952703216501 -0.056959177669533456 0.0016937476417960581 0.012270093044413634 -0.020745493055244174 -0.0043061651853179821 -0.016988871474658881 0.0082263531400759531 0.017131079615280504 -0.0023705673996430965
leaf_weight=31.041298145973769 31.927508311637212 48.383555990090827 982.21235862848698 136.64837104043909 83.157512195994968 14.484382866066879 4.2628817196091395 90.706310333682268 81.140877441845078 4.5611860412609557 24.472559052097495 29.948034217057227 0.69692263845354219 190.54924563669192 106.77474746739244 47.549361190898708 131.54571820238925 74.024747378120082 52.528380818956066 96.223080488591222 59.327648347389186 185.46164190149648 153.61990403331583 324.72168097249414 144.31294708353744 58.633528892794857 150.28860882403387 353.92550550226252 71.276464049238712 964.62066053608578
leaf_count=2674 1896 19131 70884 30546 468986 21494 3956 423951 16786 2665 7198 9845 192 25113 66805 23334 17773 7403 20751 9859 6054 103996 13489 34283 48012 10108 57583 74993 7790 90376
internal_value=-0.000245963 0.0337655 -0.000833544 0.00321484 -0.00477895 -0.0343512 -0.0570184 -0.00553281 -0.0120973 0.0111831 0.0455081 0.00978506 0.0157099 0.0355143 -0.000645617 0.012052 -0.00683489 0.0307608 0.0174794 0.07026 -0.00710137 -0.0128785 -0.0303866 0.0025796 0.00465456 0.0245171 0.00122668 0.0089464 -0.00822304 -0.000889927
internal_weight=4729.03 80.3111 4648.72 2497.3 1126.6 130.939 87.4204 2151.41 1169.2 43.5181 29.0337 1370.7 874.16 369.249 496.543 359.895 179.095 180.799 243.078 126.171 1078.49 723.131 339.082 384.049 355.364 139.774 504.911 354.622 215.589 995.662
internal_count=1697926 21027 1676899 941546 597349 504299 472942 735353 664469 31357 9863 344197 198336 65568 145861 115315 41107 74208 45864 19704 240518 157822 117485 40337 82696 26894 132768 75185 55802 93050
is_linear=0
shrinkage=0.08


Tree=102
num_leaves=31
num_cat=0
split_feature=1 3 1 5 8 10 0 15 9 9 9 9 17 6 6 13 12 11 11 9 13 0 6 1 8 3 11 3 4 8
split_gain=15.4451 12.5907 36.5422 12.7681 12.167 11.2012 14.3175 10.8001 17.7839 14.2015 49.884 13.9845 11.2362 21.5953 15.2525 11.0222 15.2175 10.6662 10.3984 19.716 17.0495 10.2411 9.24846 7.672 11.342 7.09422 7.25025 6.87742 65.3598 6.8507
threshold=0.51316702365875255 0.42933948338031774 0.94570022821426403 1.0000000180025095e-35 17.500000000000004 0.36931818723678594 0.78611555695533764 1.0000000180025095e-35 0.91184088587760936 1.0000000180025095e-35 0.4361302256584168 0.97603827714920055 1.0000000180025095e-35 0.46428571641445165 0.73214286565780651 1.5000000000000002 0.70833334326744091 13.500000000000002 3.5000000000000004 0.8011976182460786 1.0000000180025095e-35 0.5388936996459962 0.91666665673255932 0.65599384903907787 4.5000000000000009 0.6820855736732484 8.5000000000000018 0.51530769467353832 0.680425524711609 20.500000000000004
decision_type=2 2 2 2 2 2 2 2 2 2 2 2 2 2 2 2 2 2 2 2 2 2 2 2 2 2 2 2 2 2
left_child=25 2 3 21 7 6 27 8 18 12 -11 -12 14 -14 -9 17 -17 -10 20 -20 -3 23 -23 24 -2 26 -1 28 -6 -7
right_child=1 4 -4 -5 5 29 -8 9 15 10 11 -13 13 -15 -16 16 -18 -19 19 -21 -22 22 -24 -25 -26 -27 -28 -29 -30 -31
leaf_value=-0.070710180248922005 0.056087571914360118 0.0010051984981142221 -0.12382583963974313 0.11836004007466215 0.0092712884878595279 0.050592202077799055 0.55563394047919479 0.014921121301027828 0.043872772854515664 -0.072607475520584594 -0.0078154890235578416 0.027882499510287539 -0.019948358944323025 0.025280484492171032 -0.012061373331245746 -0.2225161729928741 0.0029330662458566161 -0.2905511407125666 -0.044341143779955766 0.0056683756031117626 0.020763095478543155 0.063620804841117901 -0.67415200675714348 0.085507600396669603 -0.10177439841742732 0.11973989908820726 -0.78032838251396353 -0.060175563373824723 2.7018089241156833 -0.032255189606550647
leaf_weight=23.060543193230849 4.4960595364755163 1726.4416554490999 8.3200274880691705 15.224269330177775 3.8997715039913596 14.222857241664316 0.24872747930203232 198.67592490511015 110.44491638924228 75.444235124174156 1010.1922153106061 75.480187975772424 89.004674919880927 280.45280492876191 412.36865335027687 2.259167434414846 12.61959351535188 0.61376369697973032 84.543040632706777 125.12811085363506 333.51649247814294 31.193466239921694 0.10912413414916855 3.6378271806497642 8.2717981178466271 1.2826311878088734 0.092517133802174523 53.459583196174208 0.058565391896990948 11.595965272746978
leaf_count=52112 5050 662092 2267 2510 7658 1264 27 24896 20060 369296 216935 18578 32755 9746 2800 367 4196 29 3885 9691 137111 7613 17 1734 14143 611 2 88698 19 1384
internal_value=3.71359e-05 0.000367519 0.0337402 0.0545713 -0.0001471 -0.0304105 -0.050018 0.000409755 0.0041002 -0.00371829 -0.00970478 -0.00533363 0.00337095 0.0143846 -0.00328825 0.0333619 -0.0312988 0.0420246 0.00247652 -0.0144963 0.00420409 0.0342155 0.0610489 -0.0169833 -0.0461851 -0.0634002 -0.0735457 -0.0526416 0.0491086 0.0133831
internal_weight=4716.36 4691.92 71.2526 62.9325 4620.67 83.4855 57.6666 4537.19 2395.57 2141.62 1161.12 1085.67 980.502 369.457 611.045 125.937 14.8788 111.059 2269.63 209.671 2059.96 47.7083 31.3026 16.4057 12.7679 24.4357 23.1531 57.4179 3.95834 25.8188
internal_count=1697546 1644821 33334 31067 1611487 99050 96402 1512437 837431 675006 604809 235513 70197 42501 27696 24652 4563 20089 812779 13576 799203 28557 7630 20927 19193 52725 52114 96375 7677 2648
is_linear=0
shrinkage=0.08


Tree=103
num_leaves=31
num_cat=0
split_feature=2 3 2 3 4 9 12 0 11 1 16 3 6 0 1 8 0 4 4 6 3 10 2 8 9 1 9 0 4 3
split_gain=14.8938 32.7292 22.2579 53.8951 25.7218 23.0428 19.7323 17.2369 17.1331 25.7189 19.9878 35.5353 61.3492 39.0289 37.3449 31.8849 29.3378 24.2561 17.6932 17.2478 34.6324 20.9976 36.075 16.7186 16.6931 18.4362 22.0198 18.866 15.5203 17.1521
threshold=0.60397014021873485 0.64549729228019725 0.64630925655365001 0.75716626644134533 0.65261757373809826 0.97603827714920055 0.70833334326744091 0.60640108585357677 1.5000000000000002 0.78456193208694469 1.0000000180025095e-35 0.60495716333389293 0.13392857462167743 0.5388936996459962 0.58397436141967785 8.5000000000000018 0.6351073980331422 0.54669988155365001 0.55403152108192455 1.0000000180025095e-35 0.6351073980331422 0.71008405089378368 0.5388936996459962 13.500000000000002 0.86217218637466442 0.78830561041831981 0.59424430131912243 0.82574188709259044 0.75440767407417308 0.8078865408897401
decision_type=2 2 2 2 2 2 2 2 2 2 2 2 2 2 2 2 2 2 2 2 2 2 2 2 2 2 2 2 2 2
left_child=8 7 3 5 23 -3 28 -2 9 -1 11 13 -13 -10 18 17 -16 -14 -15 -12 21 -21 -23 -5 25 26 -8 -27 29 -4
right_child=1 2 6 4 -6 -7 24 -9 10 -11 19 12 15 14 16 -17 -18 -19 -20 20 -22 22 -24 -25 -26 27 -28 -29 -30 -31
leaf_value=-0.045581408357953546 -0.030070884234039478 -0.077678758278862003 -0.0038249921726899623 0.095134543401839813 -0.024409053006623382 -0.43918118989493937 0.097316441486096278 0.060436588879323856 -0.0414744310176451 -0.00033690039976577891 0.081507127725773162 -0.097482320964230582 0.15157610894193177 0.12333846081577092 -0.010235993471662454 -0.057025453288092977 0.048789304620410631 0.016637908626651376 -0.0091470188806290955 -0.03188738766422837 0.05868726906925744 -0.0648304919025008 -0.60807683377857236 -0.0052525696522200812 0.056865588868751774 -0.054295433273534435 0.0036289562393139858 0.029574863458602253 -0.0016848726281906688 0.020599642770560631
leaf_weight=164.12882498326553 15.855474230258549 63.750810145662399 297.99930038367887 26.571902940202563 63.570845870399353 1.1488109614583653 26.145939716225257 89.397603019904636 83.97763406543163 157.63566909884776 31.341201994015137 65.864541212562472 10.965619686794524 29.666015044720552 163.80746552297205 30.869747260629083 80.317396028054645 38.317206654181064 8.2441516828330332 24.057131308662068 38.290026629474596 2.4352339491015296 1.152621977671515 17.683493852826359 75.151998728368198 40.447284514833882 41.604160283692181 29.820041695260443 2483.9736172677658 481.05420207292497
leaf_count=463728 11945 45145 123294 7376 37809 51 4826 27230 28179 145896 2287 8502 1917 1882 17273 11685 4695 5352 800 3327 2771 228 137 7059 50370 5279 1440 10934 578104 88001
internal_value=0.000575156 0.00282142 0.00155279 -0.0264772 0.00819205 -0.0840778 0.00294555 0.0468024 -0.00848202 -0.0234157 -0.000595812 -0.00691136 -0.0402785 0.00640012 0.0206551 0.0067282 0.00918341 0.0466622 0.0945274 0.0326471 0.00942228 -0.0588128 -0.239352 0.055022 0.0265272 0.0100077 0.0397846 -0.0187026 0.00140499 0.0112569
internal_weight=4685.25 3754.18 3648.92 172.726 107.826 64.8996 3476.2 105.253 931.07 321.764 609.306 512.03 146.017 366.013 282.035 80.1526 244.125 49.2828 37.9102 97.2762 65.935 27.645 3.58786 44.2554 213.169 138.017 67.7501 70.2673 3263.03 779.054
internal_count=1697522 998863 959688 97440 52244 45196 862248 39175 698659 609624 89035 80285 27456 52829 24650 18954 21968 7269 2682 8750 6463 3692 365 14435 72849 22479 6266 16213 789399 211295
is_linear=0
shrinkage=0.08


Tree=104
num_leaves=31
num_cat=0
split_feature=5 12 1 9 0 11 2 1 3 2 2 3 4 0 0 0 0 3 6 17 1 1 6 1 1 9 1 1 4 17
split_gain=14.2721 20.2655 15.1229 14.8717 15.0194 14.1919 14.1055 13.1281 12.1316 43.5574 42.2214 24.9641 22.4425 25.9296 26.7583 21.3911 46.7553 27.9162 20.1398 41.7135 24.7253 19.6695 19.5437 17.4082 15.5936 15.4023 14.6177 11.0529 21.4232 10.9717
threshold=1.0000000180025095e-35 0.55000001192092907 0.91331186890602123 0.46851994097232824 0.9833287000656129 1.0000000180025095e-35 0.94791102409362804 0.98147514462471019 0.91266208887100231 0.84074437618255626 0.77376341819763195 0.93643954396247875 0.88493064045906078 0.83910790085792553 0.90595519542694103 0.83438816666603099 0.91010102629661571 0.92403846979141246 0.73214286565780651 1.0000000180025095e-35 0.88047617673873912 0.93419912457466137 0.77500000596046459 0.86706829071044933 0.87026646733284008 0.68535399436950695 0.93419912457466137 0.85313725471496593 0.89022758603096019 1.0000000180025095e-35
decision_type=2 2 2 2 2 2 2 2 2 2 2 2 2 2 2 2 2 2 2 2 2 2 2 2 2 2 2 2 2 2
left_child=6 2 5 4 29 -2 8 -8 9 12 11 -10 13 21 -15 22 25 -18 20 -20 -11 -1 -12 -24 -21 -17 -22 28 -14 -3
right_child=1 3 -4 -5 -6 -7 7 -9 10 18 15 -13 27 14 -16 16 17 -19 19 24 26 -23 23 -25 -26 -27 -28 -29 -30 -31
leaf_value=-0.0070421981162173035 0.0085506799955372362 -0.21009711947393844 0.0024774053224030828 0.07185519316068073 -0.31803389127722143 0.082182315692644309 0.024356180749767493 -0.1665247944809157 -0.012705601430219123 0.062359618495375954 -0.024115418475150793 0.082498773375925746 0.41385890519560298 -0.05990160743779771 2.0969064480957802 -0.056571624338470787 0.043422158172867646 -0.027638619788367291 -0.085223335444875231 -0.028287849794807182 -0.0069203230285077924 0.061793740873518202 -0.0014493383508189647 0.086465499862310141 0.072862789190781083 -0.11968981675540448 0.065644932228363831 0.026342113349293667 0.069631521494185694 0.052324676861404587
leaf_weight=1992.7851285710667 37.892509434310341 1.2851756806485344 1442.7517745142504 45.275630549149355 1.1376609466969965 30.029433795854857 139.48823463181907 2.3447487197990986 30.965699480122566 123.11987187149498 77.541469484218396 40.921717714285478 1.3603555863519412 62.028810773801524 0.036836022540227442 97.351384745794348 46.379371096503746 149.20897839585814 28.708652175577299 14.686850127865908 79.93006084402441 26.925942753005074 32.857241436067852 25.681610365005326 29.04218109928479 33.175031677004881 22.844184037479863 58.821514584749821 7.7445318963582395 4.9353355604907847
leaf_count=1231844 6650 55 181267 45814 32 2792 12777 106 16263 16962 24461 8052 302 43035 4 41194 3899 11856 3243 781 19359 6627 2052 1912 1441 1208 3887 8830 640 126
internal_value=-0.000325971 0.00591431 0.00421413 0.054712 -0.0507717 0.0411045 -0.00344877 0.0212006 -0.00462112 -0.0022378 -0.0155454 0.0414892 -0.00621313 -0.00768964 -0.0586215 -0.0244162 -0.0355337 -0.0107882 0.0264074 -0.0102987 0.0381779 -0.00612451 0.00222668 0.0371198 0.0388903 -0.072614 0.00920915 0.0390385 0.121062 -0.00189243
internal_weight=4687.26 1563.31 1510.67 52.6338 7.35817 67.9219 3123.95 141.833 2982.12 2448.03 534.083 71.8874 2149.7 2081.78 62.0656 462.195 326.115 195.588 298.332 72.4377 225.894 2019.71 136.08 58.5389 43.729 130.526 102.774 67.9264 9.10489 6.22051
internal_count=1697471 236736 190709 46027 213 9442 1460735 12883 1447852 1336955 110897 24315 1291282 1281510 43039 86582 58157 15755 45673 5465 40208 1238471 28425 3964 2222 42402 23246 9772 942 181
is_linear=0
shrinkage=0.08


Tree=105
num_leaves=31
num_cat=0
split_feature=7 13 0 1 3 9 8 1 1 0 0 6 6 1 9 1 15 9 0 3 8 10 6 3 9 9 3 1 9 10
split_gain=13.6639 11.2196 16.3208 30.4186 38.9901 22.5747 19.7681 16.5351 24.2485 64.3246 43.3965 37.0851 36.3026 32.7622 15.9772 14.4596 14.3561 14.1978 13.5942 13.8587 11.5524 11.3338 11.2198 12.6527 12.6798 11.1885 10.2839 10.0073 9.96094 9.80824
threshold=4.5000000000000009 1.0000000180025095e-35 0.7243877947330476 0.7897985875606538 0.85145786404609691 0.50096523761749279 3.5000000000000004 0.84660634398460399 0.70064935088157665 0.6351073980331422 0.56543695926666271 0.21111111342906955 0.21111111342906955 0.61167800426483165 0.85014972090721141 0.56966492533683788 1.0000000180025095e-35 0.97603827714920055 0.75905716419219982 0.85028737783432018 24.500000000000004 0.18465909361839297 0.73214286565780651 0.29679679870605474 0.87332859635353099 0.5885961949825288 0.6351073980331422 0.75905716419219982 0.2633154839277268 0.15587044507265094
decision_type=2 2 2 2 2 2 2 2 2 2 2 2 2 2 2 2 2 2 2 2 2 2 2 2 2 2 2 2 2 2
left_child=1 15 7 4 5 28 -6 8 9 13 20 -12 -11 -3 16 26 21 -17 19 -16 -10 -5 23 24 -9 -25 -1 -8 -4 -7
right_child=-2 2 3 14 6 29 27 22 10 12 11 -13 -14 -15 18 17 -18 -19 -20 -21 -22 -23 -24 25 -26 -27 -28 -29 -30 -31
leaf_value=-0.074622344151645439 0.10878893774266461 0.01961040355999092 1.2681255852363458 0.031923915924648563 0.044865147069171871 0.16156116802218992 -0.23279982071023345 -0.064461692996693423 0.080347484268430774 0.079118065982267893 -0.054606535320612742 0.017061049982008813 -0.073422389199536364 -0.028860214255645653 -0.17245130021111657 -0.0030452356193317186 -0.046214218608583019 0.051689500545147211 0.051717104678147767 0.032378472432005999 -0.15994151162741035 -0.024441025176119492 -0.028322130901854901 0.17556721913637652 -0.76236077836549032 0.057941663691921573 0.01760884131276453 -0.0056194501227659665 0.22612173199273908 0.060857799295598161
leaf_weight=29.889909174948116 7.268249206346808 157.66319935122374 0.059332001124856926 54.677000528870849 4.8099671891395683 6.893497259457944 4.5495765362065868 1.396691675879995 27.890582467531207 94.708712400213699 162.6016185732833 64.555821929414378 11.161765428281795 205.66918815317877 3.714500085974576 3527.3348643699173 45.878969041565142 30.593242439033929 58.618801286997041 4.9065159902675077 1.3421328947406426 39.200890437248745 9.1140124221274146 6.6610538913755617 0.18917969783069555 23.205310485092923 10.43954263375417 1.7063827902165938 5.6370403407272534 60.644624701642897
leaf_count=90449 762 82000 76 4623 768 116 248 180 9702 7615 60566 10893 2010 90178 649 1243147 6783 5387 47705 2436 804 10376 1984 1676 37 4639 6250 162 2070 3214
internal_value=-0.000814438 -0.000985545 0.00625882 0.0223772 0.0628869 0.0840358 -0.0770771 0.000130542 -0.00264834 0.00816242 -0.0224324 -0.0342393 0.063036 -0.00782704 0.00587943 -0.00311452 -0.00953704 -0.00257459 0.0379223 -0.0558756 0.0693153 0.00838743 0.0498353 0.0724833 -0.147715 0.0841755 -0.0507477 -0.170834 0.236975 0.0711364
internal_weight=4662.98 4655.71 1057.46 291.297 84.3004 73.2345 11.0659 766.159 725.593 469.203 256.39 227.157 105.87 363.332 206.997 3598.26 139.757 3557.93 67.2398 8.62102 29.2327 93.8779 40.5662 31.4522 1.58587 29.8664 40.3295 6.25596 5.69637 67.5381
internal_count=1697505 1696743 351510 79226 6654 5476 1178 272284 263768 181803 81965 71459 9625 172178 72572 1345233 21782 1248534 50790 3085 10506 14999 8516 6532 217 6315 96699 410 2146 3330
is_linear=0
shrinkage=0.08


Tree=106
num_leaves=31
num_cat=0
split_feature=0 3 2 1 6 0 6 8 2 6 3 0 8 10 3 6 3 8 0 0 8 0 3 8 8 1 2 1 10 16
split_gain=10.8975 12.8035 12.3779 24.556 41.3563 43.6326 36.9177 20.882 20.6607 31.5909 46.1391 22.7675 19.8613 19.2889 18.3884 18.3864 36.3705 31.1829 24.3275 16.4828 16.0666 15.3024 28.3154 15.2824 11.5568 10.4033 15.0766 9.80035 8.14009 12.0813
threshold=0.423303171992302 0.42933948338031774 0.53589835762977611 0.70064935088157665 0.21111111342906955 0.65806129574775707 0.46428571641445165 11.500000000000002 0.73046398162841808 0.46428571641445165 0.64549729228019725 0.79095324873924266 7.5000000000000009 0.70294117927551281 0.78611555695533764 0.30952382087707525 0.53694942593574535 4.5000000000000009 0.58380147814750682 0.64549729228019725 10.500000000000002 0.52679425477981578 0.64051282405853283 4.5000000000000009 1.5000000000000002 0.90645834803581249 0.34525330364704138 0.80982521176338207 0.31414473056793218 1.0000000180025095e-35
decision_type=2 2 2 2 2 2 2 2 2 2 2 2 2 2 2 2 2 2 2 2 2 2 2 2 2 2 2 2 2 2
left_child=28 -2 15 4 5 7 23 -4 9 10 -5 24 -8 -13 -7 16 17 -3 -19 -11 21 22 -17 -6 -10 -18 -27 -23 -1 -30
right_child=1 2 3 8 6 14 12 -9 11 19 -12 13 -14 -15 -16 20 25 18 -20 -21 -22 27 -24 -25 -26 26 -28 -29 29 -31
leaf_value=-0.067383057017624801 0.036575517720646031 -0.047483145086438229 0.011584820684296842 0.028420200941607847 -0.017649804078129203 0.11193169986489734 0.036203481575603963 0.10311292979899134 0.03369849280990117 0.027658613908673045 -0.039395398650516417 -0.0030438519309163308 -0.072298908897967279 0.037187430865208322 -0.13574760806669053 0.013543397873171034 -0.078641186339377833 -0.013993668812451919 0.058792162878201347 -0.0053108768957373298 -0.033072016019476867 -0.016090084447553915 0.17583403984282392 -0.085682791828161825 0.0095308282341521368 1.4706009522914574 0.079883556961100305 0.037362980984446549 -0.045392833519754323 0.076558474970645718
leaf_weight=26.674125351513794 61.663069423271736 77.375818637396151 138.37563035470885 78.558423327820492 51.720105541757221 55.905695735407789 97.713774359697709 18.031878348188911 168.30223228190152 122.06119979078358 351.4971517543454 1913.6045324964871 12.138387990569752 79.437099402726744 1.986594086018157 18.653267875328314 71.387241041572452 67.497425211386144 52.05348540693376 473.5814441137627 44.01438208651598 50.797683935987152 10.901586798940114 35.730242694819026 511.48244831767806 0.051457231864332154 1.6371276298159498 38.658132166638097 14.690800273805507 8.0466984744562069
leaf_count=110993 28438 45205 53881 40464 40707 5098 15495 5973 38807 35320 282250 326374 7224 41007 282 21445 83297 62575 9005 122754 55714 37131 3841 57940 149986 4 1207 12690 1780 876
internal_value=-3.43386e-05 0.000366655 -0.000124799 0.00123059 0.0197666 0.0440986 -0.0066615 0.0221369 -0.00083225 -0.0104844 -0.0270075 0.00287176 0.0242142 -0.00144034 0.103432 -0.0129896 -0.0257989 -0.00791283 0.0176979 0.00144535 0.00822511 0.0234983 0.0734058 -0.0454466 0.0155143 -0.0739988 0.122264 0.00700954 -0.0374041 -0.00223481
internal_weight=4654.23 4604.82 4543.15 4110.13 411.602 214.3 197.303 156.408 3698.52 1025.7 430.056 2672.83 109.852 1993.04 57.8923 433.028 270.003 196.927 119.551 595.643 163.025 119.011 29.5549 87.4503 679.785 73.0758 1.68858 89.4558 49.4116 22.7375
internal_count=1697763 1584114 1555676 1223562 186600 65234 121366 59854 1036962 480788 322714 556174 22719 367381 5380 332114 201293 116785 71580 158074 130821 75107 25286 98647 188793 84508 1211 49821 113649 2656
is_linear=0
shrinkage=0.08


Tree=107
num_leaves=31
num_cat=0
split_feature=8 7 8 3 1 4 10 7 2 3 16 1 1 4 10 3 3 2 3 1 3 11 3 9 3 3 11 9 2 10
split_gain=14.7281 12.7855 11.739 9.29809 9.12181 9.49178 17.0929 15.1409 13.6102 12.2168 9.67266 8.47243 10.346 8.3615 8.2368 9.88854 8.99794 11.5029 31.7563 8.08561 7.45713 11.8352 6.91637 26.1329 6.46276 49.901 5.62931 5.56623 5.55088 5.28683
threshold=17.500000000000004 4.5000000000000009 1.0000000180025095e-35 0.56562754511833202 0.4901809841394425 0.92403846979141246 0.36038962006568914 2.5000000000000004 0.86706829071044933 0.90521115064620983 1.0000000180025095e-35 0.94058823585510265 0.73942822217941295 0.9929577410221101 0.5419580638408662 0.9569842815399171 0.68457102775573742 0.76689496636390697 0.86240702867507946 0.89039039611816417 0.4246212244033814 4.5000000000000009 0.95101958513259899 0.95258533954620372 0.68870675563812267 0.6900656819343568 6.5000000000000009 0.71885213255882274 0.55848154425621044 0.42261904478073126
decision_type=2 2 2 2 2 2 2 2 2 2 2 2 2 2 2 2 2 2 2 2 2 2 2 2 2 2 2 2 2 2
left_child=1 2 14 11 24 8 7 -7 10 -10 -6 12 28 -8 16 22 20 18 -18 -19 21 -1 26 -24 -4 -26 -16 -22 -2 -5
right_child=3 -3 4 29 5 6 13 -9 9 -11 -12 -13 -14 -15 15 -17 17 19 -20 -21 27 -23 23 -25 25 -27 -28 -29 -30 -31
leaf_value=0.085611775280472341 -0.032201459084973065 0.099825453604935513 -0.082429628967232133 -0.059768999368769213 -0.0059303250124394385 -0.025868753879004797 0.007939437423740427 0.0072785950090172857 0.034341346065550921 0.0048132375678865396 0.0035768144122093138 -0.088377150321092765 0.083845482672700214 0.076140963034119477 0.036467288483221325 0.080566867323747945 0.011434418468602414 0.024649495250317295 0.13735393109732491 -0.000530205525920967 -0.01445492502440438 1.2073732222097606 0.08099845462234774 -0.91615792952692432 4.4310040572194973 -0.043569915194652094 -0.033999932832537716 -0.075092008040404543 0.44696771896872217 -0.0059547584859826717
leaf_weight=2.0993712303570642 11.037314425575463 8.1763387985556601 10.857244871240251 52.676032600382314 1793.1868130953408 329.56402961439017 32.299975945177721 120.41699506803707 120.43696796500444 351.07260279448383 1108.1505614327962 4.8236663156858404 10.966368758363386 17.869573285846855 28.018159186700359 21.930150080079329 59.837804970124125 104.27062666600978 16.312494381723809 375.71144361042388 29.39450802751162 0.061970807146280893 0.55783753539435466 0.24082168060704134 0.017729119987053177 0.15903563594838488 9.7907424817676638 14.45226634404389 0.15692600153488534 15.013815476500893
leaf_count=1478 20280 767 29538 83031 908982 14880 10958 5146 13400 35650 422033 2226 2159 11329 4063 17660 30505 17456 2601 32201 26076 3 277 188 6 198 1240 496 88 2126
internal_value=-0.000772805 -0.000123672 -0.00030341 -0.0320034 -0.00198247 -0.00177554 -0.0120602 -0.0169984 -0.000250461 0.0123556 -0.00229912 0.00770455 0.0286185 0.0322317 0.00953778 0.0376667 0.00670976 0.00952257 0.0384082 0.0049398 -0.0272907 0.117775 0.0132983 -0.219677 -0.0746175 0.40522 0.0182196 -0.0344414 -0.0254842 -0.0478328
internal_weight=4649.56 4554.89 4546.71 94.6741 3884.03 3873 500.151 449.981 3372.85 471.51 2901.34 26.9843 22.1606 50.1695 662.678 60.5377 602.14 556.132 76.1503 479.982 46.0081 2.16134 38.6076 0.798659 11.034 0.176765 37.8089 43.8468 11.1942 67.6898
internal_count=1697041 1587131 1586364 109910 1452120 1422378 42313 20026 1380065 49050 1331015 24753 22527 22287 134244 23428 110816 82763 33106 49657 28053 1481 5768 465 29742 204 5303 26572 20368 85157
is_linear=0
shrinkage=0.08


Tree=108
num_leaves=31
num_cat=0
split_feature=15 9 9 9 13 8 6 6 12 3 3 10 9 2 3 9 16 10 9 3 2 11 13 6 11 4 9 2 6 10
split_gain=10.8353 14.9662 45.5452 14.5762 12.1039 11.3793 13.5202 21.5755 11.3865 10.893 12.4729 12.4285 10.4571 14.2807 13.3568 13.247 13.3952 10.2254 10.6122 15.0377 9.8969 9.6708 15.6461 11.4455 11.1945 10.882 9.45476 8.97373 8.92159 8.6829
threshold=1.0000000180025095e-35 1.0000000180025095e-35 0.4361302256584168 0.92009389400482189 1.5000000000000002 1.0000000180025095e-35 0.73214286565780651 0.30952382087707525 0.30952382087707525 0.96051946282386791 0.74115687608718883 0.22474747896194461 0.5885961949825288 0.97014260292053234 0.42933948338031774 0.65682536363601696 1.0000000180025095e-35 0.15192308276891711 0.45326766371726995 0.54446640610694896 0.59896907210350048 3.5000000000000004 1.0000000180025095e-35 0.21111111342906955 1.5000000000000002 0.72065573930740368 0.6072751283645631 0.99425286054611217 0.11805555596947671 0.15587044507265094
decision_type=2 2 2 2 2 2 2 2 2 2 2 2 2 2 2 2 2 2 2 2 2 2 2 2 2 2 2 2 2 2
left_child=3 28 -3 4 5 6 7 -1 -9 10 -8 -11 17 14 -14 16 -15 -4 19 -19 -20 22 27 -23 -24 -25 -6 -7 -2 -16
right_child=1 2 12 -5 26 21 9 8 -10 11 -12 -13 13 15 29 -17 -18 18 20 -21 -22 23 24 25 -26 -27 -28 -29 -30 -31
leaf_value=-0.023113466226665911 0.16053814922448045 -0.070645177451792773 -0.048064133856496945 0.03255225986233725 0.12756772465892266 -0.0025729883355351001 0.058630836658460403 0.037933977033944417 0.10015049335988752 0.0057305100681157139 -0.045021494759381976 0.079351228042245814 0.047208049560855364 -0.1412346683392251 0.030851614779348242 0.073422070671296358 0.05664396065763487 0.52639476444115685 -0.056378934815911656 0.059083501264422765 0.0038505538247572747 -0.036184883416144016 0.00091127385274466653 0.03446591139029348 0.032153578304688311 -0.021685054178665442 0.02794970573249984 0.034886443093933621 0.0036961311988485007 -0.0076025654708540081
leaf_weight=31.883028293828829 2.3266650398727498 72.707532020256622 67.02064440805043 112.92169952727272 7.6054531442787257 1442.7748402650577 8.8827598112111428 85.256524647607876 24.161183342395816 136.8764562154247 45.429404804264777 16.438150478235912 31.366790257990942 4.2463998016901296 39.313830280567345 28.124745302950032 4.5198883482371457 0.52746797694999203 23.787356244189141 2.6792138351956964 65.649361557123484 97.753635718021599 129.9469950296043 39.960876201653207 168.67779281381809 49.389677951228805 30.754080529295607 42.12393312813947 973.86575024551712 852.1479952043228
leaf_count=15342 71 407986 128041 24564 609 694259 584 31978 3185 6106 3160 6553 3115 30 5802 14646 141 1851 34148 2557 14349 2805 119567 2223 22783 5310 3768 2131 70911 68961
internal_value=0.000852448 -0.00327477 -0.00928929 0.00447429 0.00312962 0.00239253 0.0157087 0.0347977 0.0516724 0.00271768 -0.0280691 0.013624 -0.00530403 -0.0021502 -0.00410136 0.046658 -0.0392087 -0.0242613 -0.00704169 0.135952 -0.0121686 3.47044e-05 0.00184989 -0.0172681 0.0185584 0.00342774 0.0477007 -0.00151033 0.00406995 -0.00590672
internal_weight=4639.12 2168.28 1192.09 2470.84 2357.91 2319.56 348.928 141.301 109.418 207.627 54.3122 153.315 1119.38 959.72 922.829 36.891 8.76629 159.664 92.6434 3.20668 89.4367 1970.63 1783.52 187.104 298.625 89.3506 38.3595 1484.9 976.192 891.462
internal_count=1697536 752609 681627 944927 920363 915986 66908 50505 35163 16403 3744 12659 273641 92695 77878 14817 171 180946 52905 4408 48497 849078 838740 10338 142350 7533 4377 696390 70982 74763
is_linear=0
shrinkage=0.08


Tree=109
num_leaves=31
num_cat=0
split_feature=8 15 8 4 11 3 3 1 12 0 1 3 0 4 9 9 16 11 6 8 11 6 0 1 3 6 6 12 1 10
split_gain=10.452 9.88053 13.1239 14.8408 30.2858 23.491 20.313 17.9847 15.456 14.4555 13.4116 12.5963 25.1329 19.8468 11.7984 39.1064 12.8062 16.3523 37.2602 15.3918 15.0129 12.7778 20.0704 32.5072 11.3831 10.736 20.9402 11.488 13.736 11.2152
threshold=20.500000000000004 1.0000000180025095e-35 1.0000000180025095e-35 0.58397436141967785 1.5000000000000002 0.48050633072853094 0.58898946642875682 0.71148777008056652 0.41428571939468389 0.61938297748565685 0.60943254828453075 0.8078865408897401 0.72046512365341198 0.85867896676063549 1.0000000180025095e-35 0.51911646127700817 1.0000000180025095e-35 3.5000000000000004 0.21111111342906955 2.5000000000000004 5.5000000000000009 0.21111111342906955 0.65030118823051464 0.70396453142166149 0.70647653937339794 0.30952382087707525 0.73214286565780651 0.30952382087707525 0.91266208887100231 0.37980769574642187
decision_type=2 2 2 2 2 2 2 2 2 2 2 2 2 2 2 2 2 2 2 2 2 2 2 2 2 2 2 2 2 2
left_child=1 2 25 4 7 -5 9 -4 -9 -6 -8 13 -13 -7 -3 21 17 18 -17 24 -19 22 -16 -24 -18 -1 27 -27 -29 -28
right_child=-2 14 3 5 6 11 10 8 -10 -11 -12 12 -14 -15 15 16 19 20 -20 -21 -22 -23 23 -25 -26 26 29 28 -30 -31
leaf_value=-0.024719526977048357 -0.038149329886677512 0.0025704641552406009 -0.047298407432301827 0.077605981131790666 0.0099835167971197829 -0.017157154620564871 0.13142895256606832 -0.0053294173414707878 0.13580858044876012 0.41780049913828599 0.051239909105748688 0.027087915831760005 -0.0031319558082291933 0.044709321079030334 -0.065766749613712039 0.0016178987380916477 -0.018612185561051157 0.018885477160847472 -0.051441317150986418 -0.0051437980252143087 -0.013917766175353175 -0.063683925408506994 0.34119210127411387 0.010726968706404374 0.041441934208488816 0.035562653512380991 0.0013579998139247452 0.13567564618887429 0.014821356945466333 0.06746588177467204
leaf_weight=34.577791536270524 46.309822392725437 975.39109813635878 53.458838932918582 23.786372294576722 85.965266644321673 484.40620504708204 17.166140196233755 16.89834315917415 7.0323257464387998 0.55988876475021143 60.020408693260549 210.86626644269563 1069.2445125387931 35.627133277754183 14.708355104270597 183.727798383763 24.926556517842982 169.79959242459154 157.15867887989953 201.18297802137386 188.32569638901623 102.56660011350868 2.3349692876799955 10.346917130664222 106.53570889047114 88.762343311434961 190.90388793310558 17.950090868878764 9.0552127384289616 17.970099276426481
leaf_count=15684 65682 70452 168487 4867 14207 256667 1877 38572 4518 61 6778 47093 278970 6339 99431 13572 5087 11171 39469 31817 17929 402340 1974 19831 17068 31973 10350 2647 1568 11302
internal_value=-0.000334677 4.92497e-05 0.00354509 0.0010901 0.0197436 -0.00137566 0.039238 -0.0214955 0.0361457 0.0126224 0.0690738 -0.00241929 0.00184601 -0.0129187 -0.00391649 -0.00936349 -0.00415376 -0.0103024 -0.022844 0.00876689 0.00163539 -0.0507207 -0.00217802 0.0715717 0.0300551 0.017658 0.0221717 0.0494631 0.0951517 0.00704547
internal_weight=4607.57 4561.26 2424.25 2065.03 241.101 1823.93 163.712 77.3895 23.9307 86.5252 77.1865 1800.14 1280.11 520.033 2137 1161.61 1031.66 699.012 340.886 332.645 358.125 129.957 27.3902 12.6819 131.462 359.219 324.642 115.768 27.0053 208.874
internal_count=1697783 1632101 901960 828436 234500 593936 22923 211577 43090 14268 8655 589069 326063 263006 730141 659689 136113 82141 53041 53972 29100 523576 121236 21805 22155 73524 57840 36188 4215 21652
is_linear=0
shrinkage=0.08


Tree=110
num_leaves=31
num_cat=0
split_feature=8 6 1 3 1 1 12 1 3 3 12 17 1 9 9 9 1 5 10 8 16 7 6 10 11 17 1 8 6 8
split_gain=10.2656 22.6782 38.3707 14.1213 29.5534 28.2715 17.9216 10.7087 13.6223 11.5792 17.6922 11.3467 10.2073 16.69 91.6922 9.60619 14.4962 9.58197 19.8343 16.5799 29.2371 23.2798 22.8467 21.0859 13.0051 13.919 11.9508 67.2331 40.3593 32.2572
threshold=8.5000000000000018 1.0000000180025095e-35 0.78086888790130626 0.65030118823051464 0.76417112350463878 0.94570022821426403 0.30952382087707525 0.59611794352531444 0.37952858209609991 0.64051282405853283 0.36666667461395269 1.0000000180025095e-35 0.71148777008056652 0.41216747462749487 0.41138803958892828 0.63759058713912975 0.90645834803581249 1.0000000180025095e-35 0.36038962006568914 2.5000000000000004 1.0000000180025095e-35 2.5000000000000004 0.73214286565780651 0.16228070110082629 1.5000000000000002 1.0000000180025095e-35 0.92907443642616283 3.5000000000000004 0.77500000596046459 1.0000000180025095e-35
decision_type=2 2 2 2 2 2 2 2 2 2 2 2 2 2 2 2 2 2 2 2 2 2 2 2 2 2 2 2 2 2
left_child=17 3 -3 4 7 15 -5 8 -2 11 -11 -9 13 14 -8 16 -6 26 19 21 -21 24 -22 -24 -19 -26 -1 28 29 -28
right_child=1 2 -4 6 5 -7 12 9 -10 10 -12 -13 -14 -15 -16 -17 -18 18 -20 20 22 -23 23 -25 25 -27 27 -29 -30 -31
leaf_value=0.0018428244488563354 -0.10924120818446438 -0.059133202926052945 -0.0061018845989161234 0.068310604159216595 0.29340490686859783 -0.085882119140775204 0.33869095912625874 0.089457570376259968 0.068717688204507743 0.77118509914086819 0.086345445442429461 -0.021848883446903448 -0.077873778902683266 -0.0015045870697906968 8.2570654161874053 0.092554071032911106 0.069606230202555103 -0.012902157619075512 0.04081532524173756 0.042257876818523554 0.042808260511835325 0.028528240998969726 -0.01159142120553951 0.057840652609806725 0.065465012998809788 -0.10985091086027669 0.029092268456177225 0.032280208262683373 -0.092046068057642483 -0.044319611791992841
leaf_weight=2267.8702193257295 3.0876383533650396 103.56250364610969 556.76616879309222 10.52909855202506 4.2206827380796303 5.1425478029850629 0.38099056751525395 6.3879297251296512 25.392428007173294 0.28020030262996387 1.7446239731361854 71.12656379891996 24.659801125213562 8.5838680222623207 0.0095949418391683139 26.05315960408916 3.3010907169955317 313.03815438612946 109.64048250517226 164.97419442051614 75.185246661432757 92.119881943450309 328.97487187171646 30.596700085909106 3.5110267726704505 16.608131644054083 59.141799171149614 130.4614034550832 66.628735093538126 108.73543769265234
leaf_count=1025317 1947 209962 205058 2875 1288 1693 1643 1409 8240 111 220 31643 11569 1138 8 1932 55 16151 52346 5169 12110 3641 21182 1222 476 949 6870 32600 5718 32195
internal_value=0.00053645 -0.00739812 -0.014419 0.0168874 0.0288242 0.0887924 -0.0227735 0.00732971 0.0494244 -0.00774285 0.181115 -0.0126762 -0.0512871 0.0217672 0.53321 0.115547 0.195186 0.00232919 0.00847491 0.00501561 0.0135835 -0.00706696 0.00270265 -0.0056833 -0.0169092 -0.0792562 -0.00031937 -0.013755 -0.0393655 -0.0184572
internal_weight=4618.72 851.229 660.329 190.9 146.737 38.7175 44.1634 108.019 28.4801 79.5393 2.02482 77.5145 33.6343 8.97445 0.390586 33.5749 7.52177 3767.49 1134.65 1025.01 599.731 425.277 434.757 359.572 333.157 20.1192 2632.84 364.967 234.506 167.877
internal_count=1696737 480791 415020 65771 48538 4968 17233 43570 10187 33383 331 33052 14358 2789 1651 3275 1343 1215946 113246 60900 39683 21217 34514 22404 17576 1425 1102700 77383 44783 39065
is_linear=0
shrinkage=0.08


Tree=111
num_leaves=31
num_cat=0
split_feature=5 1 3 9 3 2 9 1 7 0 1 2 1 2 0 3 2 17 3 3 4 9 11 2 0 7 0 10 1 4
split_gain=12.2939 16.1928 15.5875 14.8734 10.262 11.454 9.50341 9.47536 10.8705 10.6402 9.10107 8.92391 9.47289 14.7449 11.8943 9.9544 11.8774 12.9289 9.03388 35.8436 27.885 25.0274 18.5829 14.2341 14.0753 8.70535 11.9622 8.65291 8.43526 8.30123
threshold=1.0000000180025095e-35 0.94570022821426403 0.88493064045906078 0.43865308165550237 0.93788579106330883 0.89009663462638866 0.97603827714920055 0.94201681017875682 2.5000000000000004 0.96178188920021068 0.92084378004074108 0.96609193086624157 0.96449580788612377 0.83131474256515514 0.94185259938240062 0.908033847808838 0.93788579106330883 1.0000000180025095e-35 0.99425286054611217 0.95861870050430309 0.88548010587692272 0.9348469376564027 3.5000000000000004 0.85270008444786083 0.91331186890602123 2.5000000000000004 0.67017546296119701 0.064583335071802153 0.97100839018821727 0.92637759447097789
decision_type=2 2 2 2 2 2 2 2 2 2 2 2 2 2 2 2 2 2 2 2 2 2 2 2 2 2 2 2 2 2
left_child=11 3 25 7 5 -4 29 8 -2 10 -10 12 14 27 18 -15 -17 -18 19 23 22 -22 -20 -1 -21 -3 -27 -14 -7 -6
right_child=1 2 4 -5 6 28 -8 -9 9 -11 -12 -13 13 15 -16 16 17 -19 20 24 21 -23 -24 -25 -26 26 -28 -29 -30 -31
leaf_value=-0.0059467865068534029 0.012224196860854915 -0.039413069462992625 0.088477794451074968 0.053392071289014569 0.0087295314846659016 0.061758472746058085 0.073810661791753218 0.071955243380420628 0.09669191770293202 -0.43779876144546481 -0.074169969004052358 0.022179546968722416 -0.017478990986770908 0.075991749226606189 0.037927378952046766 -0.098469093532417895 -0.15914543436017123 0.017230858677535699 0.010606578205112736 0.12663235391423025 -0.09696522667450444 -0.57638969597586043 -0.084968727722362289 0.0093737209915851806 -0.22735601928120083 0.58504580581637711 0.01500495394673565 0.12166012896817587 -0.063609361199469985 -0.0049274538056665257
leaf_weight=2265.7265369742563 115.2559522863703 79.69633021907066 19.458685250392591 80.596861136975349 696.83500256403931 6.290851353434844 12.307724579761269 14.47681446840579 2.3652363423680027 0.46049998403759751 12.752259446089738 89.429194811498746 6.2404861206523474 3.4751048393518422 45.131713744529407 26.686296843050513 3.2422120780975101 14.809237229288556 69.291273465427366 16.772266311600109 17.725520838765082 0.72539374238112841 16.032112602551933 468.34609414369334 0.75107753908377972 0.23884095654648518 17.373729684113641 5.2813944192457711 7.5658170382084791 481.79106424786733
leaf_count=1361234 13418 10320 1446 13975 136735 470 11815 808 249 28 426 9427 2735 324 3285 4292 252 836 14813 854 2314 62 600 58951 73 32 1524 504 499 45162
internal_value=0.000228482 0.00603621 0.00265274 0.0258295 0.00510223 0.0488939 0.00387719 0.0105419 0.0037465 -0.0589769 -0.0474374 -0.00271848 -0.00347066 -0.0350055 -0.00282121 -0.0544358 -0.064567 -0.014448 -0.00346528 -0.0025914 -0.0266362 -0.115814 -0.00735185 -0.00332239 0.11146 -0.0281645 0.0227352 0.0462995 -0.00669305 0.00314692
internal_weight=4597.13 1547.47 1321.56 225.908 1224.25 33.3154 1190.93 145.311 130.834 15.578 15.1175 3049.67 2960.24 59.7347 2900.5 48.2129 44.7377 18.0514 2855.37 2751.6 103.774 18.4509 85.3234 2734.07 17.5233 97.3089 17.6126 11.5219 13.8567 1178.63
internal_count=1697463 236907 208003 28904 196127 2415 193712 14929 14121 703 675 1460556 1451129 8943 1442186 5704 5380 1088 1438901 1421112 17789 2376 15413 1420185 927 11876 1556 3239 969 181897
is_linear=0
shrinkage=0.08


Tree=112
num_leaves=31
num_cat=0
split_feature=2 3 2 7 4 13 4 3 2 3 3 3 3 1 1 1 9 1 0 3 3 0 0 3 13 2 1 8 0 1
split_gain=8.61422 25.8745 18.2607 39.2866 25.2748 19.6817 17.9501 16.3909 21.1634 24.6263 13.7466 12.5069 12.2291 17.2611 21.8841 11.86 21.1932 19.8764 30.5163 33.631 17.1176 36.3763 20.2935 15.9965 18.1571 15.2625 10.8188 11.4654 10.4648 13.0856
threshold=0.60397014021873485 0.64549729228019725 0.6482679843902589 1.0000000180025095e-35 0.35388994216918951 1.0000000180025095e-35 0.64346247911453258 0.70647653937339794 0.71718621253967296 0.8263767957687379 0.75513628125190746 0.84273937344551098 0.42933948338031774 0.94570022821426403 0.61311829090118419 0.79772728681564342 0.49890829622745519 0.58397436141967785 0.5388936996459962 0.66333335638046276 0.71516755223274242 0.60397014021873485 0.64326766133308422 0.67028987407684337 1.0000000180025095e-35 0.47901995480060583 0.70320320129394542 11.500000000000002 0.60640108585357677 0.71834936738014232
decision_type=2 2 2 2 2 2 2 2 2 2 2 2 2 2 2 2 2 2 2 2 2 2 2 2 2 2 2 2 2 2
left_child=12 28 3 -3 -5 -4 10 26 9 -9 -6 -10 13 14 -1 16 -14 18 19 -18 22 -22 -19 24 -17 -20 27 -7 29 -2
right_child=1 2 5 4 6 7 -8 8 11 -11 -12 -13 15 -15 -16 23 17 20 25 -21 21 -23 -24 -25 -26 -27 -28 -29 -30 -31
leaf_value=-0.018362140959659205 -0.062907967480651819 -0.10331609928303705 -0.0012643701858663318 2.0812341755116894 -0.034086818346852524 0.10448140119475323 -0.02810125802683169 -0.058712038031725186 0.041380190091102706 0.043971948348397544 0.059926415139581135 0.006433201559252164 -0.060003347856248376 -0.10947222667437027 0.073284854840629757 0.010911390512816066 -0.043996228627969272 -0.033883705609810966 -0.035628840188241376 0.16196705815867715 0.088629624540180821 -0.055945471318737824 0.0079969099027487871 -0.010386414271689601 0.098632285327799232 0.10025142518585624 0.025571839421429578 -0.083648263952155383 0.05089333344046898 0.1057938172416638
leaf_weight=28.935410150015286 11.634420119127752 33.574270498476835 2993.6601375576829 0.037084859930472613 14.11326586312134 26.977499184802642 92.660797372616798 50.567489761517209 109.48642107530344 21.220421460351645 33.776002289083408 163.28861090953069 64.392959444047847 5.7847520305695062 39.355418656326947 55.998855158966762 41.557751988777454 299.37669357037521 6.3561210311927416 5.779520836989831 26.619504371672519 19.151433525104949 98.380890259650187 149.30970418755351 20.67781706185815 31.554859878877323 38.797542354292091 2.2458566620334741 88.215538996300893 3.9388583862564692
leaf_count=38889 10956 16654 753872 38 13198 3401 61730 10132 11623 4885 11303 65328 388237 2224 11338 18571 31477 61104 1017 947 6034 3056 6997 122446 3546 2677 6997 119 27251 1012
internal_value=-0.000866048 0.000842779 -0.00029869 -0.0255652 -0.00699711 0.000993186 -0.0075481 0.0173738 0.010289 -0.0283588 0.0322201 0.0204602 -0.00791422 0.0232137 0.0344532 -0.0107291 -0.0166707 -0.0113937 0.0239848 -0.0188497 -0.0181937 0.0281366 -0.023525 0.00486637 0.0345676 0.0774699 0.0532617 0.0900234 0.0402201 -0.0202392
internal_weight=4577.43 3684.19 3580.41 174.161 140.587 3406.24 140.55 412.584 344.563 71.7879 47.8893 272.775 893.232 74.0756 68.2908 819.156 593.17 528.777 85.2483 47.3373 443.529 45.7709 397.758 225.986 76.6767 37.911 68.0209 29.2234 103.789 15.5733
internal_count=1697059 998499 959280 102923 86269 856357 86231 102485 91968 15017 24501 76951 698560 52451 50227 646109 501546 113309 36118 32424 77191 9090 68101 144563 22117 3694 10517 3520 39219 11968
is_linear=0
shrinkage=0.08


Tree=113
num_leaves=31
num_cat=0
split_feature=2 3 3 7 0 1 4 13 1 8 1 0 1 0 8 1 1 4 4 0 3 2 0 4 0 4 1 1 1 4
split_gain=9.1679 18.1 13.5539 67.9264 40.0315 37.806 28.8026 22.751 20.3523 18.3883 17.9716 27.6903 15.7989 42.6299 15.2473 14.5147 14.3839 14.0932 13.0378 18.9565 14.2281 12.9744 12.3487 12.4078 16.3382 11.6633 10.8833 10.539 14.0277 30.7128
threshold=0.62988328933715831 0.66333335638046276 0.628892481327057 1.0000000180025095e-35 0.57659712433815014 0.70396453142166149 0.50287356972694408 1.0000000180025095e-35 0.9529346525669099 1.5000000000000002 0.63702240586280834 0.69360545277595531 0.57321429252624523 0.52679425477981578 27.500000000000004 0.75162336230278026 0.60120484232902538 0.55217784643173229 0.57932874560356151 0.60640108585357677 0.57735043764114391 0.2290398105978966 0.71346470713615429 0.63224515318870556 0.628892481327057 0.41897973418235784 0.78830561041831981 0.80982521176338207 0.80874970555305492 0.87007671594619762
decision_type=2 2 2 2 2 2 2 2 2 2 2 2 2 2 2 2 2 2 2 2 2 2 2 2 2 2 2 2 2 2
left_child=2 22 4 6 5 12 -4 16 -7 -6 18 14 13 -1 -12 -13 -5 -15 20 -20 -11 25 23 24 -2 -14 -25 28 -24 -30
right_child=1 -3 3 7 9 8 -8 -9 -10 10 11 15 21 17 -16 -17 -18 -19 19 -21 -22 -23 27 26 -26 -27 -28 -29 29 -31
leaf_value=-0.05392176326240871 -0.041175895093905339 0.0012467210470566354 0.094709863437094255 0.076859023676490543 -0.022246428851992836 0.06958194650175463 -0.093323874203924365 0.045796970469978326 -0.11445805883922655 0.054718511796674453 -0.0027741193613606612 0.12090568816026512 0.10556685320966543 0.081230223132263163 1.2816276373921158 0.035398745473222366 -0.014373357861344589 -0.10240555171967954 -0.082477253758299313 0.057495328151372205 0.15090789110829256 -0.050859866415556232 0.15221561446505028 -0.063227759124840924 0.095728008010510929 0.79836140309870096 0.058173403116699357 0.040675905861418421 -0.046396993090471988 3.9145502218908828
leaf_weight=46.929110108017994 7.7632835010335866 3454.7322098345639 5.5760646499511486 11.541129058485238 57.929928895966441 35.960739112710144 80.212013300879335 54.9152243470744 4.3061403927567872 26.735089160702046 156.79268884906924 18.377373014558543 1.2233365483989462 29.970096954577457 0.059174467838601141 41.165327619546588 265.35837623583211 2.936806953042832 8.1885552258790977 25.400699568046548 15.575390542806415 155.63638642259866 9.0360924188134959 14.552923883529731 19.827861705434771 0.17817346551964863 6.9988959403308391 9.9480581715361023 0.033059577908716942 0.02017381857149303
leaf_count=118503 6353 888543 1006 10205 22539 17377 49700 13618 2834 7044 57054 6257 440 12052 14 14669 259804 2448 3825 5718 3960 173843 3513 6671 4441 39 1360 3475 51 2
internal_value=0.00010034 0.00205229 -0.00648028 -0.0176476 0.000953196 -0.0217639 -0.081102 -0.00124196 0.0499007 0.0189298 0.0270906 0.0153424 -0.0339464 -0.00496979 -0.00228956 0.0617898 -0.0105708 0.0648415 0.0605853 0.0233721 0.0901279 -0.0486778 0.0428707 0.0216801 0.0572075 0.193642 -0.0238031 0.0975721 0.159844 1.45468
internal_weight=4567.88 3522.91 1044.97 417.603 627.365 277.141 85.7881 331.815 40.2669 350.224 292.294 216.395 236.874 79.836 156.852 59.5427 276.9 32.9069 75.8997 33.5893 42.3105 157.038 68.1803 49.143 27.5911 1.40151 21.5518 19.0374 9.08933 0.0532334
internal_count=1697358 914409 782949 334333 448616 327536 50706 283627 20211 121080 98541 77994 307325 133003 57068 20926 270009 14500 20547 9543 11004 174322 25866 18825 10794 479 8031 7041 3566 53
is_linear=0
shrinkage=0.08


Tree=114
num_leaves=31
num_cat=0
split_feature=8 6 1 10 10 9 0 0 4 11 10 16 6 8 3 2 2 11 12 3 13 10 12 10 11 12 9 11 4 3
split_gain=12.3851 10.9811 25.5518 12.2133 12.0077 10.8025 10.5469 10.4722 12.1412 10.562 10.0302 9.33028 9.17435 26.0961 8.92288 19.003 14.2606 9.12703 8.6144 7.95053 7.59729 16.6954 78.8253 16.0601 12.7174 11.2613 10.0791 9.91936 9.64241 7.59298
threshold=8.5000000000000018 1.0000000180025095e-35 0.77015754580497753 0.40588235855102545 0.08893280848860742 0.97603827714920055 0.60397014021873485 0.6482679843902589 0.77712419629096996 4.5000000000000009 0.31414473056793218 1.0000000180025095e-35 0.21111111342906955 17.500000000000004 0.65648320317268383 0.54653680324554454 0.69951456785202037 7.5000000000000009 0.41428571939468389 0.58380147814750682 1.5000000000000002 0.91987180709838878 0.77500000596046459 0.92582416534423839 3.5000000000000004 0.55000001192092907 0.9348469376564027 13.500000000000002 0.53144779801368724 0.77836257219314586
decision_type=2 2 2 2 2 2 2 2 2 2 2 2 2 2 2 2 2 2 2 2 2 2 2 2 2 2 2 2 2 2
left_child=5 3 7 4 -2 20 18 8 10 12 -3 14 13 -9 15 -5 -16 -17 -7 -12 27 24 26 -24 -22 -26 -23 29 -25 -1
right_child=1 2 -4 11 -6 6 -8 9 -10 -11 19 -13 -14 -15 16 17 -18 -19 -20 -21 21 22 23 28 25 -27 -28 -29 -30 -31
leaf_value=-0.0054460277537855461 -0.087669114987086391 -0.065330740440738042 -0.0076510549641640412 -0.038584587026217698 0.035193367750968915 0.088976290158224849 0.057937070140087664 0.025322249334999616 0.99058298776794829 -0.18361791687927573 -0.061608229317768153 0.062143298649900952 -0.079140385647592848 1.2403483687760588 -0.11667198330640295 0.078302777493967954 0.058685760509241673 -0.081236694829062803 -0.032983925357608919 0.032205191086763896 0.076624813851826096 -2.0910805326100932 -1.3998868495185326 -0.27391135673652645 -0.10938879187436702 0.02163916621241023 -1.0672018385013955 -0.23363446665914459 0.081254828051670919 0.0028193129577305204
leaf_weight=977.97077255934528 5.4007099721798104 29.329346411999722 555.55484145893388 42.422337661177153 88.763955167349195 4.6115484074689475 41.804014295354136 1.7787115367355024 0.074257577987736023 6.0328043588087885 8.4677588289559953 9.3621992754051444 27.702599552423635 0.12081618497177249 12.463308190635873 16.933796283963606 3.8957882996764956 2.6547321860271031 18.88702615123475 18.225451024503855 27.725706582939893 0.11040236559347194 0.053978483920218756 0.64840260404162142 4.7455069999850812 36.385951702977763 0.13900800721603446 1.1577880874101527 1.9927187131834214 2608.9647475633242
leaf_count=597265 27589 157864 212883 1491 34327 61 18960 1608 4 80 1856 813 38925 144 410 618 293 224 727 1784 3008 22 15 13 255 6362 24 46 1241 588536
internal_value=-0.000386956 -0.00922945 -0.0141098 0.00813751 0.0281467 0.00158127 0.0338325 -0.053226 -0.0316824 -0.0871401 -0.0330374 -0.0133388 -0.0674782 0.102602 -0.022356 -0.0084912 -0.0749119 0.0566812 -0.00904948 0.00244521 0.00100582 0.026772 -0.159775 -0.033858 0.0347492 0.00652193 -1.52043 0.000490214 -0.00593945 0.000565784
internal_weight=4554.38 829.183 647.287 181.897 94.1647 3725.2 65.3026 91.7317 56.0968 35.6349 56.0226 87.7322 29.6021 1.89953 78.37 62.0109 16.3591 19.5885 23.4986 26.6932 3659.89 71.8017 2.94451 2.6951 68.8572 41.1315 0.24941 3588.09 2.64112 3586.94
internal_count=1697448 480913 415148 65765 61916 1216535 19748 202265 161508 40757 161504 3849 40677 1752 3036 2333 703 842 788 3640 1196787 10940 1315 1269 9625 6617 46 1185847 1254 1185801
is_linear=0
shrinkage=0.08


Tree=115
num_leaves=31
num_cat=0
split_feature=7 8 2 0 2 13 11 9 0 1 4 11 1 10 9 11 1 1 8 8 0 2 3 1 6 1 9 9 1 1
split_gain=10.3867 10.0549 8.20688 9.36223 7.90307 7.58342 17.6818 9.33629 9.68275 8.00201 15.6389 6.57892 6.42983 6.08736 17.174 6.08555 5.74299 6.75713 8.12053 5.34236 7.03495 5.21605 4.43867 6.35123 6.34317 5.64063 6.21812 8.07091 5.48527 4.30336
threshold=4.5000000000000009 17.500000000000004 0.33520600199699407 0.74862638115882885 0.78142958879470836 1.5000000000000002 3.5000000000000004 0.98367321491241466 0.57275134325027477 0.87939393520355236 0.61633428931236278 13.500000000000002 0.4901809841394425 0.93541666865348827 0.76239567995071422 4.5000000000000009 0.59611794352531444 0.5912291705608369 5.5000000000000009 2.5000000000000004 0.51649147272109996 0.62316370010375988 0.60814526677131664 0.93127068877220165 1.0000000180025095e-35 0.9529346525669099 0.89377820491790783 1.0000000180025095e-35 0.65599384903907787 0.61633428931236278
decision_type=2 2 2 2 2 2 2 2 2 2 2 2 2 2 2 2 2 2 2 2 2 2 2 2 2 2 2 2 2 2
left_child=1 2 3 16 22 7 13 11 15 10 -8 12 -4 21 -15 -9 17 18 -1 29 -21 -7 23 24 28 -24 27 -27 -3 -18
right_child=-2 4 5 -5 -6 6 9 8 -10 -11 -12 -13 -14 14 -16 -17 19 -19 -20 20 -22 -23 25 -25 -26 26 -28 -29 -30 -31
leaf_value=0.08208178175360574 0.096520914791907192 -0.034256518236034053 -0.070571387086629647 0.87851973286787377 0.19456347564286472 0.0478402842519004 0.02250647843278537 -0.077290484973622564 0.053211658540845343 0.080185437067770537 -0.060038750770811673 -0.1775632817682862 -0.0014557220822500839 -1.5863389793415816 -0.043274315698575795 0.03107853778169058 0.29597479844769065 -0.58375830343139545 -0.10528819856012099 0.034900327147583579 0.15710303133247269 0.11356614211626628 -0.073532992701458147 -0.080075853978620548 -0.062231207598459411 0.0066612517858827746 0.082163433302490083 -0.07638572403446324 0.071218359679157003 -0.079194272875786773
leaf_weight=3.1515119545738406 6.9966135444119564 4.3871552296732323 8.6317824957586691 0.086943126640106949 1.0048596710475965 17.901750704448208 35.489643126260489 7.0173773358692397 38.041303393518319 6.7476841366878935 25.062934503774159 1.3601971042226058 4284.7020324801742 0.047908678679958849 1.2659634422743691 6.2882494643563405 0.21757617022376452 0.13240838934689225 2.7916747572689928 6.1152778281129923 5.9468567484937012 13.597220612748059 23.657627818422952 5.51484441852699 4.9597129018948172 15.345142522593962 3.2790301825734778 14.630050115927586 11.24099513494002 1.9438559428890583
leaf_count=4130 763 2094 27172 28 106 1119 1002 303 15547 7756 3069 51 1509679 8 1137 315 195 273 6709 4516 1724 2491 34786 2545 23370 771 1561 42871 1812 394
internal_value=-0.000877334 -0.00102709 -0.000511322 0.0501316 -0.0284455 -0.000743525 0.0210251 -0.00124498 0.0326659 -0.00245072 -0.0116593 -0.00165041 -0.00159468 0.0691749 -0.0995402 -0.0260752 0.0465835 -0.0185238 -0.00593094 0.0743941 0.0951485 0.0762123 -0.031145 -0.00383019 0.0165936 -0.043673 -0.02243 -0.0338716 0.0416093 -0.0414286
internal_weight=4557.56 4550.56 4466.54 20.3861 84.0194 4446.15 100.113 4346.04 51.3469 67.3003 60.5526 4294.69 4293.33 32.8128 1.31387 13.3056 20.2992 6.0756 5.94319 14.2236 12.0621 31.499 83.0146 26.1027 20.5879 56.9119 33.2542 29.9752 15.6282 2.16143
internal_count=1698297 1697534 1587618 17969 109916 1569649 16582 1553067 16165 11827 4071 1536902 1536851 4755 1145 618 17941 11112 10839 6829 6240 3610 109810 29821 27276 79989 45203 43642 3906 589
is_linear=0
shrinkage=0.08


Tree=116
num_leaves=31
num_cat=0
split_feature=5 1 9 9 2 0 2 12 0 1 3 2 1 0 3 6 7 1 3 16 6 0 3 6 2 1 0 2 1 1
split_gain=9.11759 14.1702 10.5013 36.8233 17.1355 14.2137 13.7161 16.0588 17.0157 79.3684 12.5814 17.6298 12.7254 39.0592 13.2523 12.1577 12.0993 31.2009 28.5218 22.8004 26.2248 30.9411 26.6773 21.6247 19.8163 16.9728 32.3157 14.3674 10.9272 22.6678
threshold=1.0000000180025095e-35 0.91331186890602123 0.45983158051967626 0.20766969025135043 0.9529346525669099 0.45512083172798162 0.91331186890602123 0.22500000149011615 0.63798952102661144 0.6291005313396455 0.91266208887100231 0.73546314239501964 0.95488464832305919 0.81120249629020702 0.77836257219314586 0.46428571641445165 2.5000000000000004 0.93582704663276683 0.91266208887100231 1.0000000180025095e-35 0.91666665673255932 0.71503761410713207 0.61348485946655285 0.73214286565780651 0.88548010587692272 0.6789083480834962 0.61620295047760021 0.74601566791534435 0.8521554470062257 0.93643954396247875
decision_type=2 2 2 2 2 2 2 2 2 2 2 2 2 2 2 2 2 2 2 2 2 2 2 2 2 2 2 2 2 2
left_child=2 -2 3 10 16 -6 7 -5 -9 -10 11 15 14 -14 -13 -1 19 18 -18 25 22 -22 -21 -19 -25 26 -4 -27 -12 -30
right_child=1 -3 4 6 5 -7 -8 8 9 -11 28 12 13 -15 -16 -17 17 23 -20 20 21 -23 -24 24 -26 27 -28 -29 29 -31
leaf_value=-0.041357731162181804 0.040096060233887711 0.0027096747376228643 -0.0042496072604917149 -0.071577880850334369 -1.1141347415398211 0.052299194350213858 0.018600473933403427 -0.068803399464234388 1.6833783086406582 0.0062238476227642822 -0.042155118529976825 0.071349777424081398 0.67702566920439 0.053118338113080851 0.0087475629785962027 -0.0010535734858798445 -0.0539467460296012 0.063452462756983699 0.056408921483965591 -0.020767179551197782 0.059521175882307917 -0.095905103446978793 0.037151343097234002 -0.1127180828835322 -0.32916534618077697 -0.018299018533082575 0.044641802899973521 0.0014432160630389213 0.018047016538030231 -0.028188808562537655
leaf_weight=70.714320383318864 67.877771572406346 1470.4938579116715 315.810809597363 94.114806397455993 0.066964707802980139 42.757676135661313 20.835156536260911 26.89150826880865 0.18143952551690645 38.334641682042275 74.917305796661822 23.060246846136579 0.73462312374613148 5.103808198182378 351.83465988106764 148.46563643170521 33.314816462239833 3.1782924734143316 27.248246225601179 63.219995866516911 12.185897191084221 25.043618555413559 261.09601125119843 10.769821352179859 3.6159649673791145 553.83598571717721 119.17177987709874 410.99318114230118 121.91137479713507 153.0710575835692
leaf_count=85480 12142 224724 90071 722207 24 9721 7542 168476 451 59572 3075 6191 36 131 26863 21947 2073 191 1623 57871 534 1317 43496 346 365 94079 11877 37325 2771 5194
internal_value=-0.000651614 0.00435928 -0.00321051 -0.00930621 0.000449454 0.0504752 -0.0424446 -0.0504177 -0.0199703 0.0141245 -0.00301365 0.00401808 0.0144235 0.131622 0.0125983 -0.014057 -0.000715185 -0.0315219 -0.00429605 0.000651283 0.0185611 -0.0450313 0.0258611 -0.1254 -0.167124 -0.00397449 0.00914513 -0.00988932 -0.0150698 -0.00769051
internal_weight=4550.85 1538.37 3012.48 1130.17 1882.31 42.8246 180.358 159.522 65.4076 38.5161 949.813 599.913 380.733 5.83843 374.895 219.18 1839.48 78.1271 60.5631 1761.36 361.546 37.2295 324.316 17.5641 14.3858 1399.81 434.983 964.829 349.9 274.982
internal_count=1697715 236866 1460849 1109936 350913 9745 958248 950706 228499 60023 151688 140648 33221 167 33054 107427 341168 4598 3696 336570 103218 1851 101367 902 711 233352 101948 131404 11040 7965
is_linear=0
shrinkage=0.08


Tree=117
num_leaves=31
num_cat=0
split_feature=8 7 10 15 7 1 11 4 2 8 8 3 16 7 3 1 6 0 0 16 0 10 2 10 10 6 3 1 0 3
split_gain=8.7374 8.24316 7.76741 16.7895 11.43 11.3956 10.4104 14.0537 17.6314 10.9664 16.7707 14.3664 9.84895 22.2834 18.7262 12.1728 19.194 15.5566 12.0985 8.37179 17.446 38.3592 16.9168 12.5299 10.3915 8.12575 7.24759 12.3853 5.41028 5.40604
threshold=23.500000000000004 4.5000000000000009 0.069047622382640853 1.0000000180025095e-35 1.5000000000000002 0.72613638639450084 3.5000000000000004 0.61143791675567638 0.90366768836975109 11.500000000000002 8.5000000000000018 0.60495716333389293 1.0000000180025095e-35 2.5000000000000004 0.91010102629661571 0.836786448955536 0.73214286565780651 0.65419578552246105 0.97915762662887584 1.0000000180025095e-35 0.89022758603096019 0.31414473056793218 0.86706829071044933 0.62019231915473949 0.59166666865348827 0.13392857462167743 0.72481885552406322 0.74322345852851879 0.79469618201255809 0.41897973418235784
decision_type=2 2 2 2 2 2 2 2 2 2 2 2 2 2 2 2 2 2 2 2 2 2 2 2 2 2 2 2 2 2
left_child=1 2 4 6 5 -1 9 25 -9 10 -4 -11 13 14 -6 17 -17 -14 -15 20 22 -22 -5 24 -21 -8 29 -28 -3 -7
right_child=-2 28 3 19 12 26 7 8 -10 11 -12 -13 15 18 -16 16 -18 -19 -20 23 21 -23 -24 -25 -26 -27 27 -29 -30 -31
leaf_value=-0.051621160878758343 -0.048729348949040963 -0.32555177352057735 0.013826085163197659 -0.008933651108929113 0.029556996431990785 0.1449216411893787 0.0041586644491357566 -0.023854412597790003 0.061582741856545983 0.089094270176629617 -0.026167717237922182 0.020501595308954054 0.12859225886362718 0.113095992568126 -0.0059563911798154994 0.018283628719107093 -0.0079501934470096753 -0.033900651448574626 -0.038647056718247155 0.0032684349409192147 -0.12596448312379147 0.014353415366344231 0.045981587312259542 0.038902462836636696 -0.055760077375364675 0.05444257898504723 0.083009013124784467 -0.0082455298954386587 0.10304125125525244 -0.040346303586820495
leaf_weight=43.137607863967787 23.823819493448354 0.19434548172284749 772.24501221181902 638.75920725449123 144.2551094771552 1.0268981726640038 58.071587400590914 175.67247611519997 16.950261393547407 26.251803194789318 73.489377263147617 76.459028831876822 3.9030058352145707 19.215019035022127 278.45811721502832 245.8115120339753 651.77060137001536 111.25850331711626 4.0760815066751084 248.45401192800091 24.609444267953222 25.274461878070724 38.039440590859158 60.956058825770015 20.675132908247178 31.847274868397022 9.6624572087403049 639.88267983245169 6.2660689021431608 54.759595494395398
leaf_count=123564 37442 37 237793 239629 19193 1277 1448 16414 11694 35307 46365 38462 661 279 10231 81120 43612 63523 99 68081 1130 10223 4593 19022 2344 2484 18328 477970 716 84354
internal_value=-0.00040909 -0.000153355 -0.000283141 0.00298336 -0.00366883 -0.0117058 0.00933326 -0.00414584 -0.0163362 0.0133487 0.0103509 0.0380332 0.00045487 0.0103603 0.00616291 -0.00390742 -0.000765808 -0.0283935 0.0865401 -0.00441339 -0.00921238 -0.0548702 -0.00584714 0.00615159 -0.00126627 0.0219681 -0.00926462 -0.00688805 0.0901481 -0.036936
internal_weight=4525.26 4501.43 4494.97 2287.75 2207.22 748.469 1230.99 282.542 192.623 948.445 845.734 102.711 1458.75 446.004 422.713 1012.74 897.582 115.162 23.2911 1056.77 726.683 49.8839 676.799 330.085 269.129 89.9189 705.332 649.545 6.46041 55.7865
internal_count=1697395 1659953 1659200 734989 924211 705493 389967 32040 28108 357927 284158 73769 218718 29802 29424 188916 124732 64184 378 345022 255575 11353 244222 89447 70425 3932 581929 496298 753 85631
is_linear=0
shrinkage=0.08


Tree=118
num_leaves=31
num_cat=0
split_feature=1 3 1 2 3 6 1 0 0 0 4 0 3 6 0 1 3 13 0 1 2 2 3 6 4 2 14 3 1 3
split_gain=8.70572 6.5428 16.0403 7.72571 14.2762 13.4099 15.6668 22.8192 17.402 10.5034 17.0792 24.6159 23.1992 23.2762 20.2435 19.1466 18.9501 11.0345 9.87527 16.2195 15.6596 11.6536 51.88 14.0414 7.5057 20.1251 7.3087 7.18874 11.6788 9.49807
threshold=0.51316702365875255 0.42933948338031774 0.94570022821426403 0.63686314225196849 0.71010184288024913 0.21111111342906955 0.70320320129394542 0.77581480145454418 0.63798952102661144 0.75134408473968517 0.61143791675567638 0.61620295047760021 0.61620295047760021 0.46428571641445165 0.65648320317268383 0.68237251043319713 0.6820855736732484 1.0000000180025095e-35 0.65030118823051464 0.71834936738014232 0.90595519542694103 0.71209660172462474 0.79388421773910534 0.21111111342906955 0.52704679965972911 0.70647653937339794 1.0000000180025095e-35 0.64326766133308422 0.76506900787353527 0.76253134012222301
decision_type=2 2 2 2 2 2 2 2 2 2 2 2 2 2 2 2 2 2 2 2 2 2 2 2 2 2 2 2 2 2
left_child=-1 2 26 9 5 6 8 -8 -5 10 11 16 14 -14 -12 -13 -3 27 19 20 -6 22 -20 -23 25 -7 -2 28 -11 -29
right_child=1 3 -4 4 18 24 7 -9 -10 17 12 15 13 -15 -16 -17 -18 -19 21 -21 -22 23 -24 -25 -26 -27 -28 29 -30 -31
leaf_value=-0.054107136116843167 0.032629253244018289 -0.016335541622958527 -0.097605326135174059 -0.037646891647650817 -0.017993660697675544 0.085141980546569379 -0.0021069349061541569 0.15279583579294606 0.1075437597336644 0.17006289795862356 -0.03093285673071404 0.081697807337156536 -0.063574369950517073 -0.0110907287487395 0.033643697468270638 -0.022062507278484373 0.02026769379822102 0.074236621306504935 -0.068973271612559728 0.050223082426460321 0.10206378672505365 0.021915043695652968 0.0034242778192802598 -0.00056461084466925739 -0.0025220701998413288 1.8266077494692627 0.18877375391351325 -0.065618004060335189 0.018681133004488905 0.005851796104212598
leaf_weight=19.078470180774275 57.561233144251673 337.82329189865732 6.1768728910610653 6.3280609936300598 64.017397314313712 4.6537961634221565 48.930614889697608 6.9510425758126066 31.999225298121019 3.5690340710243609 57.633994059600809 37.852297136396373 117.22953306766067 100.3961525382183 67.401706426673627 16.275673218204247 123.65637820252186 17.357631966468034 84.638290158673044 64.915056370253296 7.8004053635231676 190.89372228425418 251.83415664938002 2598.9597353068093 96.813896757099428 0.042861667272518278 1.9846720743807953 15.481543360634531 37.865564523519424 51.450642016909114
leaf_count=52846 30852 333162 2248 3084 16438 2442 10976 1278 3230 2242 20553 8045 101604 32909 22587 9475 123512 3924 54779 15381 775 21415 105013 599428 56339 46 249 16496 10975 35164
internal_value=-0.00018046 4.77403e-05 0.0251045 -0.000322929 0.00145644 0.0224425 0.0441793 0.0171612 0.0835719 -0.0065775 -0.00974092 -0.000540972 -0.0235842 -0.0393624 0.00387776 0.0504982 -0.00652747 0.0150179 0.000197692 0.0212419 -0.00495376 -0.000722697 -0.014787 0.000973543 0.00226926 0.101035 0.0378336 0.00553253 0.0317206 -0.0106793
internal_weight=4527.57 4508.49 65.7228 4442.77 3458.78 195.719 94.2089 55.8817 38.3273 983.993 858.269 515.608 342.661 217.626 125.036 54.128 461.48 125.724 3263.06 136.733 71.8178 3126.33 336.472 2789.85 101.511 4.69666 59.5459 108.367 41.4346 66.9322
internal_count=1697467 1644621 33349 1611272 890624 77395 18568 12254 6314 720648 651847 474194 177653 134513 43140 17520 456674 68801 813229 32594 17213 780635 159792 620843 58827 2488 31101 64877 13217 51660
is_linear=0
shrinkage=0.08


Tree=119
num_leaves=31
num_cat=0
split_feature=2 4 1 3 12 6 1 2 3 1 6 3 3 4 9 4 3 10 12 1 2 4 1 4 3 6 3 6 11 13
split_gain=5.99749 19.0486 15.3494 17.1696 16.3414 14.7235 46.1906 25.4368 24.5681 25.0549 18.4399 27.2195 27.5429 24.4423 17.1743 15.3476 29.7409 13.5192 14.2135 13.2498 13.0785 12.7307 16.289 13.5988 28.2576 21.4884 23.8953 18.5994 31.9057 19.7788
threshold=0.71718621253967296 0.78142958879470836 0.76028168201446544 0.84889996051788341 0.70833334326744091 0.21111111342906955 0.80673459172248851 0.77003204822540294 0.77015754580497753 0.76253134012222301 0.46428571641445165 0.83438816666603099 0.8941769301891328 0.69282051920890819 1.0000000180025095e-35 0.77849927544593822 0.7320508360862733 0.13188406080007556 0.41428571939468389 0.6789083480834962 0.82078272104263317 0.85867896676063549 0.89039039611816417 0.6900656819343568 0.66333335638046276 0.13392857462167743 0.69282051920890819 0.46428571641445165 1.5000000000000002 1.5000000000000002
decision_type=2 2 2 2 2 2 2 2 2 2 2 2 2 2 2 2 2 2 2 2 2 2 2 2 2 2 2 2 2 2
left_child=21 5 3 -3 -4 6 7 8 9 -2 -7 13 19 20 -15 -8 -17 18 -9 -13 -12 23 -23 27 -25 26 -26 28 29 -1
right_child=1 2 4 -5 -6 10 15 17 -10 -11 11 12 -14 14 -16 16 -18 -19 -20 -21 -22 22 -24 24 25 -27 -28 -29 -30 -31
leaf_value=-0.042066578765782278 0.091456470096035872 0.02860920261969457 -0.0023475017645285291 -0.10043677599623069 0.039404677009688548 -0.017240058823565056 -0.07331319005563082 0.61060613206789671 -0.12636155487742357 -0.039750642214890969 0.022586855501321248 -0.045457260444806594 0.010541321196063333 -0.012249727976728495 -0.095869238215980299 1.5684772879847066 0.10331268893448289 0.10853098671034019 0.18741832527010174 0.064680457890926177 0.24491213154702202 0.072228577059487958 0.0042106174255820902 0.023260383473160614 0.024280119651797553 -0.018538417894655976 -0.096053766741093408 0.014347289356021477 0.00073994515418514912 0.16873212499564422
leaf_weight=169.02322165367514 31.523450380351051 9.7607743450280413 2043.948027532424 20.368071050335857 61.80855053072446 137.62819193841284 22.112085090822806 0.68617763278598376 5.5084396269157869 13.220979814410383 30.656721842426293 7.4571599276750922 233.87158525847553 34.348553665855434 28.984570629600057 0.097648309587383464 0.96400962927873479 29.872294721732032 1.9555236478336153 111.74734442011322 1.7924114014022041 29.60980877536349 94.286955456569558 88.865077908034436 13.495326523159745 326.19496786614764 48.577420004370651 337.95165816508052 578.25929184957022 2.8975186968746121
leaf_count=562327 2766 5617 345208 12430 49521 110741 4520 780 695 1737 2754 733 30807 3090 23954 8 308 1251 201 19621 121 5426 13622 41852 2705 230877 13716 119184 90679 381
internal_value=-0.000447726 0.00180495 -0.00193319 -0.05863 -0.00112198 0.0133358 0.0407835 0.068735 0.0330613 0.0526877 0.00837772 0.0162326 0.0264934 -0.0215913 -0.0505184 -0.0590476 0.238074 0.123871 0.297341 0.0577905 0.0348676 -0.00421958 0.0204661 -0.00617355 -0.0174343 -0.0267483 -0.0698918 -0.00123584 -0.00825594 -0.0385138
internal_weight=4517.47 2828.31 2135.89 30.1288 2105.76 692.427 105.941 82.7669 50.2529 44.7444 586.487 448.858 353.076 95.7823 63.3331 23.1737 1.06166 32.514 2.6417 119.205 32.4491 1689.16 123.897 1565.26 477.133 388.268 62.0727 1088.13 750.18 171.921
internal_count=1697632 616863 412776 18047 394729 204087 12266 7430 5198 4503 191821 81080 51161 29919 27044 4836 316 2232 981 20354 2875 1080769 19048 1061721 289150 247298 16421 772571 653387 562708
is_linear=0
shrinkage=0.08


Tree=120
num_leaves=31
num_cat=0
split_feature=1 1 9 0 3 2 6 12 12 5 2 0 1 12 3 7 9 4 0 1 3 0 2 1 3 9 0 4 4 4
split_gain=8.35963 8.0221 16.2699 10.9475 9.88038 19.6819 27.8082 11.9792 8.72935 8.32125 16.9889 21.4764 14.03 10.9959 10.8212 9.0188 15.7514 15.3891 8.03311 14.2776 29.7308 13.492 11.503 11.7343 7.65812 8.87433 7.60925 7.25464 6.72726 6.2572
threshold=0.51316702365875255 0.57321429252624523 0.68535399436950695 0.54261502623558056 0.69804355502128612 0.65030118823051464 0.46428571641445165 0.41428571939468389 0.30952382087707525 1.0000000180025095e-35 0.2290398105978966 0.51649147272109996 0.91331186890602123 0.55000001192092907 0.53907206654548656 2.5000000000000004 0.76239567995071422 0.91945946216583263 0.94185259938240062 0.94201681017875682 0.91010102629661571 0.87762087583541881 0.76028168201446544 0.97801932692527782 0.29679679870605474 0.46851994097232824 0.95713412761688244 0.96490147709846508 0.61938297748565685 0.50287356972694408
decision_type=2 2 2 2 2 2 2 2 2 2 2 2 2 2 2 2 2 2 2 2 2 2 2 2 2 2 2 2 2 2
left_child=-1 2 4 29 -2 6 -6 -8 -5 10 11 -3 14 15 -11 17 -17 -14 19 21 -21 -12 27 -24 -15 -26 28 -20 -16 -4
right_child=1 9 3 8 5 -7 7 -9 -10 12 18 -13 13 24 26 16 -18 -19 22 20 -22 -23 23 -25 25 -27 -28 -29 -30 -31
leaf_value=-0.053572070699698528 -0.049487797520247706 -0.080017332357380691 0.043852952524135229 -0.06722843508909912 -0.080243422252389257 -0.0080543196110372736 0.52213106728323833 1.3246818728688043 0.10525981389229742 0.098057004435024755 -0.0032715997605122327 3.1506230713923675 0.0066248423082168693 -0.15185136231652313 -0.060142661613227358 0.020767827780963654 -0.03851625079669195 -0.012603357232666564 0.22238496485494852 0.032435674702807081 -0.041230564350337735 0.015927818520150978 0.022812104904378884 -0.08947868023710305 -0.030755028780642318 0.073584482638719126 -0.34482221798423818 0.033475075138353065 0.035841884912032357 -0.030454419179707603
leaf_weight=18.120738381512638 21.547592781613279 0.028146047325661949 22.145395996165462 2.053135981346716 0.44743220945747342 3.6084261884861917 0.39526986296550604 0.17032316706900019 21.984782958286814 16.271125872946868 2331.7491631418011 0.024749435120611452 684.07348764474955 1.1935575256793516 5.2432403620114192 275.69398585971794 32.013499816297553 436.28461839599186 2.8564531914598765 45.909735947119771 148.40759722675284 260.412071235849 78.21984846937994 6.4467996196617596 6.4028819137456585 28.166843591425277 0.35792489204322819 2.3892648928740527 42.985407473453961 10.78460985291167
leaf_count=53062 87487 307 1699 171 1915 1506 235 18 299 2836 1228618 7 136222 61 2836 12733 5326 27112 191 8227 39834 31808 5758 366 133 42940 9 97 5647 413
internal_value=0.000655567 0.000874503 0.0254939 0.0494802 -0.0267225 0.0794209 0.39101 0.763812 0.0905272 0.000409868 -0.00212489 1.43158 0.00517938 0.00356615 0.0415897 0.0024689 0.0146 -0.000862913 -0.00215125 -0.00291069 -0.0238261 -0.0013428 0.0213844 0.0142619 0.0473804 0.0542591 0.0226794 0.136342 0.0254068 0.0195172
internal_weight=4506.39 4488.27 83.137 56.9679 26.169 4.62145 1.01303 0.565593 24.0379 4405.13 2876.44 0.0528955 1528.69 1463.83 64.8577 1428.07 307.707 1120.36 2876.39 2786.48 194.317 2592.16 89.9124 84.6666 35.7633 34.5697 48.5866 5.24572 48.2286 32.93
internal_count=1697873 1644811 93743 2582 91161 3674 2168 253 470 1551068 1315213 314 235855 224527 11328 181393 18059 163334 1314899 1308487 48061 1260426 6412 6124 43134 43073 8492 288 8483 2112
is_linear=0
shrinkage=0.08


Tree=121
num_leaves=31
num_cat=0
split_feature=8 7 1 10 10 8 3 8 1 3 1 2 2 0 2 3 10 11 2 2 3 4 1 3 5 4 0 10 16 7
split_gain=9.41364 10.7225 22.0151 12.2963 10.568 10.8122 9.63729 15.9814 13.3003 9.329 11.0976 9.89482 9.34112 9.04394 9.8339 9.06616 24.6839 8.11249 7.74475 7.71414 10.8823 7.76422 7.42929 7.24451 6.78017 16.621 25.0133 20.2002 17.8266 14.0572
threshold=8.5000000000000018 1.0000000180025095e-35 0.77015754580497753 0.44949495792388922 0.08893280848860742 13.500000000000002 0.99425286054611217 16.500000000000004 0.94570022821426403 0.65648320317268383 0.73942822217941295 0.54653680324554454 0.6789083480834962 0.6482679843902589 0.58380147814750682 0.58643677830696117 0.43303571641445165 4.5000000000000009 0.84475743770599376 0.77232852578163158 0.74322345852851879 0.81872946023941051 0.76833632588386547 0.54201978445053112 1.0000000180025095e-35 0.92084378004074108 0.88493064045906078 0.34313726425170904 1.0000000180025095e-35 2.5000000000000004
decision_type=2 2 2 2 2 2 2 2 2 2 2 2 2 2 2 2 2 2 2 2 2 2 2 2 2 2 2 2 2 2
left_child=24 3 13 4 -2 19 8 -8 -7 10 11 23 -11 14 17 16 -16 22 -15 20 -6 -21 -3 -5 -1 -26 28 29 -27 -28
right_child=1 2 -4 9 5 6 7 -9 -10 12 -12 -13 -14 18 15 -17 -18 -19 -20 21 -22 -23 -24 -25 25 26 27 -29 -30 -31
leaf_value=-0.0003947020081039983 -0.086473086861420093 -0.060761012970154703 -0.0065101830707724765 -0.027315279479794764 0.0181772932971568 0.07884210088581621 0.8678626812914384 0.043650543024261544 -0.075996565465919444 -0.10642293030192486 0.063939432499316745 0.037374790505743882 0.025607463652622377 -0.071725218881018002 -0.08019491244036038 0.018292085008861328 2.8120082884995954 0.037924699934253618 -0.22658893952665962 0.24402368690300019 -0.09945707040448426 -0.089528743060725655 -0.31688671238136362 -0.13614190740088589 0.018743917956435853 0.063174037436110123 -0.0088891918466541247 0.053369991741450809 -0.079535995542063226 0.019364622669771708
leaf_weight=2573.8718397600896 4.946705725168612 32.085746159175869 556.14871854392186 28.730679322587093 53.566474759516495 32.688922671417458 0.2539120297296894 0.36990797924954677 3.9830682111314664 11.7042476827628 13.515728487480372 14.329146449221296 4.8508733857452162 31.842207857607718 0.059625207601132213 16.279763687818559 0.02764093253063038 5.563239475064619 2.2102045136234656 1.6985556755244027 5.5550279675626362 0.60597070370567951 0.7415560132740201 4.5324812746257512 459.30076572791222 6.559391864022472 407.61795606173109 47.268390004770481 38.378859852455207 155.76683482679073
leaf_count=1102844 27714 137862 212656 454 21567 10435 9 38 915 360 1887 387 453 40494 286 21336 2 320 338 68 1481 15 1687 75 47628 489 20435 35953 2552 6437
internal_value=0.000133743 -0.00758437 -0.0124165 0.00960265 0.0276338 0.0333514 0.0673285 0.379128 0.0620246 -0.0144662 -3.45343e-05 -0.0182025 -0.0677362 -0.0494036 -0.0292714 0.0226514 0.83589 -0.0514076 -0.0817768 0.0127217 0.00712443 0.156317 -0.0665468 -0.0421441 0.00186262 0.00707392 -0.00110195 0.00313711 -0.0587054 -0.00107747
internal_weight=4515.05 826.29 644.959 181.332 103.669 98.7218 37.2958 0.62382 36.672 77.6632 61.108 47.5923 16.5551 88.81 54.7576 16.367 0.0872661 38.3905 34.0524 61.426 59.1215 2.30453 32.8273 33.2632 3688.76 1114.89 655.591 610.653 44.9383 563.385
internal_count=1697177 480839 414981 65858 62242 34528 11397 47 11350 3616 2803 916 813 202325 161493 21624 288 139869 40832 23131 23048 83 139549 529 1216338 113494 65866 62825 3041 26872
is_linear=0
shrinkage=0.08


Tree=122
num_leaves=31
num_cat=0
split_feature=8 6 0 1 1 4 1 0 1 3 0 1 9 1 11 0 1 3 4 0 3 1 8 6 0 8 1 1 3 9
split_gain=9.21465 38.8638 49.328 48.7454 45.1496 31.7012 24.7108 54.6446 41.3723 24.2463 24.5494 39.2768 23.9552 20.0624 19.488 19.2822 18.8278 25.876 18.7367 18.2398 19.4497 20.6561 19.3654 16.801 29.839 19.9797 17.2063 14.7721 15.2862 14.3087
threshold=4.5000000000000009 0.21111111342906955 0.61620295047760021 0.85880398750305187 0.76506900787353527 0.75582656264305126 0.60495716333389293 0.54641148447990429 0.77581480145454418 0.81661397218704235 0.67717123031616222 0.6705426573753358 0.3802234828472138 0.85313725471496593 12.500000000000002 0.49089705944061285 0.82426470518112194 0.7454303801059724 0.90366768836975109 0.71346470713615429 0.81284341216087352 0.70064935088157665 7.5000000000000009 0.30952382087707525 0.59675306081771862 2.5000000000000004 0.65599384903907787 0.94570022821426403 0.69282051920890819 0.81983605027198803
decision_type=2 2 2 2 2 2 2 2 2 2 2 2 2 2 2 2 2 2 2 2 2 2 2 2 2 2 2 2 2 2
left_child=23 2 6 19 9 13 7 14 15 10 11 -4 -12 -6 -2 -8 -7 -18 -5 20 29 -22 -23 25 26 -1 -25 28 -10 -3
right_child=1 3 4 18 5 16 8 -9 27 -11 12 -13 -14 -15 -16 -17 17 -19 -20 -21 21 22 -24 24 -26 -27 -28 -29 -30 -31
leaf_value=-0.02514878937733268 -0.051565176176153485 -0.054999896408255408 0.088373584296395122 0.0015073425542032938 -0.085546156315082875 0.10435316861024603 0.056039637395186609 0.088400449139316259 0.10044856434780157 -0.14446224918112088 0.46336909865488357 -0.025451508005501257 0.098975645290430486 0.029692695687088537 -1.7381865263432974 -0.06611181302279634 0.096545614812311609 -0.068407197687438109 -0.034650646505378149 -0.0590965629222878 -0.074049696891645186 0.084259544783279988 -0.0070849562921077962 0.021375808474983764 0.0033808283502862546 0.0078088033451148113 0.086997057854055856 -0.064005239623444329 -0.087519493952482041 -0.0031016040324180262
leaf_weight=274.41895974466388 30.817564910482364 107.55280352875525 45.964751828196313 876.85765728122897 32.554921726832617 18.709010802987905 9.0231329603739123 39.137882386265119 21.62733571263562 3.4221290207424309 1.1739515857934737 33.572805159637937 70.110555230941827 13.75326679034333 0.043906681239603951 99.176476053623901 10.235792836669136 15.013812556724586 102.43487108858972 139.89561804739606 14.793563783040097 25.635044171078334 35.319447911293537 66.952213977105203 2092.9753145925642 206.16435309806911 41.376896762223623 5.947061625925925 3.1754705370349248 49.715961638867157
leaf_count=132457 56150 248761 4490 255878 15021 2091 9752 9031 2044 636 2170 13561 4411 2579 1 72902 2279 3219 7312 139185 9166 4801 16829 32107 536228 97377 10050 2426 2911 1230
internal_value=-0.000433289 -0.0048513 0.015416 -0.0116479 0.0398075 -0.00512995 -0.0131268 0.0256342 -0.0326536 0.0661058 0.0708835 0.040328 0.104977 -0.0513209 -0.0539647 -0.0559252 0.0435299 -0.00153792 -0.00227482 -0.0362622 -0.0225533 0.0107501 0.0313309 0.00254127 0.00549984 -0.0110104 0.0464402 0.049232 0.0763833 -0.0385938
internal_weight=4487.55 1805.66 453.46 1352.2 244.511 90.2668 208.949 69.9994 138.949 154.244 150.822 79.5376 71.2845 46.3082 30.8615 108.2 43.9586 25.2496 979.293 372.912 233.017 75.7481 60.9545 2681.89 2201.3 480.583 108.329 30.7499 24.8028 157.269
internal_count=1697055 888836 205674 683162 50457 25189 155217 65182 90035 25268 24632 18051 6581 17600 56151 82654 7589 5498 263190 419972 280787 30796 21630 808219 578385 229834 42157 7381 4955 249991
is_linear=0
shrinkage=0.08


Tree=123
num_leaves=31
num_cat=0
split_feature=7 8 4 3 15 9 11 6 0 8 9 9 0 9 4 12 4 0 6 4 3 11 3 16 6 6 0 0 9 8
split_gain=9.59998 6.75128 6.29384 8.16821 6.02029 11.4576 31.0406 9.50024 39.0991 14.461 9.23681 20.2123 16.475 12.2703 25.1592 15.27 13.5248 13.0299 12.693 10.3531 10.3134 10.182 9.23703 8.37721 15.6422 13.7052 14.7413 12.0269 8.36035 7.94463
threshold=4.5000000000000009 23.500000000000004 0.56562754511833202 0.79095324873924266 1.0000000180025095e-35 1.0000000180025095e-35 1.0000000180025095e-35 0.21111111342906955 0.68108487129211437 4.5000000000000009 0.41605369746685034 0.2633154839277268 0.87138131260871898 0.65682536363601696 0.58397436141967785 0.22500000149011615 0.61311829090118419 0.92718276381492626 0.91666665673255932 0.60120484232902538 0.58898946642875682 1.5000000000000002 0.76071646809577953 1.0000000180025095e-35 0.73214286565780651 0.46428571641445165 0.90366768836975109 0.98484501242637645 0.87332859635353099 4.5000000000000009
decision_type=2 2 2 2 2 2 2 2 2 2 2 2 2 2 2 2 2 2 2 2 2 2 2 2 2 2 2 2 2 2
left_child=1 4 -3 -4 10 23 28 8 -8 -9 11 19 21 15 20 16 -12 -16 -17 22 -15 -13 -1 25 -25 26 -6 -27 -7 -21
right_child=-2 2 3 -5 5 6 7 9 -10 -11 13 12 -14 14 17 18 -18 -19 -20 29 -22 -23 -24 24 -26 27 -28 -29 -30 -31
leaf_value=-0.050144766753956314 0.10232188864367286 -0.069908339435050787 0.17164116024868351 -0.029500680112251258 -0.035526699985267356 -0.063055649130360672 -0.014747122296224522 -0.0021829996130811775 0.035287565514480784 -0.027778537558467025 -0.040011909438489167 -0.061687872692945622 0.0099451641758299004 0.010184232584368848 -0.0094159246207616738 0.043194446473916417 0.012253064740158297 0.035361809501911493 -0.014689314059578445 0.0053861931746520099 0.050410007480701444 0.064514951944934701 0.11683795490278448 0.015460414690207291 -0.011967778704872756 0.026910521897877002 0.039185798387911169 -0.029251523559392516 0.15940323693316685 -0.0097525285261154688
leaf_weight=2.8004432540349162 5.8249675614351863 16.58871460351202 1.7280843945782169 5.1216866995691817 62.409605273627676 71.051060033820249 271.19925923605933 372.46525125601329 158.29830795411908 227.59202605626706 36.435817714651421 75.236252437928215 36.739643926761346 87.174842223219457 580.74749714085556 164.89492689914914 243.15356273762154 44.799151060171425 28.425007252473733 624.99277566541059 76.666108119403589 4.3267087240128594 8.7278784786358283 200.00407386603183 397.63126139971428 247.45243182382546 23.179012068081647 27.073155082762241 1.0979047686560068 343.95405503197617
leaf_count=4338 780 34181 687 2686 32506 276804 133646 104611 20084 134314 113943 443369 34196 4305 40328 45942 91022 20058 1574 59279 3970 4302 1127 25331 2749 9501 289 226 27 51287
internal_value=-0.00031271 -0.0004473 -0.0432695 0.0212441 -0.000220145 -0.00338064 -0.00894421 -0.00538943 0.00369397 -0.011891 0.00253894 -0.0028314 -0.0343642 0.00720509 0.00110016 0.0173955 0.00544194 -0.00620912 0.0346834 0.000908978 0.0290071 -0.0548248 0.0762748 0.00301917 -0.00278869 0.0126577 -0.0152931 0.0213719 -0.0596704 1.22918e-05
internal_weight=4447.79 4441.97 23.4385 6.84977 4418.53 2059.45 1101.7 1029.55 429.498 600.057 2359.07 1096.78 116.303 1262.3 789.388 472.909 279.589 625.547 193.32 980.475 163.841 79.563 11.5283 957.75 597.635 360.114 85.5886 274.526 72.149 968.947
internal_count=1697462 1696682 37554 3373 1659128 740088 669486 392655 153730 238925 919040 597898 481867 321142 68661 252481 204965 60386 47516 116031 8275 447671 5465 70602 28080 42522 32795 9727 276831 110566
is_linear=0
shrinkage=0.08


Tree=124
num_leaves=31
num_cat=0
split_feature=8 2 7 0 8 3 6 11 0 4 6 13 11 12 8 0 10 0 2 10 2 2 2 10 2 5 5 3 2 0
split_gain=5.74363 6.10433 5.6717 4.93423 4.79905 7.56623 12.3808 8.23342 6.22747 11.6015 7.65043 4.76147 4.64262 6.5921 6.53864 10.1895 52.7546 4.49354 3.90273 3.52929 7.27587 3.38059 21.2641 32.3546 5.44023 4.72116 3.15244 3.13186 14.8229 10.5392
threshold=17.500000000000004 0.30877573788166052 4.5000000000000009 0.3647450208663941 1.0000000180025095e-35 0.6900656819343568 0.73214286565780651 2.5000000000000004 0.8216732144355775 0.85867896676063549 0.38750000298023229 1.5000000000000002 4.5000000000000009 0.30952382087707525 5.5000000000000009 0.39780220389366155 0.18898809701204303 0.54261502623558056 0.6390320658683778 0.36931818723678594 0.78611555695533764 0.6390320658683778 0.65030118823051464 0.55050507187843334 0.80735492706298839 1.0000000180025095e-35 1.0000000180025095e-35 0.51530769467353832 0.51316702365875255 0.45115855336189276
decision_type=2 2 2 2 2 2 2 2 2 2 2 2 2 2 2 2 2 2 2 2 2 2 2 2 2 2 2 2 2 2
left_child=1 12 3 18 5 7 -7 -5 10 -10 -6 19 13 -1 15 16 -15 -17 -3 20 27 25 23 -23 -24 -21 -16 28 -2 -30
right_child=11 2 -4 4 8 6 -8 -9 9 -11 -12 -13 -14 14 26 17 -18 -19 -20 21 -22 22 24 -25 -26 -27 -28 -29 29 -31
leaf_value=0.0052572772610901906 -0.0068664539178340967 -0.09405305782755212 0.081227608002625476 -0.043663182875071385 -0.0031255540467326121 0.024515812868536248 0.00048551915334701636 0.019395498464873786 -0.018800246259678993 -0.0011142093687832387 0.0059996968205116141 0.063708575333315601 -0.046992368484033147 5.5060890932323057 -0.067162316681607312 0.087395037521091373 -0.081089075398882382 0.31318402845781423 0.21445279695662048 -0.054886068092397301 0.22453015750278149 2.3027848691699653 0.042474826307437652 0.074779583007408224 -0.45365997218960907 0.023966963405848817 0.12338906843882369 -0.049090956167356925 2.1012823249629622 -0.080161387593380637
leaf_weight=3.549097113914284 9.8379670661633973 4.9257949993607317 5.5416978368593837 36.83811607644202 1106.1985724205435 218.41852165904857 369.09980762741179 20.696886699290189 305.39249145173017 1065.7765678389951 1255.1980605076139 4.0562466451810897 2.0245434838579959 0.014320593199954934 0.84981509721365012 0.98014967598101099 0.044191920358571224 1.3289868073370597 0.27720387897534227 9.5786950167676004 0.67457467345957312 0.067203224753028645 4.5951148808817379 0.10998187598306686 0.14594085267162871 9.8634783282905119 1.605228109867312 43.543239339544016 0.036624335858505996 0.023123451719584409
leaf_count=6513 17785 19728 769 27637 861300 63847 40604 1601 110763 131528 321349 466 87 72 1099 670 9 150 121 711 28 10 759 43 13 1082 99 89069 15 83
internal_value=9.85566e-05 0.000490865 0.00034581 0.000243542 0.000336083 0.00670777 0.00941913 -0.0209793 -0.000765058 -0.00505332 0.00172496 -0.0208105 0.0617196 0.0880093 0.148908 0.243763 1.28634 0.217344 -0.0776166 -0.0251791 -0.0365619 0.000107095 0.0593603 0.919823 0.0272026 -0.014882 0.0574296 -0.0398576 0.000763056 1.25702
internal_weight=4481.29 4398.76 4388.36 4382.82 4377.62 645.053 587.518 57.535 3732.57 1371.17 2361.4 82.5322 10.3963 8.37179 4.82269 2.36765 0.0585125 2.30914 5.203 78.4759 54.1155 24.3604 4.91824 0.177185 4.74106 19.4422 2.45504 53.441 9.89771 0.0597478
internal_count=1698010 1587946 1579247 1578478 1558629 133689 104451 29238 1424940 242291 1182649 110064 8699 8612 2099 901 81 820 19849 109598 106980 2618 825 53 772 1793 1198 106952 17883 98
is_linear=0
shrinkage=0.08


Tree=125
num_leaves=31
num_cat=0
split_feature=0 2 3 8 0 0 10 17 8 4 10 9 4 10 4 9 3 8 0 13 6 8 16 3 8 4 10 4 10 5
split_gain=6.22262 8.17887 17.6365 55.1783 110.654 47.9754 6.32665 7.00369 5.43876 9.17829 26.7 80.7697 7.05293 12.3475 10.601 9.28312 36.757 8.28629 15.6767 8.09139 7.10231 6.80467 6.61721 17.3849 17.7257 8.81455 8.52349 6.12936 11.005 6.31658
threshold=0.39780220389366155 0.33520600199699407 0.69282051920890819 21.500000000000004 0.53694942593574535 0.74862638115882885 0.31414473056793218 1.0000000180025095e-35 8.5000000000000018 0.35388994216918951 0.10818713530898096 0.66849818825721752 0.50287356972694408 0.21583850681781772 0.51022112369537365 0.50096523761749279 0.69804355502128612 5.5000000000000009 0.54641148447990429 1.5000000000000002 0.30952382087707525 3.5000000000000004 1.0000000180025095e-35 0.64326766133308422 12.500000000000002 0.90070420503616344 0.74166667461395275 0.51471862196922313 0.31414473056793218 1.0000000180025095e-35
decision_type=2 2 2 2 2 2 2 2 2 2 2 2 2 2 2 2 2 2 2 2 2 2 2 2 2 2 2 2 2 2
left_child=6 2 -2 5 -5 -4 -1 -8 12 10 11 -10 13 20 17 16 -15 -14 -19 -17 -3 -22 23 24 -11 -25 -24 28 -16 -29
right_child=1 8 3 4 -6 -7 7 -9 9 22 -12 -13 14 15 27 19 -18 18 -20 -21 21 -23 26 25 -26 -27 -28 29 -30 -31
leaf_value=-0.071853207279993586 0.045989188751005335 -0.082278569495674941 -0.014845519016174587 -0.080009295233112052 14.528229789535619 4.3344288484362634 0.071226155057321869 -0.043273068361531976 -0.080027795336261767 -0.017175171153746033 0.19720728496709966 9.2229310798218744 -0.11911718445775447 -0.080124898558139548 -0.055605075767846908 0.03410036557847234 1.3523812092978968 -0.090214382395889359 0.39510228010472309 0.15377243571669824 0.060054069374127897 -0.060892833265174001 -0.0013376197203093083 -0.026804105986110084 0.041375647065969849 0.18990876157487907 0.059965413580461251 -0.0014971209611137713 0.11262329638278847 0.0057768880253898725
leaf_weight=15.531872502921034 17.668741791748293 8.5434126693944581 0.15599593949900636 0.0084227879742684308 0.0054761990904808053 0.01811681836261414 5.6444864974619096 8.6717156028753379 0.019559139487681843 71.806224289293823 0.33917170146924036 0.0085987932980060577 7.8417307924846664 0.35601753852097218 3.6438620160770352 48.184480422867637 0.16908161730680149 1.3335997687991037 0.62589720501273394 3.90927268838277 7.5573921944269369 4.912233224229567 385.26862148983855 256.50602702527885 61.377111606105245 1.2068388476982352 15.083860176091546 2442.0148626151877 7.8504323169181589 1111.9281740965089
leaf_count=78186 12351 49192 278 131 1 3 595 1302 411 56090 459 1 6707 993 9592 5574 46 2536 386 123 10618 15479 151153 152578 47231 80 4905 976804 250 113489
internal_value=-8.6821e-05 0.000156911 0.0541905 0.824926 5.67563 0.437706 -0.0364925 0.00187084 -6.03774e-05 -0.00607137 0.393728 2.76088 0.0012437 0.0257521 0.000738948 0.0464545 0.381141 -0.082347 0.0648041 0.0430809 -0.0260889 0.0124087 -0.00625698 -0.0136609 0.00980778 -0.0257893 0.000972061 0.000967348 0.0592924 0.000778711
internal_weight=4488.19 4458.34 17.8568 0.188012 0.013899 0.174113 29.8481 14.3162 4440.49 791.616 0.36733 0.0281579 3648.87 73.6319 3575.24 52.6189 0.525099 9.80123 1.9595 52.0938 21.013 12.4696 791.249 390.896 133.183 257.713 400.352 3565.44 11.4943 3553.94
internal_count=1697544 1617461 12764 413 132 281 80083 1897 1604697 412908 871 412 1191789 82025 1109764 6736 1039 9629 2922 5697 75289 26097 412037 255979 103321 152658 156058 1100135 9842 1090293
is_linear=0
shrinkage=0.08


Tree=126
num_leaves=31
num_cat=0
split_feature=1 8 15 9 9 16 6 6 8 9 4 6 6 9 10 2 3 8 3 2 8 8 1 4 9 4 11 4 4 2
split_gain=7.39237 7.31114 6.72789 11.6642 17.0788 15.5075 22.139 14.2366 14.1291 12.4434 21.4672 16.8624 15.9692 15.3188 13.4427 11.9229 11.768 7.11637 10.4591 13.7536 14.3112 9.96371 7.65378 6.76638 6.42996 9.0091 7.35659 5.19961 5.07294 4.51164
threshold=0.4901809841394425 23.500000000000004 1.0000000180025095e-35 0.4361302256584168 0.22545801103115085 1.0000000180025095e-35 0.63333335518836986 0.77500000596046459 4.5000000000000009 0.65682536363601696 0.58898946642875682 0.91666665673255932 0.46428571641445165 0.91184088587760936 0.10263158008456232 0.91331186890602123 0.58898946642875682 13.500000000000002 0.80673459172248851 0.6390320658683778 20.500000000000004 12.500000000000002 0.63453349471092235 0.87226107716560375 0.98367321491241466 0.680425524711609 5.5000000000000009 0.73375529050827037 0.89022758603096019 0.64174234867095958
decision_type=2 2 2 2 2 2 2 2 2 2 2 2 2 2 2 2 2 2 2 2 2 2 2 2 2 2 2 2 2 2
left_child=-1 2 3 4 7 6 -6 15 -9 11 16 12 -5 -12 -13 -2 -11 21 19 22 -21 24 -19 27 26 -26 -4 -23 -20 -3
right_child=1 29 17 9 5 -7 -8 8 -10 10 13 14 -14 -15 -16 -17 -18 18 28 20 -22 23 -24 -25 25 -27 -28 -29 -30 -31
leaf_value=-0.068559665391706687 0.017813417709548755 -0.059842648593343109 -0.0018614654543648527 0.016926600112668628 -0.042501756975589271 -0.069677721338357701 0.035003827230669818 0.0020465923563691788 -0.025027227763829655 0.0069779205091308827 -0.0094078592137540641 0.033095762430067593 0.055781375637477433 0.027029796310004441 -0.017961157801108095 -0.017025636365565391 0.049641937517591217 0.041332126714139869 -0.046102644353051947 0.13703742660739868 -0.41004647347051082 0.065971019991909727 -0.033946666145151745 0.60933862551842388 -0.0020926010785994645 0.066552650479104442 -0.020689385038361378 -0.00043011278697379794 0.34043262660920975 0.054393882378871251
leaf_weight=10.035585402903051 364.77491479026821 18.896163906038968 1737.1348953617598 197.38689123881704 58.777534288805782 41.606028148728001 39.396491137234989 346.91507565768552 191.44639556770562 83.452015472372352 529.31434523414646 47.682372720486455 103.03553837950858 85.813794950954616 107.20596702973126 75.959213692403864 82.068176187201004 12.178241958886245 61.031043737904838 6.4238477520957522 0.32132540005113686 19.406064691928812 29.784415958137288 0.13422999905014776 30.421562462695874 20.468956512966543 143.81188236447633 12.351030324813108 0.21807748108403657 2.5060498348830142
leaf_count=33267 87657 36291 609113 148879 372485 172112 13493 2712 1776 3922 35990 3688 28475 24368 2511 591 4170 15816 26870 2191 40 13324 27882 20 1869 14504 10041 2974 6 426
internal_value=2.41142e-05 0.000178786 0.000404213 0.00333033 -0.00258731 -0.0287461 -0.0113994 0.00114724 -0.00758111 0.00868739 0.00255705 0.0191981 0.0302526 -0.0043246 -0.00224329 0.011809 0.0281316 -0.00291862 -0.0227237 0.00494418 0.110976 -0.00180966 -0.0120995 0.0425419 -0.00254183 0.0255176 -0.003301 0.0401462 -0.0447264 -0.0464663
internal_weight=4459.96 4449.92 4428.52 2354.83 1118.88 139.78 98.174 979.096 538.361 1235.96 780.648 455.311 300.422 615.128 154.888 440.734 165.52 2073.69 109.957 48.7078 6.74517 1963.73 41.9627 31.8913 1931.84 50.8905 1880.95 31.7571 61.2491 21.4022
internal_count=1697463 1664196 1627479 902829 650826 558090 385978 92736 4488 252003 68450 183553 177354 60358 6199 88248 8092 724650 72805 45929 2231 651845 43698 16318 635527 16373 619154 16298 26876 36717
is_linear=0
shrinkage=0.08


Tree=127
num_leaves=31
num_cat=0
split_feature=5 1 16 9 1 3 4 3 10 1 2 8 4 7 10 1 2 4 4 9 7 8 3 1 2 12 3 1 1 8
split_gain=6.51254 13.5032 17.1632 16.1686 12.2774 11.7094 14.5895 26.2356 13.0846 13.0587 9.29449 9.01243 8.74006 10.6228 11.0462 10.1044 8.61977 11.1282 8.4311 7.88146 7.10082 6.85277 18.3781 29.6256 23.7505 19.7913 18.9661 17.6709 17.556 36.4888
threshold=1.0000000180025095e-35 0.96362435817718517 1.0000000180025095e-35 0.57200461626052868 0.95861870050430309 0.96824595332145702 0.89512962102890026 0.84475743770599376 0.21240601688623431 0.97801932692527782 0.9624941647052766 13.500000000000002 0.92637759447097789 2.5000000000000004 0.30384616553783422 0.98571136593818676 0.86706829071044933 0.90595519542694103 0.6900656819343568 0.83594325184822094 2.5000000000000004 5.5000000000000009 0.72821971774101268 0.91042780876159679 0.57294833660125744 0.26785714924335485 0.57294833660125744 0.70659971237182628 0.92637759447097789 3.5000000000000004
decision_type=2 2 2 2 2 2 2 2 2 2 2 2 2 2 2 2 2 2 2 2 2 2 2 2 2 2 2 2 2 2
left_child=21 2 -2 4 -4 6 7 -3 9 20 -11 12 16 14 -14 -15 17 -7 -13 -18 -8 28 23 24 26 -24 -23 -26 -1 -30
right_child=1 5 3 -5 -6 11 8 -9 -10 10 -12 18 13 15 -16 -17 19 -19 -20 -21 -22 22 25 -25 27 -27 -28 -29 29 -31
leaf_value=0.0030648845410520356 0.043290840484402494 -0.052512398110265777 -0.010512776197035426 0.048233078792926307 0.048506558932890707 0.0074073844855160357 -0.06549216009989263 0.080873520154393502 0.056540235775042448 -0.1088302201449371 -0.30257580083019409 0.00081368805353149013 -0.017591325550757656 0.080986309035418508 0.046442772246856202 0.0070698351177809005 0.035583019607176698 -0.081902861806271418 -0.043333385485794518 -0.03266609887647292 0.029447744320158748 -0.0021310748203868003 -0.0085598297128314915 0.17235160367920535 0.053528577507969695 -0.045481933532846387 -0.057448961963920547 -0.0037612036754753149 -0.033820021408896943 0.023236819486784823
leaf_weight=1801.5411597982584 112.65289075069813 20.927279722829553 188.1484160390446 47.343124373488536 25.63085407858307 418.82080573507847 17.035815295661454 17.188904479349731 5.5064280987717202 14.774567166765339 1.7750703135679931 59.982311767686042 255.88266011705855 13.353873292391652 18.486992543374072 104.13594309518521 115.66456602189282 9.1234755907498748 51.419818895548815 11.947702582401687 7.1612963870284139 175.25183526805358 304.48410844113369 6.5986851382622254 75.456372347860452 133.71843388760408 51.271612468014609 63.41753985651485 239.25873260464505 102.45027705925895
leaf_count=773960 13127 5258 16596 11598 1956 59255 883 1233 2044 1143 134 61893 13097 2017 15193 11860 6292 479 8107 4459 261 181510 233770 1131 37899 30059 87197 45417 49184 20881
internal_value=-0.000269414 0.00399117 0.0171912 0.00593134 -0.00343671 -0.000324701 -0.0290072 0.00763942 -0.0592069 -0.0748487 -0.129611 0.0019608 0.00449171 -0.00465734 -0.0132767 0.0154712 0.0109449 0.00550335 -0.0195633 0.0291932 -0.0373941 -0.00245775 -0.00872532 0.00435183 0.00131794 -0.0198267 -0.0146518 0.0273669 -8.84643e-05 -0.0167134
internal_weight=4470.41 1516.96 373.775 261.122 213.779 1143.19 84.3694 38.1162 46.2532 40.7467 16.5496 1058.82 947.416 391.859 274.37 117.49 555.557 427.944 111.402 127.612 24.1971 2953.45 810.199 371.996 365.397 438.203 226.523 138.874 2143.25 341.709
internal_count=1697893 236885 43277 30150 18552 193608 10956 6491 4465 2421 1277 182652 112652 42167 28290 13877 70485 59734 70000 10751 1144 1461008 616983 353154 352023 263829 268707 83316 844025 70065
is_linear=0
shrinkage=0.08


Tree=128
num_leaves=31
num_cat=0
split_feature=8 3 4 8 2 4 1 2 1 4 4 7 1 8 3 4 2 1 6 1 9 3 3 9 2 1 7 2 5 10
split_gain=7.7903 7.34124 22.3283 17.6371 16.3737 12.5591 20.8604 24.7248 23.4094 21.9944 21.4548 18.1324 15.1588 13.7568 13.1487 12.1962 11.9128 18.4448 11.5279 18.8071 10.0623 9.31805 9.3011 9.0446 14.2428 8.48223 8.36627 7.54768 16.733 10.4863
threshold=8.5000000000000018 0.78456193208694469 0.72627374529838573 2.5000000000000004 0.72046512365341198 0.86319074034690868 0.77015754580497753 0.74736374616622936 0.88548010587692272 0.71148777008056652 0.6482679843902589 1.5000000000000002 0.85313725471496593 7.5000000000000009 0.6820855736732484 0.76631206274032604 0.69459062814712536 0.84889996051788341 0.46428571641445165 0.87298336625099193 0.98367321491241466 0.71010184288024913 0.836786448955536 1.0000000180025095e-35 0.62767899036407482 0.83047896623611461 2.5000000000000004 0.55217784643173229 1.0000000180025095e-35 0.097619049251079573
decision_type=2 2 2 2 2 2 2 2 2 2 2 2 2 2 2 2 2 2 2 2 2 2 2 2 2 2 2 2 2 2
left_child=1 5 3 4 26 6 7 11 10 -9 25 14 23 -10 -1 -11 17 22 19 -18 27 -12 -5 24 -7 -8 -3 28 29 -4
right_child=-2 2 20 16 -6 12 8 9 13 15 21 -13 -14 -15 -16 -17 18 -19 -20 -21 -22 -23 -24 -25 -26 -27 -28 -29 -30 -31
leaf_value=-0.0066541273757794251 -0.0072839307892643285 0.10023901078167619 0.24926498877111447 0.043477471142503978 0.027855846165774155 -0.0027402941502434027 0.022260984231277422 -0.042108836220105673 0.0030853900524797401 0.11736907816732824 -0.017223566248531001 -0.060395922071839234 0.014039113488391628 0.11112955202713647 0.019757107401520115 -0.084218926105104702 -0.07235137861638799 -0.021455657285626248 0.0054677297100164547 0.30493183625377518 0.074614603816068284 -0.05395970006803015 0.13006953827279336 0.069240461231046449 0.37977196328881213 0.17169241555209916 -0.046926663635647632 0.00036799986627820275 -0.019835518700233021 0.053379352073137425
leaf_weight=478.27314183833323 797.15075178692723 36.440556051595109 3.3774358625923897 25.833072326809997 86.389068574761041 0.95684615580830579 17.681132602505389 9.1275854487466841 27.969085080199875 24.696510550867973 63.148618340143003 33.470370451290364 79.314939857213176 10.326864939819641 161.33292881399575 2.0827583649552244 22.797751230966245 22.635903713566222 77.057715705756067 0.87817540600371913 11.862993161063057 147.18444052424093 11.460967793564121 5.6495664249305264 1.7855488639324901 2.8186824543336106 2.6522246352833454 2274.5995859764989 8.3520759476086823 3.6276132345992664
leaf_count=334199 480819 4486 4228 8995 8813 28 7620 1634 11032 4744 43318 12167 10445 1883 81802 1899 9250 6204 5602 301 12338 106742 2908 1240 48 640 104 532784 740 297
internal_value=-0.000118492 0.0014448 0.00374606 0.0248217 0.0472957 -0.004143 -0.00674346 0.000454672 -0.0257059 0.0651365 -0.0353161 -0.00299593 0.0248574 0.0322205 7.78854e-06 0.101691 0.00726908 0.0355117 -0.0095334 -0.0583574 0.00112609 -0.0429304 0.0700884 0.127105 0.24631 0.0428075 0.0902546 0.000745386 0.0566414 0.147824
internal_weight=4450.93 3653.78 2587.97 286.145 125.482 1065.82 978.112 708.983 269.129 35.9069 230.833 673.076 87.7069 38.296 639.606 26.7793 160.664 59.9299 100.734 23.6759 2301.82 210.333 37.294 8.39196 2.7424 20.4998 39.0928 2289.96 15.3571 7.00505
internal_count=1697310 1216491 597050 46663 13403 619441 607680 436445 171235 8277 158320 428168 11761 12915 416001 6643 33260 18107 15153 9551 550387 150060 11903 1316 76 8260 4590 538049 5265 4525
is_linear=0
shrinkage=0.08


Tree=129
num_leaves=31
num_cat=0
split_feature=7 8 0 10 4 16 4 0 0 7 9 10 8 8 5 0 6 6 6 0 10 8 8 6 6 4 7 9 8 11
split_gain=5.93751 5.3056 4.87221 14.0473 12.4987 13.4345 10.5861 8.55015 8.25483 6.99352 13.3578 10.2426 6.78196 6.74444 6.39888 15.4129 27.7377 11.6423 10.7691 5.87059 5.25208 5.07148 4.33148 3.90973 10.9183 10.4717 3.81772 4.36063 3.50518 2.63568
threshold=4.5000000000000009 23.500000000000004 0.88621979951858532 0.67708334326744091 0.92084378004074108 1.0000000180025095e-35 0.86729559302330028 0.84409722685813915 0.87762087583541881 2.5000000000000004 0.97035562992095958 0.36931818723678594 3.5000000000000004 1.5000000000000002 1.0000000180025095e-35 0.81705284118652355 0.63333335518836986 0.41428571939468389 0.18333333730697635 0.84764185547828685 0.18898809701204303 6.5000000000000009 21.500000000000004 0.30952382087707525 0.18333333730697635 0.90070420503616344 2.5000000000000004 0.89377820491790783 6.5000000000000009 7.5000000000000009
decision_type=2 2 2 2 2 2 2 2 2 2 2 2 2 2 2 2 2 2 2 2 2 2 2 2 2 2 2 2 2 2
left_child=1 2 4 6 14 8 -4 21 28 11 -11 -8 -9 -10 15 17 -17 -1 20 -20 -16 -7 -2 24 29 -26 27 -3 -6 -5
right_child=22 26 3 23 5 7 9 12 13 10 -12 -13 -14 -15 18 16 -18 -19 19 -21 -22 -23 -24 -25 25 -27 -28 -29 -30 -31
leaf_value=-0.0054512945939006741 0.097342973697574497 -0.071067908816858691 0.16446525841192142 0.08049993779277044 0.071452248241454866 0.0041578790195087294 -0.0032486973265439248 -0.026465762715789595 -0.41742516261097834 0.016216302312585099 -0.25328905036222177 0.035885866264297295 -0.10019894812523429 -0.029978588444187073 0.10812260285569317 -0.0007764497378502217 -0.040788409811965617 0.0067957538227016506 -0.00019051247342026403 0.018414371332676271 0.032168074758379558 0.34061417577229741 -0.26840610845090357 0.066383239146141304 -0.95761989650693968 0.080948897788607616 0.059619813545304601 0.040839772180333522 0.31114904770326629 -0.18465137653568023
leaf_weight=1186.3246927962437 5.2385303669288978 14.918533059169937 2.5822998901421661 1.1760946137947055 7.3040997578718798 7.3179054041247573 782.71686439532277 11.902313153434077 0.31978515519585959 223.75162485501642 1.1832336235820538 45.278450737714593 24.25040446989442 2.8518781256643706 7.7191481695335851 282.92757752452962 182.35124832718066 854.66077580734873 625.38027426804547 131.34078116487217 23.762490912478825 0.29841160008800205 0.21576372091658402 27.390744534815894 0.15365537611069147 0.10431535466341302 2.1069977390507111 2.6198230127993147 0.41250088717788447 0.30142222275026131
leaf_count=965761 753 36313 181 1252 474 476 54445 967 46 15450 461 12605 1531 196 868 160633 24243 247208 127605 11183 3975 95 8 29357 12 35 595 490 50 208
internal_value=-0.00054298 -0.000645145 -0.000461341 0.0041987 -0.00197053 -0.039913 0.00268634 -0.0596951 0.039608 0.00228958 0.0147986 -0.00110865 -0.0759243 -0.0690432 -0.00134104 -0.00331826 -0.0164579 -0.000322854 0.00494597 0.00303866 0.0507918 0.0173404 0.0828745 0.0590054 -0.0574373 -0.537655 -0.0421279 -0.0543515 0.0842656 0.0264075
internal_weight=4458.86 4453.41 4433.76 1084.64 3349.12 54.6573 1055.51 43.769 10.8883 1052.93 224.935 827.995 36.1527 3.17166 3294.47 2506.26 465.279 2040.99 788.203 756.721 31.4816 7.61632 5.45429 29.1262 1.73549 0.257971 19.6454 17.5384 7.7166 1.47752
internal_count=1697476 1696715 1659317 114006 1545311 3835 83142 3069 766 82961 15911 67050 2498 242 1541476 1397845 184876 1212969 143631 138788 4843 571 761 30864 1507 47 37398 36803 524 1460
is_linear=0
shrinkage=0.08


Tree=130
num_leaves=31
num_cat=0
split_feature=8 10 6 3 4 3 4 0 9 9 6 1 10 4 4 4 1 7 16 8 6 11 0 3 8 1 6 3 4 4
split_gain=5.46732 8.625 7.68653 15.1618 8.56207 8.43165 17.5517 22.605 12.5038 10.097 7.96593 8.42972 7.3413 9.72782 8.31667 6.66314 16.5962 22.5063 15.419 18.7283 15.9646 11.6188 10.4814 20.8973 17.4507 37.3403 13.3155 14.6092 12.8025 11.0896
threshold=1.0000000180025095e-35 0.57738095521926891 0.81666666269302379 0.93895298242568981 0.97617697715759288 0.96609193086624157 0.96178188920021068 0.8216732144355775 0.71885213255882274 0.68535399436950695 0.30952382087707525 0.93788579106330883 0.08893280848860742 0.78456193208694469 0.87762087583541881 0.92718276381492626 0.98147514462471019 3.5000000000000004 1.0000000180025095e-35 2.5000000000000004 0.73214286565780651 3.5000000000000004 0.88621979951858532 0.90521115064620983 2.5000000000000004 0.91715687513351452 0.58571431040763866 0.92403846979141246 0.92084378004074108 0.86817279458045971
decision_type=2 2 2 2 2 2 2 2 2 2 2 2 2 2 2 2 2 2 2 2 2 2 2 2 2 2 2 2 2 2
left_child=1 2 3 10 -5 6 7 -4 12 -9 -1 -12 13 -7 -14 22 -17 18 20 -20 -18 -21 28 29 25 -25 -26 -28 -2 -24
right_child=15 -3 5 4 -6 8 -8 9 -10 -11 11 -13 14 -15 -16 16 17 -19 19 21 -22 -23 23 24 26 -27 27 -29 -30 -31
leaf_value=-0.025235452424377348 -0.0017294601220465557 0.03949577806489131 0.0091129394827409397 0.07234395044548203 -0.042390003161262409 -0.054583939840033471 0.016641903394029822 -0.08466065700055371 0.069022384064657522 -0.25171209383185444 0.018451999365711427 -0.059066542944475151 0.030783367297892553 0.0099395024600664843 -0.049327000055883294 -0.0015336391362799076 -0.07934956931170041 0.064310056438107319 -0.15116695954011447 -0.044619176002139278 0.051275964567136983 -0.36955977966552644 0.28630249480849979 0.029653109204398186 -0.042059367038282967 -0.086428811227886565 0.091169692417545106 0.016320996070110391 -0.073574439977006842 0.052180980994988878
leaf_weight=42.547269616379708 3058.5809181604081 45.69336469341215 21.039082263698219 35.958675902511459 4.7076741613855111 16.20145166668226 37.492193643076462 28.860687689913906 17.246546685928479 2.5176510840828987 148.44107629203063 9.5560224360888224 10.86881171033019 194.23603584655211 35.006634652731009 323.26845477862662 9.1558922564945551 12.885521663083635 13.266180460486792 71.946603123535169 17.306721832501353 0.71122126963746168 1.3262610565579951 34.632713634389802 20.762096279868274 36.348237185677135 19.330301221452828 122.1514821648816 15.956605777373623 54.638204859227699
leaf_count=26491 1486155 22809 1758 1563 489 367 1666 2676 5457 59 58157 1807 344 9776 1252 28823 572 1256 1451 5734 1674 756 116 2549 5937 9983 1245 9544 1074 6240
internal_value=-0.00079749 0.00598192 0.0034494 0.0145214 0.059062 -0.00389839 -0.0251521 -0.0550458 0.00308699 -0.0980641 0.00548953 0.0137635 -0.00134961 0.00497188 -0.0303473 -0.00195406 -0.011113 -0.035833 -0.0473147 -0.0637592 0.00608038 -0.0477999 -0.000732741 0.0138281 0.00329366 -0.0297906 0.0177679 0.0265474 -0.00210233 0.0577293
internal_weight=4462.64 650.373 604.68 241.211 40.6664 363.469 89.9096 52.4174 273.559 31.3783 200.544 157.997 256.313 210.437 45.8754 3812.27 448.541 125.272 112.387 85.924 26.4626 72.6578 3363.73 289.189 233.225 70.981 162.244 141.482 3074.54 55.9645
internal_count=1697780 134671 111862 88507 2052 23355 6159 4493 17196 2735 86455 59964 11739 10143 1596 1563109 40266 11443 10187 7941 2246 6490 1522843 35614 29258 12532 16726 10789 1487229 6356
is_linear=0
shrinkage=0.08


Tree=131
num_leaves=31
num_cat=0
split_feature=8 2 0 4 1 10 1 8 1 3 6 13 4 1 3 8 8 0 1 3 4 2 2 4 3 8 0 3 1 13
split_gain=8.39017 5.87769 8.17911 9.48432 12.4697 5.11514 5.44313 6.43828 4.86768 7.12003 24.8158 74.1377 4.7038 16.5763 42.1026 23.6874 15.0244 12.5408 21.9347 20.8333 11.481 11.8878 8.33634 25.8232 15.457 6.83382 4.5954 11.3596 4.37942 7.62032
threshold=17.500000000000004 0.37786844372749334 0.56691542267799389 0.55217784643173229 0.69504830241203319 0.24264705926179889 0.57321429252624523 8.5000000000000018 0.4901809841394425 0.39077411592006689 0.30952382087707525 1.0000000180025095e-35 0.51668518781661998 0.69183287024497997 0.40224719047546392 11.500000000000002 9.5000000000000018 0.52679425477981578 0.57804551720619213 0.63859337568283092 0.52027395367622387 0.96609193086624157 0.55403152108192455 0.58204832673072826 0.50820556282997142 13.500000000000002 0.57804551720619213 0.34094446897506719 0.89825496077537548 1.0000000180025095e-35
decision_type=2 2 2 2 2 2 2 2 2 2 2 2 2 2 2 2 2 2 2 2 2 2 2 2 2 2 2 2 2 2
left_child=1 2 5 4 26 -1 7 -7 9 10 -3 -12 13 17 15 -15 -16 19 -19 -10 21 25 24 -24 -22 -14 -4 -28 29 -5
right_child=-2 8 3 28 -6 6 -8 -9 12 -11 11 -13 20 14 16 -17 -18 18 -20 -21 22 -23 23 -25 -26 -27 27 -29 -30 -31
leaf_value=-0.040658796616470635 -0.026343153275491145 -0.080698663767122994 0.074668247352195904 -0.045949499000865729 0.94244742030949158 0.11024050335888028 -0.008623106763259402 -0.095886542495568924 -0.0520001484657188 -0.085504783181353863 -0.080575112562809054 8.4090548343378142 -0.086625578855192273 3.8625336961970032 0.14903051012131907 0.96324062969251745 0.016756308337755689 0.11231607681030868 -0.014720780774774789 0.031588926130797654 0.011671853893892732 -1.1114763885925241 0.036653880477183563 -0.00024875509515732584 -0.022806047653217223 0.049280448592405407 1.570384890410081 0.23629890341172041 0.13949202596104079 0.083161208431154807
leaf_weight=10.807907944623368 77.200022384441581 0.10823502995026402 0.70435935070418298 4.6610337104157207 0.16254344311164448 6.5763897864271739 10.523212015203169 1.1375432631430156 44.327135852205174 5.8590464376529781 0.02184416123873234 0.009423170222362387 13.47696787898713 0.020286737380959319 8.7675802464909811 0.16247372109501157 14.72716691624373 15.603310740913001 19.657391752341937 33.507593818356327 123.87086017450747 0.069469657959415509 125.53299176650034 3650.9119618405839 253.5789476995833 2.8726386194612124 0.04837958423740929 0.26240114437314332 3.2363328676001393 7.8582400415762095
leaf_count=38167 109991 838 222 1911 49 830 1019 562 115538 20823 136 17 10890 24 3746 148 19938 5328 16872 16814 44005 20 61960 1051303 173120 1780 9 141 290 1110
internal_value=-0.000200202 0.000262795 0.0287149 0.0729057 0.291896 0.00295163 0.0287965 0.0798438 -4.05097e-05 -0.0720559 0.49279 2.47798 5.97874e-05 0.0146582 0.0755261 1.28507 0.0661173 0.00191504 0.0414946 -0.0160153 -0.000418995 -0.067184 -0.000155094 0.000977927 -0.0114911 -0.0627468 0.187731 0.443978 0.0565368 0.0350922
internal_weight=4436.26 4359.06 45.9783 16.9333 1.17768 29.0451 18.2371 7.71393 4313.09 5.99855 0.139502 0.0312673 4307.09 136.773 23.6775 0.18276 23.4947 113.095 35.2607 77.8347 4170.31 16.4191 4153.89 3776.44 377.45 16.3496 1.01514 0.310781 15.7556 12.5193
internal_count=1697601 1587610 44310 3732 421 40578 2411 1392 1543300 21814 991 153 1521486 178408 23856 172 23684 154552 22200 132352 1343078 12690 1330388 1113263 217125 12670 372 150 3311 3021
is_linear=0
shrinkage=0.08


Tree=132
num_leaves=31
num_cat=0
split_feature=1 0 7 8 3 9 0 1 1 1 0 3 9 8 6 3 9 1 9 10 10 9 9 0 3 8 3 3 12 8
split_gain=7.98437 6.61802 6.19585 5.34536 4.93606 8.98656 11.0928 10.9447 10.8414 5.7572 21.0002 17.3196 8.50926 6.87706 12.827 12.2303 4.91594 4.32847 3.41889 8.72208 3.08131 4.97293 2.97648 2.97092 8.70459 2.6665 2.33403 16.9451 6.64138 2.20567
threshold=0.4901809841394425 0.51000401377677929 4.5000000000000009 23.500000000000004 0.47559523582458502 0.53365698456764232 0.59417229890823375 0.6705426573753358 0.64747309684753429 0.60120484232902538 0.54261502623558056 0.6351073980331422 0.65682536363601696 4.5000000000000009 0.21111111342906955 0.75513628125190746 0.29653523862361914 0.94392031431198131 0.65682536363601696 0.16228070110082629 0.87083333730697643 0.97035562992095958 0.66849818825721752 0.56294015049934398 0.59299960732460033 16.500000000000004 0.5174442231655122 0.51974025368690502 0.81666666269302379 2.5000000000000004
decision_type=2 2 2 2 2 2 2 2 2 2 2 2 2 2 2 2 2 2 2 2 2 2 2 2 2 2 2 2 2 2
left_child=1 26 3 4 5 16 8 -8 -7 10 11 -6 -12 15 -15 -11 17 -2 -4 -20 21 23 -21 -5 -25 -18 -1 28 -28 -3
right_child=2 29 18 20 9 6 7 -9 -10 13 12 -13 -14 14 -16 -17 25 -19 19 22 -22 -23 -24 24 -26 -27 27 -29 -30 -31
leaf_value=-0.10257943043930867 0.054124533400265074 0.32023116283344666 0.1277135800491879 -0.070264501291616877 -0.050250889248652106 -0.01534687787623632 0.10864157051075519 0.019869390517938658 0.053829799867169154 -0.010106324741273296 -0.0055603352494703285 0.033301337060470504 0.062226732527817658 0.0090348293617712617 -0.0089891793445509259 0.0039563090752644265 -0.08005462881971967 -0.060258469570255623 -0.7572469250491275 -0.21843577341813056 0.048029867015902852 -0.55627150470506226 0.08406101090299746 0.31860753796916941 -0.032817769953279737 0.033184227096124133 -0.080126035219211522 -0.045922228835570442 1.9243157317469659 0.034687479394051597
leaf_weight=8.4792745081067498 5.7678765532373308 0.32804460908300903 3.7310589993430758 12.531248864184827 39.405007109756298 46.931670347745239 16.593130415785708 19.143070989579428 20.981417687657085 490.76135805783997 15.326808293166321 26.59436810941952 52.269922811887227 314.28087603471931 1289.6115945534789 2045.6871321130893 10.524186564467525 3.345417812186497 0.094509105780161806 0.24874068467761379 2.1612168927313169 0.12486296793213014 1.2767273498102438 0.50252678354809077 4.4069551713701003 1.5235114109946142 0.014403154904358284 1.5723739199056579 0.039846635481808335 0.36662159231582336
leaf_count=28175 3286 50 103 33809 86241 9706 381 1613 1443 240234 28791 12120 1460 122057 579484 475284 57028 123 2 8 596 9 655 104 2316 7045 141 4371 5 566
internal_value=-0.00062175 -0.0693219 -0.000454022 -0.000558211 -0.000371871 0.0153102 0.0250097 0.0610883 0.00602492 -0.00082983 0.0155158 -0.0165836 0.0468568 -0.00135726 -0.0054574 0.00123542 -0.0321988 0.0121354 0.0855777 -0.0114678 -0.0421089 -0.0531993 0.0347363 -0.0495977 0.00315357 -0.0657348 -0.0857403 0.0020389 1.39214 0.169531
internal_weight=4434.63 10.8006 4423.83 4418.47 4398.75 124.81 103.649 35.7362 67.9131 4273.94 133.596 65.9994 67.5967 4140.34 1603.89 2536.45 21.161 9.11329 5.35104 1.61998 19.7268 17.5656 1.52547 17.4407 4.90948 12.0477 10.1059 1.62662 0.0542498 0.694666
internal_count=1697206 33308 1663898 1663130 1626296 80625 13143 1994 11149 1545671 128612 98361 30251 1417059 701541 715518 67482 3409 768 665 36834 36238 663 36229 2420 64073 32692 4517 146 616
is_linear=0
shrinkage=0.08


Tree=133
num_leaves=31
num_cat=0
split_feature=5 12 11 4 0 2 2 8 10 11 4 11 2 2 6 9 3 10 9 2 0 9 7 2 3 2 4 4 3 3
split_gain=6.22361 9.71987 10.2327 7.85905 13.1596 10.1427 11.2372 9.04954 8.94004 22.082 13.3013 12.8922 9.78556 7.47173 7.33652 34.6207 19.9889 11.9949 32.3638 10.5184 7.2963 6.98012 13.4616 6.77781 6.44986 7.96666 6.43063 6.15617 6.05201 5.63201
threshold=1.0000000180025095e-35 0.55000001192092907 1.5000000000000002 0.91331186890602123 0.88621979951858532 0.86706829071044933 0.91331186890602123 3.5000000000000004 0.36038962006568914 1.5000000000000002 0.97617697715759288 3.5000000000000004 0.60397014021873485 0.65771448612213146 0.73214286565780651 0.65682536363601696 0.81120249629020702 0.057189542800188072 0.34217563271522528 0.45867486298084265 0.9833287000656129 0.76239567995071422 3.5000000000000004 0.54261502623558056 0.88548010587692272 0.86240702867507946 0.9929577410221101 0.34549072384834295 0.93643954396247875 0.90595519542694103
decision_type=2 2 2 2 2 2 2 2 2 2 2 2 2 2 2 2 2 2 2 2 2 2 2 2 2 2 2 2 2 2
left_child=27 3 20 5 7 14 21 24 9 23 11 -10 -11 -9 15 19 -17 28 -19 -2 -3 -7 -23 -6 25 -5 -15 -1 -16 -29
right_child=1 2 -4 4 8 6 -8 13 10 12 -12 -13 -14 26 17 16 -18 18 -20 -21 -22 22 -24 -25 -26 -27 -28 29 -30 -31
leaf_value=-0.087163977737135787 -0.033291252369822229 0.0091291864807019167 0.074050801067007968 0.020379880298536008 -0.071837243419900151 0.04642277804447037 -0.31569486558659782 0.052376647334532879 0.021964125847134201 -0.43880196803838289 0.07685909359154558 -0.16142493464517763 -0.06598985941194474 -0.079320040328387298 0.014677647199310126 0.026869798872185244 -0.068105836427146835 0.49020988804317733 0.019135219615305146 0.040292465879345984 -0.17165662046802052 0.0016470167994094005 -0.35277236720396099 0.0026936087341873356 0.075336994665378479 -0.10533525122336372 0.10425260355814717 0.00022298334446826232 -0.012213422010885435 -0.0080367225323378349
leaf_weight=5.4083791165930952 13.436646063651095 9.0394332481737329 24.789658970556047 8.9853713505290234 7.9227312930161125 72.855337327098823 0.58038968002074298 3.3474173768336177 9.5171783875994134 0.45833350304747256 22.404427927584038 3.3054274879395953 26.685177489096532 33.892205138588906 65.698165788984625 21.943875242868671 40.096257195458747 0.94164683885173772 106.37826900325308 166.40320193396838 1.6969581931771252 10.028240719781021 0.73622415971476662 544.17169610105339 5.8351159432640989 5.0332896654581409 1.2669405555352558 2230.5677015852962 289.97675307294048 692.32852875952631
leaf_count=24927 40570 1126 44509 542 465 3182 14 263 1571 45 9727 1003 1404 1792 3864 1607 1744 15 5317 69400 363 1250 50 24664 406 268 127 1294696 21467 141619
internal_value=0.000254049 0.00444926 0.0457952 0.0034445 -0.0029077 0.00886087 0.0351035 -0.0392113 0.000540327 -0.00183937 0.0396696 -0.0253101 -0.072285 -0.0618316 0.00572609 0.017018 -0.0345125 -0.000173086 0.0232685 0.0347947 -0.0194452 0.0375383 -0.0225931 0.00162407 0.00466098 -0.0247571 -0.0727051 -0.00189123 -0.00724626 -0.00173344
internal_weight=4425.73 1497.43 35.5261 1461.9 672.825 789.075 84.2002 58.3603 614.465 579.238 35.227 12.8226 27.1435 38.5066 704.875 241.88 62.0401 462.995 107.32 179.84 10.7364 83.6198 10.7645 552.094 19.8538 14.0187 35.1591 2928.3 355.675 2922.9
internal_count=1697997 236755 45998 190757 42277 148480 4496 3398 38879 26578 12301 2574 1449 2182 143984 113321 3351 30663 5332 109970 1489 4482 1300 25129 1216 810 1919 1461242 25331 1436315
is_linear=0
shrinkage=0.08


Tree=134
num_leaves=31
num_cat=0
split_feature=15 4 10 10 9 4 4 16 6 9 4 4 10 3 3 6 6 9 6 2 12 9 9 11 11 9 8 9 12 10
split_gain=8.20176 10.4878 16.0877 9.69086 14.4081 19.4057 17.6462 12.7172 21.0729 12.2968 20.8434 18.9359 16.5502 34.8436 11.7771 10.7244 24.6636 10.4305 10.2383 9.98139 9.90373 9.09587 29.812 9.79258 9.0282 16.9109 18.9965 12.0919 8.95602 8.67228
threshold=1.0000000180025095e-35 0.96178188920021068 0.17914438992738727 0.057189542800188072 0.22545801103115085 0.93813776969909679 0.86526826024055492 1.0000000180025095e-35 0.91666665673255932 0.65682536363601696 0.59870129823684703 0.65261757373809826 0.060661764815449722 0.99425286054611217 0.7320508360862733 0.46428571641445165 0.77500000596046459 0.92762354016304027 0.91666665673255932 0.92403846979141246 0.81666666269302379 1.0000000180025095e-35 0.44280262291431433 1.5000000000000002 1.5000000000000002 0.51911646127700817 1.0000000180025095e-35 0.55747640132904064 0.30952382087707525 0.87867647409439098
decision_type=2 2 2 2 2 2 2 2 2 2 2 2 2 2 2 2 2 2 2 2 2 2 2 2 2 2 2 2 2 2
left_child=1 3 24 4 5 20 -6 8 -8 10 15 14 13 -12 29 19 -17 28 -14 -5 -1 -2 23 -23 -3 -26 27 -27 -13 -11
right_child=21 2 -4 9 6 -7 7 -9 -10 11 12 17 18 -15 -16 16 -18 -19 -20 -21 -22 22 -24 -25 25 26 -28 -29 -30 -31
leaf_value=0.0025726131519927704 0.0021649883108589107 0.012482675701919592 0.070340460523019274 -0.040392980869203905 -0.047614046529504107 -0.045951271520819223 -0.0055095043971144352 -0.045319630068158347 0.1520756620307426 0.0095939919698388113 0.32552568544160138 -0.0056417158327002172 0.034280411526383163 3.5773195605298547 0.042799157694310822 0.083780262451312051 -0.081840261955130028 0.026563189395298257 0.0038676375682701086 0.8049644674250791 0.48371144776249775 -0.070767134050192401 -0.005299700375337787 0.064989578004509344 0.078810421996128283 -0.26133101786458501 0.085534826500218542 -0.87242715960754158 -0.030718387180391139 -0.075433721831931685
leaf_weight=758.68717835104712 960.09149420075846 232.57142057087913 33.250625537955784 55.183601513105941 93.717073226312095 56.253237990065827 14.448381149410125 12.931547566542575 8.7017738227150403 203.56219933502146 0.58933067623365687 272.61224693362601 237.83136693788583 0.021871705335797742 77.743752252394614 15.981194016286281 8.9925153887234046 44.968103783343395 100.89750644018932 0.089535307837649181 0.2739016704090308 57.578334530113352 1045.6127364106833 3.6140388368921768 1.1482505992171348 0.41086299391463377 0.43038234778214246 0.4181290780834388 136.93479405580001 7.9778887002903494
leaf_count=89760 71096 10576 17921 216577 374033 381 25869 13655 1866 8935 2274 6915 121636 10 4728 15348 965 13952 2567 2 50 415067 257360 9122 20 4 36 39 17031 352
internal_value=0.000152404 0.00335763 0.0182572 0.00146211 -0.00455569 -0.000614084 -0.0293114 0.0182273 0.0537242 0.00635034 0.017301 0.000172921 0.0259718 0.44189 0.0161728 -0.0193652 0.0241437 -0.0100105 0.0252213 -0.0390236 0.00274625 -0.00353314 -0.00847594 -0.0627493 0.0108872 -0.143233 -0.345684 -0.569557 -0.0140263 0.00638731
internal_weight=4443.53 2376.63 268.23 2108.4 945.013 815.214 129.799 36.0817 23.1502 1163.39 419.587 743.799 339.34 0.611202 289.284 80.2468 24.9737 454.515 338.729 55.2731 758.961 2066.9 1106.81 61.1924 234.979 2.40763 1.25937 0.828992 409.547 211.54
internal_count=1698147 945502 28596 916906 505614 90191 415423 41390 27735 411292 359379 51913 126487 2284 14015 232892 16313 37898 124203 216579 89810 752645 681549 424189 10675 99 79 43 23946 9287
is_linear=0
shrinkage=0.08


Tree=135
num_leaves=31
num_cat=0
split_feature=13 11 11 3 0 4 0 2 3 3 4 9 0 3 9 15 0 8 2 3 6 2 4 2 3 3 0 2 4 4
split_gain=4.80004 12.9024 12.2923 14.3677 16.0944 11.6808 10.9949 42.5725 10.1859 10.1321 9.47802 8.81366 12.2231 11.5173 23.7984 110.813 8.45065 20.6146 18.6671 14.2256 8.83543 8.43566 16.7437 14.7737 11.8273 8.42269 10.5734 8.08549 7.88949 8.38173
threshold=1.0000000180025095e-35 5.5000000000000009 6.5000000000000009 0.68156844377517711 0.75134408473968517 0.86729559302330028 0.86391696333885204 0.86240702867507946 0.65648320317268383 0.74862638115882885 0.4901809841394425 0.41982129216194158 0.61348485946655285 0.4246212244033814 0.34623710811138159 1.0000000180025095e-35 0.6911335587501527 5.5000000000000009 0.6820855736732484 0.71834936738014232 0.58571431040763866 0.69459062814712536 0.83910790085792553 0.5025252401828767 0.70064935088157665 0.90366768836975109 0.69360545277595531 0.92970103025436412 0.77849927544593822 0.77232852578163158
decision_type=2 2 2 2 2 2 2 2 2 2 2 2 2 2 2 2 2 2 2 2 2 2 2 2 2 2 2 2 2 2
left_child=2 11 3 4 -1 6 10 -8 28 -4 -3 12 -2 14 15 -14 17 18 19 -5 -20 22 23 -18 -23 26 -15 -13 29 -6
right_child=1 5 9 16 8 -7 7 -9 -10 -11 -12 27 13 25 -16 -17 21 -19 20 -21 -22 24 -24 -25 -26 -27 -28 -29 -30 -31
leaf_value=-0.030598715247168951 -0.087030715603450923 0.12085361587658307 0.092992896830290092 -0.0014526450358887618 0.089067326497743682 0.080398549789597193 -2.2424479113678117 -0.1019888029328291 -0.052845104153565491 0.016226430342799487 -0.022772577589804558 0.009764946626039793 -0.080180267935016772 -0.038533485255476604 0.2531238051767063 11.471784003550606 0.072779072473176928 -0.0063859408624516306 -0.0074981340132977041 0.079178829860177408 0.037126877690769992 0.11084564182707522 0.015229391132489077 -0.04091228526362601 -0.0013804759090895345 -0.039742985201231998 0.082352890043303054 0.060373632561223481 0.023757560083690347 0.41220438451105063
leaf_weight=207.00970155746563 13.868722639734754 3.0012615935411295 14.119831798539961 18.469262654476552 2.5910443810698776 7.6226417858779305 0.068853900185785188 0.43634128465782851 11.013655023707541 49.858837219333509 145.39255308683278 728.18327595100016 0.022847977859781987 7.7346986421052888 0.35899710154262721 0.0069253186084097243 7.7640801045054095 233.94252994026647 75.911473434174695 57.917220446708598 45.364841960908961 6.0245563444841528 64.615951293857506 126.46548069542223 2499.0785776535176 20.594365572273091 11.538655363978249 20.780510421071085 45.266837772214785 0.64078719360441017
leaf_count=339965 123543 293 533 12158 2665 10361 14 190 6187 4572 12560 127609 53 38569 149 34 7745 180550 19823 14965 1517 3141 13774 142561 580900 928 12145 25319 13690 942
internal_value=-0.000186313 0.00482087 -0.0015726 -0.00222593 -0.020058 -0.0161914 -0.0211362 -0.393716 0.0166071 0.0331685 -0.0198677 0.00891615 -0.0222596 5.46413e-05 0.433378 2.60683 -0.000710204 0.00968502 0.0287057 0.0596832 0.00919438 -0.00236949 -0.0182296 -0.0343362 -0.00111058 -0.00417091 0.0338393 0.0111691 0.0323791 0.153137
internal_weight=4425.67 959.611 3466.05 3402.08 266.522 156.522 148.899 0.505195 59.5123 63.9787 148.394 803.089 54.1252 40.2565 0.38877 0.0297733 3135.55 431.605 197.663 76.3865 121.276 2703.95 198.846 134.23 2505.1 39.8677 19.2734 748.964 48.4987 3.23183
internal_count=1697455 351767 1345688 1340583 363449 23418 13057 204 23484 5105 12853 328349 175421 51878 236 87 977134 229013 48463 27123 21340 748121 164080 150306 584041 51642 50714 152928 17297 3607
is_linear=0
shrinkage=0.08


Tree=136
num_leaves=31
num_cat=0
split_feature=15 2 9 6 4 10 9 12 9 9 2 3 3 9 2 10 9 6 2 10 4 4 2 9 13 12 10 1 3 1
split_gain=10.0785 17.4689 77.1621 280.298 25.306 27.1423 13.7788 10.6529 7.60752 28.956 9.38088 7.18155 7.61731 7.11523 6.87662 14.8239 130.838 6.29959 20.7084 13.425 6.28416 10.7007 7.39228 6.22099 9.70576 8.73279 13.8829 7.41845 8.1381 11.8188
threshold=1.0000000180025095e-35 0.44327485561370855 0.34498016536235815 0.10555555671453477 0.57307061553001415 0.07275132462382318 0.32019416987895971 0.41428571939468389 1.0000000180025095e-35 0.4361302256584168 0.92403846979141246 0.4246212244033814 0.56691542267799389 0.5827293097972871 0.44562648236751562 0.093073595315217986 0.78297102451324474 0.21111111342906955 0.62988328933715831 0.60769233107566845 0.9929577410221101 0.97617697715759288 0.71718621253967296 0.91184088587760936 1.5000000000000002 0.55000001192092907 0.69615384936332714 0.50333333015441906 0.48331478238105779 0.6291005313396455
decision_type=2 2 2 2 2 2 2 2 2 2 2 2 2 2 2 2 2 2 2 2 2 2 2 2 2 2 2 2 2 2
left_child=23 2 3 4 -2 7 -7 -6 10 -10 20 13 -13 -4 15 16 -11 18 -16 -19 21 -3 -22 27 -25 26 -26 -1 29 -29
right_child=1 8 11 -5 5 6 -8 -9 9 14 -12 12 -14 -15 17 -17 -18 19 -20 -21 22 -23 -24 24 25 -27 -28 28 -30 -31
leaf_value=-0.075752536713910787 -0.080010004069394944 0.0062756808582377904 -0.076340725167739348 -0.017563162967385575 -0.6372223506821999 -1.7694871226260696 -1.1857244760021124 -1.2806095632713881 -0.066235189030716429 -0.080046179452151464 -0.011392292951786101 -0.066205004561053368 0.0083092365122137152 0.032322874621648269 -0.012094802887207603 0.080293732096808526 11.891804288137857 -0.016167254937273497 0.026327097752506898 0.011842570529575287 -0.013540977161657353 -0.16209666345249379 0.072135757910357853 0.03070206352418171 0.0018341617060787935 -0.02240872089468212 -0.5855065452021766 -0.022810678113149629 0.0024800313485136751 0.057903572083131717
leaf_weight=7.6339290386708845 0.1431699391177953 703.85975510149001 4.5311293200429672 6.6085305498963862 0.55122890506936517 0.47573829812426971 0.56740745112256263 0.23488459855070687 50.377177779814701 0.046492682318784229 227.46830710396171 21.984279898689238 14.618604579328801 25.904927246412626 218.06344296716361 4.2451592913139393 0.0066820653155446044 461.48111958836762 152.60716831074024 143.59037758979321 9.6528441011905688 2.4240514636039725 19.395217705518007 101.10335959507938 0.57057655544485608 13.029687836198718 0.46949323918670416 16.614972880754067 2190.5323808121757 38.547216728336934
leaf_count=25032 2440 68086 17202 6286 82 135 126 76 369871 561 1503 31671 18898 2982 41225 1679 1 141691 12854 35296 59 12 123 21570 31 4859 21 31816 847908 13781
internal_value=0.00034025 -0.00373919 -0.0414806 -0.267356 -1.10428 -1.18444 -1.45196 -0.829461 -0.00230733 -0.00708477 0.00280563 -0.0125686 -0.0364452 0.0161457 -0.00404426 0.0969213 1.42437 -0.00448903 0.00372371 -0.0095202 0.00719763 0.00569781 0.0436649 0.00390356 0.0220386 -0.0402156 -0.263295 0.00297663 0.00324426 0.0335923
internal_weight=4437.34 2068.84 75.6199 8.58096 1.97243 1.82926 1.04315 0.786114 1993.22 1030.42 962.8 67.0389 36.6029 30.4361 980.04 4.29833 0.0531747 975.742 370.671 605.071 735.332 706.284 29.0481 2368.5 115.173 14.0698 1.04007 2253.33 2245.69 55.1622
internal_count=1697877 752859 79898 9145 2859 419 261 158 672961 603178 69783 70753 50569 20184 233307 2241 562 231066 54079 176987 68280 68098 182 945018 26481 4911 52 918537 893505 45597
is_linear=0
shrinkage=0.08


Tree=137
num_leaves=31
num_cat=0
split_feature=2 9 6 9 15 1 0 0 0 6 0 1 2 2 1 12 12 1 0 9 2 2 2 10 2 1 0 6 8 0
split_gain=5.36604 29.3992 25.4181 49.2883 17.8096 11.9122 13.4299 10.1309 9.55503 8.58884 8.19217 13.7467 11.3657 9.08218 9.83938 7.84017 16.6683 27.2754 128.249 17.2115 11.0918 8.30768 7.70933 7.31694 7.25124 7.20986 20.0927 16.5653 27.8918 21.4115
threshold=0.45867486298084265 0.57787972688674938 0.30952382087707525 0.34498016536235815 1.0000000180025095e-35 0.60736888647079479 0.54261502623558056 0.85349595546722423 0.65806129574775707 0.30952382087707525 0.49089705944061285 0.63702240586280834 0.96609193086624157 0.59896907210350048 0.79772728681564342 0.30952382087707525 0.36666667461395269 0.60495716333389293 0.61143791675567638 0.76239567995071422 0.5025252401828767 0.50820556282997142 0.5025252401828767 0.55902779102325451 0.3536857813596726 0.71516755223274242 0.60640108585357677 0.21111111342906955 4.5000000000000009 0.68108487129211437
decision_type=2 2 2 2 2 2 2 2 2 2 2 2 2 2 2 2 2 2 2 2 2 2 2 2 2 2 2 2 2 2
left_child=1 2 3 4 -1 6 9 24 -3 -2 11 12 -7 14 -12 -8 17 19 -19 -17 23 -22 -16 -18 -4 27 -27 29 -29 -15
right_child=5 8 7 -5 -6 10 15 -9 -10 -11 13 -13 -14 25 22 16 20 18 -20 -21 21 -23 -24 -25 -26 26 -28 28 -30 -31
leaf_value=-0.050930258357005168 -0.032876655149144354 -0.0015606821960207566 0.040763451322669474 -0.054104244322119632 -0.37350769896768837 -0.061658631698960915 -0.010799239614256589 0.17126793408959887 0.064818576187325214 0.025014453230563897 -0.019563874941431449 0.071192690854108814 -1.1099821904538092 0.0098123578404469992 0.039920109037390336 0.0013713836344855256 -0.057525617329427771 0.76824814557108201 12.510828513899101 0.32785737533527448 0.23294029245226064 0.056334248417117955 -0.0041061085984586652 0.063787319951643925 -0.050635621689833946 0.053387306478371262 -0.0012729537387719723 0.018581983258725308 -0.05820590117277491 0.083488402628795561
leaf_weight=1.3759873094491037 33.575634827469003 128.17362472558852 7.68686191290272 17.951627028158327 5.3713340218332633 4.9599939700202098 13.96662552087764 1.786349495712783 15.563902437421346 32.066176415119116 312.95738154155151 21.662903997121191 0.067084224720019736 68.069614098685634 32.296757100680225 1.9237171217373532 9.5770698217766022 0.09426950808847312 0.0063537959467794272 2.2329035336151719 1.7668259686251975 48.48248685710314 120.16228978867639 4.7651849444955579 20.033741042195288 43.612224881579095 3281.5817083382144 101.90913615118734 43.068428310813033 40.126790020112821
leaf_count=10207 62867 20078 24931 104257 5672 8676 18571 154 1340 27563 223897 28693 9 18110 13421 2910 3546 302 20 46 309 7680 69383 58 62878 14136 886026 34297 43656 3559
internal_value=-0.000433096 -0.0133064 -0.0635117 -0.123389 -0.307724 0.000170893 0.0224299 -0.0133912 0.00562687 -0.00459671 -0.000640932 0.0435351 -0.0756481 -0.000932505 -0.0114452 0.0438519 0.0549384 0.208263 1.50973 0.176757 0.0448328 0.0625439 0.00522036 -0.0172196 -0.0252909 0.000434813 -0.000556047 0.0134488 -0.00422936 0.0371366
internal_weight=4416.87 197.943 54.2059 24.6989 6.74732 4218.93 148.457 29.507 143.738 65.6418 4070.47 26.69 5.02708 4043.78 465.416 82.8154 68.8488 4.25724 0.100623 4.15662 64.5916 50.2493 152.459 14.3423 27.7206 3578.37 3325.19 253.174 144.978 108.196
internal_count=1697252 229517 208099 120136 15879 1467735 123872 87963 21418 90430 1343863 37378 8685 1306485 306701 33442 14871 3278 322 2956 11593 7989 82804 3604 87809 999784 900162 99622 77953 21669
is_linear=0
shrinkage=0.08


Tree=138
num_leaves=31
num_cat=0
split_feature=2 9 1 3 9 13 0 1 0 10 1 0 17 3 0 1 4 4 3 2 9 2 3 6 9 3 1 1 9 2
split_gain=7.93598 18.9076 48.5588 16.1025 14.45 20.072 32.0487 72.2494 9.32611 10.617 8.55139 19.2259 14.1823 13.9785 21.1126 18.2615 14.8915 13.061 12.3601 12.6115 11.9751 10.4305 30.5613 23.12 9.59574 9.4712 8.59329 8.54407 8.07836 7.86956
threshold=0.60397014021873485 0.51358735561370861 0.76417112350463878 0.64549729228019725 0.42438536882400518 1.0000000180025095e-35 0.61143791675567638 0.61633428931236278 0.59896907210350048 0.12132352963089944 0.57321429252624523 0.50878274440765392 1.0000000180025095e-35 0.4901809841394425 0.56980520486831676 0.65599384903907787 0.60922586917877208 0.52704679965972911 0.69614070653915416 0.52419984340667736 0.86217218637466442 0.52679425477981578 0.60120484232902538 0.15476191043853763 0.71885213255882274 0.5174442231655122 0.56966492533683788 0.75905716419219982 0.25824573636054998 0.49205549061298376
decision_type=2 2 2 2 2 2 2 2 2 2 2 2 2 2 2 2 2 2 2 2 2 2 2 2 2 2 2 2 2 2
left_child=1 2 4 8 5 -1 -7 -8 -2 -10 11 25 18 14 15 -14 -16 -13 19 24 -21 23 -23 -15 -12 26 -3 -20 -4 -19
right_child=3 10 28 -5 -6 6 7 -9 9 -11 12 17 13 21 16 -17 -18 29 27 20 -22 22 -24 -25 -26 -27 -28 -29 -30 -31
leaf_value=-0.056734152419987874 -0.035238484326104068 -0.079280200772297513 0.0092230372568956921 0.00048176060236241057 -0.043390044951964468 -0.085767311523718248 -0.76403696277767608 -0.17844526864246704 -0.014658929441433408 0.055397491559173895 -0.018693309869546152 0.09093266290866199 -0.076352636725245754 -0.057446794649622587 0.087203883372514404 0.039593545561771859 0.0009697924819404277 -0.078457008459797292 0.1102536042250737 -0.0046741090447777363 -0.11016294744097462 0.019150722613900439 -0.041542933550088972 0.0067962407935506629 0.057454132933203485 0.04086145732894534 0.081790691336077276 0.031716595678083638 -0.042246225402068162 0.041235131535570846
leaf_weight=14.709278804021549 11.34328731119558 16.570499922624556 92.645866799249234 3499.2629752903745 22.821376497550773 9.9528657245311951 1.6980912991166386 6.5482154850451479 17.176982426000905 71.366333136360481 17.094595019718327 28.005502708485437 21.3881990073005 96.113078249190949 29.978385711983719 14.647474157307441 22.387169782195997 5.4116284847441412 12.500611279707298 22.485477882226405 9.9282285686640517 126.85396501404466 91.319301005876696 57.182530721413059 27.840078011577134 9.0237637894388154 2.4308229690759608 30.48539262711347 24.725383108117057 10.034161250783653
leaf_count=114049 10521 19996 17242 960034 166713 112968 508 20990 21134 7644 12797 2833 3463 6305 980 1556 1420 993 1548 6964 725 11047 14232 18076 2281 7842 968 4853 145820 1272
internal_value=-0.000236189 -0.00731428 -0.0308164 0.00138583 -0.0923073 -0.126231 -0.1824 -0.299031 0.0330575 0.0418069 -0.0010716 0.025038 -0.00428808 -0.0106862 0.0179052 -0.0292238 0.0503373 0.0583595 0.0201628 0.00104916 -0.036985 -0.0174903 -0.00625341 -0.0334828 0.0284852 -0.0266251 -0.0586745 0.0545557 -0.00161946 -0.000700529
internal_weight=4423.93 824.782 173.101 3599.15 55.7298 32.9085 18.1992 8.24631 99.8866 88.5433 651.681 71.4764 580.204 459.87 88.4012 36.0357 52.3656 43.4513 120.334 77.3484 32.4137 371.469 218.173 153.296 44.9347 28.0251 19.0013 42.986 117.371 15.4458
internal_count=1697774 698441 578290 999333 415228 248515 134466 21498 39299 28778 120151 33904 86247 57079 7419 5019 2400 5098 29168 22767 7689 49660 25279 24381 15078 28806 20964 6401 163062 2265
is_linear=0
shrinkage=0.08


Tree=139
num_leaves=31
num_cat=0
split_feature=6 16 1 10 1 1 0 1 3 0 3 1 0 3 0 1 3 6 6 3 0 1 0 3 1 0 3 3 10 3
split_gain=7.44513 30.1076 40.2182 35.0411 46.5495 69.5489 58.3086 44.9913 23.9586 18.0991 21.5963 27.6051 21.2051 23.6949 19.9218 16.6496 16.5708 21.8014 15.7187 14.9239 26.7941 37.3721 22.469 20.7566 31.9227 24.5697 16.496 14.4135 14.3672 13.7406
threshold=0.38750000298023229 1.0000000180025095e-35 0.72613638639450084 0.097619049251079573 0.61633428931236278 0.60495716333389293 0.61143791675567638 0.60736888647079479 0.4246212244033814 0.68870675563812267 0.83239698410034191 0.87762087583541881 0.77167919278144848 0.87895438075065624 0.82807883620262157 0.80874970555305492 0.6820855736732484 1.0000000180025095e-35 0.41428571939468389 0.87226107716560375 0.78142958879470836 0.8143841326236726 0.82574188709259044 0.73123827576637279 0.77232852578163158 0.6911335587501527 0.93127068877220165 0.87585616111755382 0.42261904478073126 0.87226107716560375
decision_type=2 2 2 2 2 2 2 2 2 2 2 2 2 2 2 2 2 2 2 2 2 2 2 2 2 2 2 2 2 2
left_child=1 3 16 4 5 -1 -7 -8 -6 28 11 14 13 29 -11 -14 17 -3 -17 20 23 -22 -23 25 -25 -5 -21 -20 -2 -12
right_child=9 2 -4 19 8 6 7 -9 -10 10 12 -13 15 -15 -16 18 -18 -19 27 26 21 22 -24 24 -26 -27 -28 -29 -30 -31
leaf_value=-0.069916903624150761 0.00900122669954833 0.017021938301797861 0.038190960202572587 -0.0054647983728688633 -0.2264883313804435 -0.090475042330632541 -1.0901791651261861 -0.1999869706438219 -0.025969682855291373 -0.047726279815242814 0.040644719857777789 0.0068420677783055731 -0.046149297024060204 0.0070902338668681541 0.06515550420391962 0.17018964789078003 0.037211772848116151 -0.089065311488080876 -0.025006255097406341 -0.046844501950685714 0.08866499454715647 -0.040673815040717168 0.045586555678587132 0.0062972825738831237 -0.063613832285935132 0.037929743311337728 0.023695358879573108 0.0017022670778814187 0.042615509493363145 0.12932332503002217
leaf_weight=7.0331077308744607 374.93806448821942 18.813857102967177 197.57918462817815 497.81612503610245 3.8706671674885902 1.1356799678342215 1.2290211742965764 0.51588581767373387 258.51994358471347 167.681303944928 92.698520127092706 136.19638909696005 52.341101216141396 291.80251214478994 10.641001329295248 3.4535834237503868 17.118817492227208 36.352705809466443 141.90091334687531 88.59027369692194 49.676222842921561 41.189411664709041 36.408867434303829 80.401338477915033 87.06830145110689 100.33454457612424 27.899122048631398 1457.9860173950583 103.93619221526342 12.716824594455828
leaf_count=74385 132390 13585 138508 183589 3538 11828 316 1156 512502 98444 15964 22695 22104 45721 2414 1345 12399 106249 35045 12822 3122 4758 3167 22957 20715 13165 3152 168318 9234 2005
internal_value=-0.000317479 -0.00477571 0.0195107 -0.00988931 -0.0353569 -0.205525 -0.536618 -0.826992 -0.0289276 0.00211276 -0.000756374 -0.0202774 0.00223438 0.0188341 -0.0409903 -0.00174808 -0.0315485 -0.0528856 -0.000298605 -0.00301883 0.000494713 0.0344843 -0.000200722 -0.00515561 -0.0300499 0.00181426 -0.0299503 -0.000666628 0.016297 0.0513425
internal_weight=4397.85 1551.55 269.865 1281.69 272.304 9.91369 2.88059 1.74491 262.391 2846.29 2367.42 314.519 2052.9 397.218 178.322 1655.68 72.2854 55.1666 1603.34 1009.38 892.895 127.275 77.5983 765.62 167.47 598.151 116.489 1599.89 478.874 105.415
internal_count=1697592 1141913 270741 871172 603725 87685 13300 1472 516040 555679 414055 123553 290502 63690 100858 226812 132233 119834 204708 267447 251473 11047 7925 240426 43672 196754 15974 203363 141624 17969
is_linear=0
shrinkage=0.08


Tree=140
num_leaves=31
num_cat=0
split_feature=13 10 0 0 1 1 3 10 1 12 1 9 0 13 0 1 0 6 1 8 2 10 9 10 0 0 8 9 2 3
split_gain=8.28344 11.7805 7.84406 11.0527 8.5304 7.19612 7.19248 7.61399 6.97105 17.6028 6.71081 54.2877 15.2034 26.2473 15.0879 69.186 14.4427 18.4892 14.7388 13.2938 12.3059 11.6413 9.29704 8.69799 8.53513 7.93354 22.9358 8.84289 20.7258 17.7335
threshold=1.5000000000000002 0.40588235855102545 0.54923510551452648 0.4817046076059342 0.62115561962127697 0.84889996051788341 0.52479505538940441 0.85164836049079906 0.84475743770599376 0.70833334326744091 0.64241620898246776 0.42674797773361212 0.61143791675567638 1.0000000180025095e-35 0.65240275859832775 0.60736888647079479 0.56294015049934398 0.21111111342906955 0.61167800426483165 10.500000000000002 0.74601566791534435 0.37980769574642187 0.98367321491241466 0.22474747896194461 0.68457102775573742 0.54923510551452648 4.5000000000000009 0.68535399436950695 0.93788579106330883 0.4246212244033814
decision_type=2 2 2 2 2 2 2 2 2 2 2 2 2 2 2 2 2 2 2 2 2 2 2 2 2 2 2 2 2 2
left_child=10 -2 3 -3 -4 8 -5 -8 -6 -10 11 12 -1 -14 20 -16 18 19 21 24 -15 -13 25 -21 -18 26 -12 29 -29 -27
right_child=1 2 4 6 5 -7 7 -9 9 -11 22 16 13 14 15 -17 17 -19 -20 23 -22 -23 -24 -25 -26 27 -28 28 -30 -31
leaf_value=-0.075922769060450007 0.062957479520623874 0.09990406836699417 0.080161996256804036 -0.13441212916840095 -0.0096926805778149144 0.071058427647615524 0.074382455646430326 -0.13796575854093018 -1.0701004948421231 0.080486948618253756 0.094296805409077727 -0.030782235409067233 -0.044509717037732648 -0.26435203895560833 -1.9221255983396761 -0.1890093097186222 0.016085824822550596 -0.036521107363311961 -0.062643235496164656 0.24333913377164837 -1.5207621804762792 0.018248043917459395 0.04155670730643661 0.076236583793354046 0.16240717582981226 -0.086795030280430216 0.003432948535014278 -0.0097912518242335919 0.040536486834541502 0.0019298950462266157
leaf_weight=9.3882767749096292 31.511502308359923 2.5955826551653436 11.131383568019372 6.9165791831474035 36.060838185439934 7.896524877036426 2.8765566435758956 1.7309732413559684 0.13866622388013539 0.22028798219980672 21.773168484860662 61.784612314983406 3.2930252850142079 4.6329250273629441 0.20356602819902025 0.53443215392690036 79.845544407056877 32.144668684212775 38.877254591419842 2.3603727859899655 0.050435097458830458 62.185307447944069 34.308903696786729 12.828834894142345 2.6355952944431911 14.492898252382927 96.922859808863222 996.60308893126057 55.273706483923888 2761.607094490389
leaf_count=138016 2408 180 292 118 3187 10628 104 105 9 103 8574 121488 8111 2103 74 237 10052 15906 27181 1089 14 2300 16859 349 126 2631 147904 57451 28525 1091848
internal_value=-0.000258797 0.0223777 0.0039966 -0.0492371 0.0175525 0.00182623 -0.0828283 -0.00539328 -0.0131847 -0.363992 -0.000791932 -0.0121144 -0.146557 -0.222653 -0.330861 -0.667064 -0.00379839 0.0161065 -0.0196657 0.0334269 -0.277882 -0.00618786 9.19238e-05 0.102204 0.0207614 -0.000268535 0.0201007 -0.000900133 -0.00714664 0.0014667
internal_weight=4392.83 101.079 69.5674 14.1197 55.4477 44.3163 11.5241 4.60753 36.4198 0.358954 4291.75 310.765 18.1027 8.71438 5.42136 0.737998 292.662 129.815 162.847 97.6703 4.68336 123.97 3980.98 15.1892 82.4811 3946.67 118.696 3827.98 1051.88 2776.1
internal_count=1697972 17134 14726 507 14219 13927 327 209 3299 112 1680838 327046 148555 10539 2428 311 178491 27522 150969 11616 2117 123788 1353792 1438 10178 1336933 156478 1180455 85976 1094479
is_linear=0
shrinkage=0.08


Tree=141
num_leaves=31
num_cat=0
split_feature=15 2 6 1 2 0 3 3 9 9 16 9 16 6 6 8 8 4 1 0 8 2 8 6 0 1 4 3 1 4
split_gain=6.84108 8.02414 12.9435 22.167 17.3825 16.0127 24.8742 11.661 9.48315 26.5909 16.5178 29.8051 13.3702 13.3369 10.9489 35.7656 10.3466 9.55829 9.23283 8.95106 8.25784 7.68244 7.41419 13.7721 22.2384 12.773 10.5954 21.6285 18.6062 9.26843
threshold=1.0000000180025095e-35 0.680425524711609 0.21111111342906955 0.80673459172248851 0.82207003235816967 0.67942845821380626 0.85313725471496593 0.71010184288024913 1.0000000180025095e-35 0.5246713161468507 1.0000000180025095e-35 0.74106001853942882 1.0000000180025095e-35 0.58571431040763866 0.63333335518836986 9.5000000000000018 3.5000000000000004 0.80982521176338207 0.81302964687347423 0.79095324873924266 17.500000000000004 0.836786448955536 4.5000000000000009 0.26785714924335485 0.70299971103668224 0.80874970555305492 0.56294015049934398 0.76689496636390697 0.70064935088157665 0.97014260292053234
decision_type=2 2 2 2 2 2 2 2 2 2 2 2 2 2 2 2 2 2 2 2 2 2 2 2 2 2 2 2 2 2
left_child=22 -2 3 5 7 -3 20 18 12 -10 11 -11 16 -12 15 -14 19 -16 -5 -4 -7 -18 23 -1 25 26 28 -28 -25 -24
right_child=1 2 8 4 -6 6 -8 -9 9 10 13 -13 14 -15 17 -17 21 -19 -20 -21 -22 -23 29 24 -26 -27 27 -29 -30 -31
leaf_value=-0.011914793160243575 -0.011832919066970336 -0.051044934594889332 0.037654759076226264 0.92352653807688978 0.044280392138017197 0.075198296573785101 -0.14135232822084626 -0.077277307169649451 -0.0596968236812144 -0.066897054176690257 0.044390877239696362 -0.00023383074994860666 0.0081783402316131272 -0.0011799759804227981 0.0089311332603215499 0.24107424015257448 0.014060054182133346 -0.018003825073565339 0.090200198888090916 -0.0066149968516835368 0.51653720671561731 0.052725800210076959 -0.0036305519134511022 0.042390891730338262 0.0045170137566762523 0.089698280343379261 -0.019870172213751397 0.047898950497033105 0.2112861174221711 0.31368791119900491
leaf_weight=235.673997020152 622.29477718876342 8.6016848970466508 36.831763167123427 0.089349693214901715 15.826366817156666 60.454946792789997 3.5271201898249265 23.919926518487046 65.156331549932474 62.592140282511536 56.039912088352139 136.60008678724989 81.780783383728703 154.19014986254479 113.999847501982 4.44970341559383 70.683470535041124 323.86258415831253 1.7853272190077403 141.64184295630548 0.27255574256559967 61.502718342468143 940.07634108636285 36.31382954019773 990.86456940510107 23.59643112932099 59.009773745675375 61.605824720894816 4.7166889671170784 0.58947831667319306
leaf_count=126555 429275 1856 4574 66 1710 5724 195 4786 218113 9215 4982 19103 7174 22237 1307 749 12315 2004 392 5847 10 874 496467 15733 270937 3070 24868 6540 831 160
internal_value=-0.000872008 -0.00425494 -0.000942887 0.0248533 -0.0217226 0.051461 0.0651833 -0.062219 -0.0031983 -0.0122279 -0.00467354 -0.0211814 0.00193524 0.0109676 -0.0058598 0.0201963 0.0150857 -0.0109912 0.129918 0.00252099 0.0771791 0.0320502 0.00207039 0.00573642 0.00927345 0.0347157 0.0266896 0.0147437 0.0618063 -0.0034317
internal_weight=4398.55 2046.1 1423.81 114.477 41.621 72.8563 64.2546 25.7946 1309.33 474.579 409.422 199.192 834.753 210.23 524.093 86.2305 310.66 437.862 1.87468 178.474 60.7275 132.186 2352.45 1411.78 1176.11 185.243 161.646 120.616 41.0305 940.666
internal_count=1697669 752508 323233 14739 6954 7785 5929 5244 308494 273650 55537 28318 34844 27219 11234 7923 23610 3311 458 10421 5734 13189 945161 448534 321979 51042 47972 31408 16564 496627
is_linear=0
shrinkage=0.08


Tree=142
num_leaves=31
num_cat=0
split_feature=13 12 11 10 4 0 9 0 6 8 0 0 0 9 4 4 10 5 0 8 6 8 8 0 4 4 6 4 10 9
split_gain=5.18029 15.8932 13.0569 10.178 6.06194 6.16505 11.3261 13.4261 10.8976 5.82031 5.44185 5.10906 10.3445 7.36692 5.68301 9.39034 10.5327 5.05926 7.68139 12.7926 12.2455 7.27153 6.87365 9.76741 15.406 6.45283 5.78879 10.2435 7.57491 6.93399
threshold=1.5000000000000002 0.77500000596046459 3.5000000000000004 0.35504202544689184 0.57932874560356151 0.65419578552246105 0.83594325184822094 0.79095324873924266 0.63333335518836986 17.500000000000004 0.59417229890823375 0.52479505538940441 0.4817046076059342 0.97603827714920055 0.61311829090118419 0.62575301527977001 0.85164836049079906 1.0000000180025095e-35 0.94185259938240062 1.0000000180025095e-35 0.77500000596046459 2.5000000000000004 12.500000000000002 0.59207093715667736 0.55403152108192455 0.94201681017875682 0.18333333730697635 0.91734972596168529 0.26969698071479803 1.0000000180025095e-35
decision_type=2 2 2 2 2 2 2 2 2 2 2 2 2 2 2 2 2 2 2 2 2 2 2 2 2 2 2 2 2 2
left_child=9 3 -3 -2 10 8 7 -7 -6 17 -5 12 -4 -14 -13 16 -16 18 22 20 25 -21 -1 -24 -25 -20 27 28 -19 -29
right_child=1 2 11 4 5 6 -8 -9 -10 -11 -12 14 13 -15 15 -17 -18 26 19 21 -22 -23 23 24 -26 -27 -28 29 -30 -31
leaf_value=-0.0052107729485542185 0.022170657375817727 0.099067966786421394 0.096174838649195335 -0.043381105451329789 -0.12957339862159928 -0.13042430027534688 0.0061764626183703087 -0.70553970405352451 -0.5154441432115312 -0.024743759380822052 0.12978039820093315 0.053768087602256778 -0.052395223766123405 -0.28437295996106876 -0.025185891936605899 0.016091274148654654 -0.37751588599077296 0.11090966554574912 0.16851607787718367 -0.014861588516153681 -0.11649333063482456 0.071161440769456671 -0.013100177922506758 0.45698530618649885 0.033424278327693575 0.059648257437940215 0.0013450189597364827 0.14244191641906068 0.021958604667807472 -0.042602604144983951
leaf_weight=2578.0548843019833 14.480780122768918 17.090438325973082 2.0763530732074278 5.7560721259214942 4.1016664903145266 1.8505506262481506 5.3439900689700153 0.30221411301317846 0.52880260991514649 71.009353753647702 1.4551441892981527 24.299495737359393 2.8989838573907036 1.2556144991249309 1.4802864818484551 17.816229335534445 0.85764385695802037 11.544898225723957 4.0523851984180572 47.390092193156306 2.3102435460095867 7.251195570366689 42.254592613037403 0.55490371907035196 57.373228973506684 24.861277498188429 1414.1300831987355 1.4509624242782582 13.056374950272582 12.136323549348161
leaf_count=1285203 1150 3548 150 173 131 65 1456 138 40 109535 26 734 58 48 81 9284 66 625 349 3168 177 548 68241 219 36165 1661 168753 6 2835 3256
internal_value=-0.00160746 0.016247 0.0385986 -0.0285464 -0.0665237 -0.101063 -0.0562342 -0.211161 -0.17364 -0.00203053 -0.00843902 0.0182088 -0.0496333 -0.122504 0.027718 -0.00369009 -0.154434 -0.00164802 -0.00365672 0.0198964 0.060745 -0.00344587 -0.00441184 0.0161475 0.0374816 0.0749066 0.00217501 0.0329098 0.0637016 -0.022842
internal_weight=4389.03 101.594 67.775 33.8192 19.3384 12.1272 7.49675 2.15276 4.63047 4287.43 7.21122 50.6846 6.23095 4.1546 44.4537 20.1542 2.33793 4216.42 2764.1 85.8652 31.2239 54.6413 2678.24 100.183 57.9281 28.9137 1452.32 38.1886 24.6013 13.5873
internal_count=1697889 17148 13969 3179 2029 1830 1659 203 171 1680741 199 10421 256 106 10165 9431 147 1571206 1395731 5903 2187 3716 1389828 104625 36384 2010 175475 6722 3460 3262
is_linear=0
shrinkage=0.08


Tree=143
num_leaves=31
num_cat=0
split_feature=5 1 10 3 16 1 0 1 8 3 10 3 0 11 0 3 9 9 3 9 1 9 1 8 9 10 8 9 3 0
split_gain=5.3031 10.5357 13.0849 11.7381 10.861 7.76184 7.747 10.2323 18.9898 14.8696 25.2905 20.4832 7.59082 8.8553 7.06647 9.45441 6.68112 8.22911 6.55273 7.18786 10.6809 9.62527 9.55509 6.31343 5.86291 7.8557 5.78786 5.53969 43.1953 20.6538
threshold=1.0000000180025095e-35 0.96362435817718517 0.15587044507265094 0.84475743770599376 1.0000000180025095e-35 0.96190130710601818 0.94185259938240062 0.96190130710601818 6.5000000000000009 0.84660634398460399 0.15192308276891711 0.84273937344551098 0.84273937344551098 4.5000000000000009 0.93788579106330883 0.93582704663276683 0.65682536363601696 0.68535399436950695 0.98076212406158458 0.39513565599918371 0.97801932692527782 0.57200461626052868 0.94058823585510265 1.5000000000000002 0.59424430131912243 0.07275132462382318 12.500000000000002 0.49890829622745519 0.64326766133308422 0.67826876044273388
decision_type=2 2 2 2 2 2 2 2 2 2 2 2 2 2 2 2 2 2 2 2 2 2 2 2 2 2 2 2 2 2
left_child=6 2 4 -3 16 24 7 27 14 10 11 -10 13 -11 15 23 -2 -18 19 20 -8 22 -21 -9 25 -6 -14 28 29 -1
right_child=1 3 -4 -5 5 -7 18 8 9 12 -12 -13 26 -15 -16 -17 17 -19 -20 21 -22 -23 -24 -25 -26 -27 -28 -29 -30 -31
leaf_value=-0.10806543672924931 0.037199699484107653 -0.051155125049703043 0.045523738953636948 0.00082606609305732864 -0.0035389006654044548 0.067943782967289382 0.022463173080369887 -0.13995725309345308 0.56387719745365072 -0.018375410697707144 -0.016965296042553826 2.0001086524182798 0.10940665419267796 -0.83095424859630163 0.015901357919469131 -0.11367832923343502 -0.37392018455301435 -0.014367682175091665 -0.050289770799121454 0.0091012443192886577 -0.10729833133393488 0.028621728515129088 0.20027709054785439 -0.018445504574306684 0.078632810291376365 -0.081631609545726749 0.73257497540527194 0.00025679213862747115 -0.0032453542853971241 -0.0036128103497164734
leaf_weight=38.641663608198428 76.04040386637007 28.522983647859746 72.542213623950374 1100.6295469797187 197.01048128637012 9.8615313437039713 52.967565183025727 3.1844310268788858 0.37010592353908389 4.0321517837692227 0.50195809158321936 0.076726848674297798 3.1006204545847145 0.087699462426826247 7.2830186951578062 17.619411632102128 0.54655121162068043 1.5999821871519087 7.5615083711891193 2.4685548988345571 4.3967242276048628 15.124482687955604 5.193174209096469 19.458526471702498 5.2719331231492097 8.6041616916736512 0.098414076775952597 1698.1849120769307 976.61382303453411 17.649066548864653
leaf_count=326099 5203 6439 19484 187289 17236 876 1216 678 153 2046 26 7 768 12 395 4517 29 136 673 104 199 3949 327 3024 100 294 3 232670 851129 32424
internal_value=-0.00049704 0.0033578 0.0150446 -0.000487006 0.00764825 -0.00142695 -0.00250938 -0.00324615 -0.0371552 0.0747487 0.372728 0.810496 0.0361199 -0.0356728 -0.0566142 -0.0697314 0.0332706 -0.105917 0.0209005 0.0276166 0.0125175 0.0656287 0.138682 -0.0355345 -0.00467088 -0.00680677 0.128578 -0.00255318 -0.00717302 -0.075316
internal_weight=4375.24 1500.63 371.477 1129.15 298.935 220.748 2874.61 2786.9 55.8131 8.26768 0.948791 0.446833 7.31889 4.11985 47.5454 40.2624 78.1869 2.14653 87.712 80.1505 57.3643 22.7862 7.66173 22.643 210.887 205.615 3.19903 2731.09 1032.9 56.2907
internal_count=1697505 237086 43358 193728 23874 18506 1460419 1453951 11629 3015 186 160 2829 2058 8614 8219 5368 165 6468 5795 1415 4380 431 3702 17630 17530 771 1442322 1209652 358523
is_linear=0
shrinkage=0.08


Tree=144
num_leaves=31
num_cat=0
split_feature=2 9 1 10 3 4 4 3 7 3 2 10 3 8 3 8 1 9 11 4 8 2 9 2 7 1 7 9 2 12
split_gain=8.2026 15.6795 35.7826 17.706 10.7057 8.98267 15.1217 24.0851 15.7717 15.9743 12.8458 18.5232 16.256 8.75245 15.3065 31.6508 10.5305 7.98432 11.3331 8.78737 24.3856 8.3201 7.84422 10.0519 6.74435 6.48352 6.33622 9.23108 9.6432 7.08795
threshold=0.63686314225196849 0.49390153586864477 0.76417112350463878 0.21240601688623431 0.66333335638046276 0.77459675073623668 0.60660174489021312 0.61143791675567638 1.0000000180025095e-35 0.63686314225196849 0.53399342298507702 0.15587044507265094 0.51974025368690502 16.500000000000004 0.70064935088157665 5.5000000000000009 0.73286384344100963 0.25824573636054998 1.5000000000000002 0.56562754511833202 9.5000000000000018 0.57002803683280956 0.98367321491241466 0.6442561447620393 1.0000000180025095e-35 0.69504830241203319 1.0000000180025095e-35 0.34498016536235815 0.63453349471092235 0.36666667461395269
decision_type=2 2 2 2 2 2 2 2 2 2 2 2 2 2 2 2 2 2 2 2 2 2 2 2 2 2 2 2 2 2
left_child=1 2 3 26 -2 6 13 10 9 -9 12 -12 -8 14 16 -16 -3 19 -19 20 -4 -22 -6 24 -24 -10 27 28 -1 -29
right_child=4 5 17 -5 22 -7 7 8 25 -11 11 -13 -14 -15 15 -17 -18 18 -20 -21 21 -23 23 -25 -26 -27 -28 29 -30 -31
leaf_value=-0.17407562405810695 0.039751038821246421 -0.00092410140357505671 0.47726963065240297 0.073286368890934497 0.00082381447256053798 0.0315039866310068 0.01209691401554408 -0.013249719512355507 -0.067081293384606361 -0.095774793173050515 0.20306525817225513 0.024770652465233137 -0.077733206128931448 -0.030765120986965138 0.1093726818284077 -0.0099501057819334094 0.053623815075525577 -0.063181851944949921 0.098088820510386546 -0.005022142562595905 0.018206770813432267 0.28200660199648386 -0.65473083343194749 0.05640270063709428 0.080412479321935265 -0.0081238363650657439 -0.067956764830239061 -0.16132138103463992 -1.1188644503394443 -0.03687535413865272
leaf_weight=10.122381143637085 46.594823291928151 338.00204386209225 0.85118513519409944 4.4928093863281893 3303.9887443169155 50.201043261411542 41.793900111995754 22.666741912602447 14.061500564223023 44.449690565714263 4.0302489123459955 49.928493002407777 18.644360132482689 39.134888250598124 27.362195575384249 29.637192324838907 24.27720857237 24.907393422937279 3.1404374311514394 123.01786755386274 11.978104850109045 0.81738868213688043 0.21448365598917263 21.056346587793087 0.12725552530901041 79.029464352586729 30.332950366924479 4.4269972725689959 0.069615865671949773 8.6571500973927851
leaf_count=40444 19312 94124 43 6006 854412 6989 2509 926 3789 4106 1519 2797 1701 21679 1869 7929 4365 175444 3619 23544 1862 30 2 17419 73 12267 269940 38430 282 79961
internal_value=-0.000221345 -0.00656097 -0.0252859 -0.0792646 0.00167009 -0.00123401 -0.00347609 -0.0183221 -0.0383426 -0.0679042 0.00971578 0.0380877 -0.0156144 0.00541712 0.00879432 0.04733 0.00273129 -0.00624501 -0.0451248 0.00173434 0.0626406 0.0350586 0.0011365 0.0494174 -0.380981 -0.0170294 -0.0920494 -0.123446 -0.180529 -0.0789814
internal_weight=4378.01 1006.03 222.814 58.1019 3371.98 783.219 733.018 274.604 160.207 67.1164 114.397 53.9587 60.4383 458.414 419.279 56.9994 362.279 164.712 28.0478 136.665 13.6467 12.7955 3325.39 21.3981 0.341739 93.091 53.6091 23.2761 10.192 13.0841
internal_count=1697392 806174 639605 435063 891218 166569 159580 29614 21088 5032 8526 4316 4210 129966 108287 9798 98489 204542 179063 25479 1935 1892 871906 17494 75 16056 429057 159117 40726 118391
is_linear=0
shrinkage=0.08


Tree=145
num_leaves=31
num_cat=0
split_feature=8 6 2 9 1 6 1 0 1 4 1 1 0 1 8 4 0 8 4 4 4 0 0 6 10 4 0 0 1 6
split_gain=5.75136 17.0669 16.3739 17.2682 17.1455 15.4499 30.0695 24.5105 58.1057 30.8971 26.1969 32.9359 30.0627 15.0208 33.1139 22.4652 27.5527 27.2028 32.3044 21.8804 20.1919 20.1724 30.8109 23.6698 17.1115 14.9055 21.7316 14.0441 14.0727 13.8277
threshold=4.5000000000000009 0.26785714924335485 0.7897985875606538 0.44280262291431433 0.85145786404609691 0.21111111342906955 0.89039039611816417 0.64051282405853283 0.76506900787353527 0.76028168201446544 0.77581480145454418 0.60495716333389293 0.54641148447990429 0.89512962102890026 2.5000000000000004 0.86526826024055492 0.82413583993911754 3.5000000000000004 0.91331186890602123 0.91734972596168529 0.86319074034690868 0.86240702867507946 0.92403846979141246 0.63333335518836986 0.31009615957736975 0.61633428931236278 0.65648320317268383 0.71346470713615429 0.7454303801059724 0.13392857462167743
decision_type=2 2 2 2 2 2 2 2 2 2 2 2 2 2 2 2 2 2 2 2 2 2 2 2 2 2 2 2 2 2
left_child=1 2 3 -1 -4 7 27 10 25 -10 11 12 -2 14 21 16 20 19 -19 -17 -15 -3 23 -23 -21 29 -27 28 -7 -9
right_child=5 13 4 -5 -6 6 -8 8 9 -11 -12 -13 -14 15 -16 17 -18 18 -20 24 -22 22 -24 -25 -26 26 -28 -29 -30 -31
leaf_value=-0.081091260967845163 -0.042801198786728112 0.016164989952503601 0.066585185554158544 -0.014608741422094331 -0.013083325019182877 -0.035394502166250917 -0.0007398283454287082 0.14562562270368917 -0.07254017762592066 0.027332286813062861 0.059395590334456599 -0.041983652448250322 0.068629172769882507 0.0024108227952045571 -0.010772597053453837 -0.029971413621109774 -0.059079079794715668 0.062327014475096323 0.0021820070999003151 -0.0013684534792142464 0.5923070391873847 0.091982023783286043 -0.11418272913019749 -0.01729220097493556 0.047594246417692353 -0.051974800108815285 0.070344641051556772 -0.043387150053600304 0.0034556760506222572 0.8209573835071301
leaf_weight=26.838220804154844 24.783494061825877 567.92202822685022 31.525700168076582 365.87627054731729 38.282224110345851 108.15779287695682 893.83557035002468 10.165191045310163 39.565960673445943 39.733201444545557 31.149769717049367 135.72448357828466 41.346161460832036 81.179521211131942 290.90185826856487 168.65738177019739 90.064300635462132 95.84470433255774 141.57918801181222 591.40491993886826 0.37307620998762914 65.132732555630355 6.2120666705595786 15.755197955870242 49.505022301898862 10.362166582864118 90.318577710825139 182.16716297134099 133.11241051291017 0.19781776091986181
leaf_count=143511 56176 230383 4407 73407 8717 209899 224452 844 15551 6730 9438 92778 9373 25811 139309 39544 48332 10699 11922 28004 75 6948 480 1200 35904 3607 11117 170547 78307 236
internal_value=-0.00121981 0.00114321 -0.012806 -0.0191522 0.0228955 -0.00478623 -0.00905902 0.00850883 0.0298064 -0.0224986 -0.00888938 -0.019427 0.0268683 0.00412391 0.011688 -0.00174761 -0.0285766 0.00265006 0.0264617 -0.00433325 0.0051094 0.021663 0.0575119 0.0706978 0.00241351 0.0671588 0.0577554 -0.02662 -0.0139603 0.158517
internal_weight=4367.67 2627.05 462.522 392.714 69.8079 1740.62 1317.27 423.347 190.343 79.2992 233.004 201.854 66.1297 2164.53 945.924 1218.61 171.617 1046.99 237.424 809.567 81.5526 655.022 87.1 80.8879 640.91 111.044 100.681 423.437 241.27 10.363
internal_count=1697708 808653 230042 216918 13124 889055 683205 205850 38085 22281 167765 158327 65549 578611 378320 200291 74218 126073 22621 103452 25886 239011 8628 8148 63908 15804 14724 458753 288206 1080
is_linear=0
shrinkage=0.08


Tree=146
num_leaves=31
num_cat=0
split_feature=2 10 11 17 4 2 16 6 4 1 2 7 0 1 9 9 10 6 7 11 8 2 1 4 1 4 4 0 4 0
split_gain=4.09842 19.0178 17.6584 10.9561 7.4615 7.3814 12.5358 17.3831 12.8014 26.321 15.0195 12.0261 10.4043 14.7459 14.6474 26.0466 49.1494 10.4003 10.3637 19.9007 15.4264 9.87877 11.8394 10.5746 7.70137 7.47771 6.84338 10.1647 6.7883 9.46577
threshold=0.99425286054611217 0.30384616553783422 1.5000000000000002 1.0000000180025095e-35 0.78738203644752514 0.92403846979141246 1.0000000180025095e-35 0.73214286565780651 0.93813776969909679 0.89039039611816417 0.93419912457466137 2.5000000000000004 0.91715687513351452 0.92637759447097789 0.97035562992095958 0.97603827714920055 0.82085561752319347 0.63333335518836986 3.5000000000000004 1.5000000000000002 1.0000000180025095e-35 0.58885449171066295 0.95713412761688244 0.91734972596168529 0.85313725471496593 0.9929577410221101 0.79277813434600841 0.85145786404609691 0.75809821486473095 0.74443343281745922
decision_type=2 2 2 2 2 2 2 2 2 2 2 2 2 2 2 2 2 2 2 2 2 2 2 2 2 2 2 2 2 2
left_child=5 2 26 -4 -5 12 11 8 -8 -10 -11 -7 -1 14 17 16 -16 25 -9 -20 -21 -15 -23 -24 -19 -14 28 -28 29 -2
right_child=1 -3 3 4 -6 6 7 18 9 10 -12 -13 13 21 15 -17 -18 24 19 20 -22 22 23 -25 -26 -27 27 -29 -30 -31
leaf_value=8.5827425132965703e-06 -0.018260036184907884 0.076348555272663612 0.086831371864252688 0.045275206337598059 -0.12581670250887825 -0.00030471401886547877 0.054729865844452413 -0.05651794798704942 -0.30990211877922486 -0.27283388022703442 0.011247334340548854 0.12596056528236488 0.13938148328153729 -0.073580798812452677 -3.5215495193492421 0.08037762781452204 0.081971609206850926 -0.15933215077736798 0.058780296175503087 -0.98395837533898001 -0.14411023774104165 0.04739354933184723 -0.1022925446340949 0.0051590002652100722 0.045876455054072396 -0.058066035017044985 0.07538386522572818 0.0079904964258916151 -0.080288279530412038 0.1946797422255668
leaf_weight=3500.2444962144255 12.791741111199373 24.869156874752662 2.2525080576160699 1.8810091461782565 12.291088377707638 160.04204727160686 22.944830880245718 90.604552331726154 1.9536422576056818 1.2593991840185506 21.964296970982105 4.9778383524535448 14.27919580521848 8.5315750414447376 0.044417261728084578 0.17141887106117792 0.053282792447134852 1.3125923634870567 11.852093695139045 0.14981509367498747 2.1305921649400261 46.412852508015931 6.3850740198613485 71.505056137666543 10.809284317117998 1.3430257908257779 15.118984790780813 272.12516293367662 10.701676418160785 1.4918690506601695
leaf_count=1613263 276 26708 268 130 630 10897 2038 8359 117 77 2765 654 896 913 19 238 25 117 398 64 1155 4617 1148 6489 659 511 431 13151 312 24
internal_value=0.000640908 0.00889569 0.00379155 -0.0770596 -0.103108 -9.25126e-05 -0.0117861 -0.0282927 0.0115074 -0.0278824 -0.00415812 0.00350409 0.000922799 0.0208173 0.0735636 -0.513794 -1.55629 0.079261 -0.0465792 0.017139 -0.199285 0.0096937 0.0154093 -0.00364938 0.0236559 0.122407 0.00804467 0.0115377 -0.0321133 0.00398072
internal_weight=4332.49 353.523 328.654 16.4246 14.1721 3978.97 317.879 152.859 48.1222 25.1773 23.2237 165.02 3661.09 160.848 28.0132 0.269119 0.0977001 27.7441 104.737 14.1325 2.28041 132.835 124.303 77.8901 12.1219 15.6222 312.229 287.244 24.9853 14.2836
internal_count=1697349 41930 15222 1028 760 1655419 26524 14973 4997 2959 2842 11551 1628895 15632 2465 282 44 2183 9976 1617 1219 13167 12254 7637 776 1407 14194 13582 612 300
is_linear=0
shrinkage=0.08


Tree=147
num_leaves=31
num_cat=0
split_feature=7 9 6 0 3 11 11 3 11 0 4 0 4 8 6 8 9 11 6 3 0 3 8 9 10 6 8 4 3 9
split_gain=4.9991 4.2297 8.2679 4.88633 4.62509 4.89825 7.28922 4.40507 4.3014 3.94806 4.6083 13.7256 8.9372 8.25747 7.70175 5.25171 4.16203 4.74049 5.97387 3.62909 11.5781 8.335 4.75683 3.6163 3.30051 3.18289 2.90188 2.53071 1.6584 1.65425
threshold=4.5000000000000009 0.98367321491241466 0.38750000298023229 0.56543695926666271 0.42933948338031774 8.5000000000000018 5.5000000000000009 0.50274726748466503 13.500000000000002 0.39780220389366155 0.51668518781661998 0.5388936996459962 0.52027395367622387 19.500000000000004 0.30952382087707525 15.500000000000002 0.71885213255882274 2.5000000000000004 0.91666665673255932 0.61620295047760021 0.60922586917877208 0.73746865987777721 9.5000000000000018 0.22545801103115085 0.24264705926179889 0.73214286565780651 2.5000000000000004 0.34549072384834295 0.53248947858810436 0.92009389400482189
decision_type=2 2 2 2 2 2 2 2 2 2 2 2 2 2 2 2 2 2 2 2 2 2 2 2 2 2 2 2 2 2
left_child=1 8 3 4 -3 6 -6 -7 9 16 11 14 15 -13 -11 -12 -1 18 -18 24 21 -21 -22 -14 -5 -2 -26 -19 -10 -30
right_child=25 2 -4 19 5 7 -8 -9 28 10 12 13 23 -15 -16 -17 17 27 -20 20 22 -23 -24 -25 26 -27 -28 -29 29 -31
leaf_value=-0.064953125680767068 -0.18441629201559118 0.063648138293577475 0.068844202463593004 -0.16961413432666181 -0.083778631322982342 -0.27751331854029621 0.057801257352998528 -0.065637660261654296 -0.22629946755479441 -0.021497965745406061 -0.078822186751609485 0.069449516422966096 0.0017975164308164507 -0.53790066420803417 0.020212470284499635 0.046409257538651903 0.054816334003079795 -0.07643213352295529 0.62872868244849323 -0.27427054357084663 0.052834834368455423 0.084512591036931636 -0.094212009589813892 -0.0029623817516884828 -0.011738085561588238 0.096676964776942043 0.075204942481599354 0.04578782311879416 -0.15217594419629105 0.081966845265856417
leaf_weight=12.439726608694402 0.27320046763634209 2.5433975644118609 16.546936792685301 0.42808484286070125 6.0050060129724425 1.0642397180199616 3.8001210524816997 1.5321469481568781 0.69817387481452786 50.648987112478153 14.010755172357678 25.956798652029651 1913.7230502489565 0.14406300975770037 64.301035812572536 2.5301859326718832 3.8409260372900449 3.9491634397854796 0.11969378206413228 1.5653587147244246 7.9528683117969177 0.5636068153544328 1.7108245697454547 2191.1296646920937 3.1607276749418807 4.5766699882915418 11.033614890533498 1.4946347745717501 0.47852605584193952 0.32378415017592488
leaf_count=78496 27 77 15654 5 273 11 106 48 6 123785 12826 14118 163218 215 90506 1804 754 287 6 22 3150 67 368 1189855 182 740 922 175 10 81
internal_value=-0.000333594 -0.00042423 0.0210524 0.00193222 -0.0346248 -0.0547793 -0.0289073 -0.152484 -0.000714408 -0.000666978 -0.000493126 0.0137257 -0.000979753 0.0660973 0.00183412 -0.0596662 -0.0345908 0.00557116 0.0721605 0.0226151 -0.0104041 -0.179289 0.0268022 -0.00074327 0.0492444 0.0808426 0.0558449 -0.0428757 -0.136141 -0.0576842
internal_weight=4348.55 4343.7 57.9069 41.36 14.9449 12.4015 9.80513 2.59639 4285.79 4284.29 4262.44 141.051 4121.39 26.1009 114.95 16.5409 21.8441 9.40442 3.96062 26.4151 11.7927 2.12897 9.66369 4104.85 14.6224 4.84987 14.1943 5.4438 1.50048 0.80231
internal_count=1697794 1697027 20885 5231 515 438 379 59 1676142 1676045 1596327 228624 1367703 14333 214291 14630 79718 1222 760 4716 3607 89 3518 1353073 1109 767 1104 462 97 91
is_linear=0
shrinkage=0.08


Tree=148
num_leaves=31
num_cat=0
split_feature=7 13 11 1 4 0 4 3 4 0 2 10 6 3 8 8 1 0 8 3 1 0 10 1 10 0 2 10 8 6
split_gain=4.9924 3.9209 11.9411 6.01289 6.77873 11.4063 10.6434 6.98887 5.54891 5.25162 4.88942 3.73262 12.3771 10.6729 13.5009 10.5552 9.49891 7.25077 5.23211 5.51555 8.51342 6.89096 4.91503 4.5309 32.7172 10.6358 8.35853 5.57388 5.39755 5.20594
threshold=4.5000000000000009 1.5000000000000002 3.5000000000000004 0.87939393520355236 0.61311829090118419 0.59417229890823375 0.63224515318870556 0.67028987407684337 0.50878274440765392 0.6482679843902589 0.52419984340667736 0.62019231915473949 0.91666665673255932 0.96684980392456066 10.500000000000002 5.5000000000000009 0.91596046090126049 0.51899951696395885 17.500000000000004 0.53694942593574535 0.93643954396247875 0.55848154425621044 0.90454545617103588 0.62316370010375988 0.16228070110082629 0.61143791675567638 0.49424983561038976 0.59166666865348827 13.500000000000002 0.77500000596046459
decision_type=2 2 2 2 2 2 2 2 2 2 2 2 2 2 2 2 2 2 2 2 2 2 2 2 2 2 2 2 2 2
left_child=1 11 8 4 5 10 9 -8 -3 -6 -4 18 13 16 15 -15 17 -13 23 20 21 -20 -16 24 25 -1 -26 29 -29 -25
right_child=-2 2 3 -5 6 -7 7 -9 -10 -11 -12 12 -14 14 22 -17 -18 -19 19 -21 -22 -23 -24 27 26 -27 -28 28 -30 -31
leaf_value=-0.056518025683379276 0.080048158005714715 0.16586788566821004 -0.045424602649634958 0.080277391203789183 -0.18796432001741939 0.084755783842225957 0.052304106554999397 -0.048562549034800825 0.045797325995431584 0.0065107663988475352 0.022814688953487181 0.042036897508767428 0.036111921121292176 0.006675866109888442 -0.036333851157724355 -0.16560540035956808 0.05792050386198451 -0.0046072739581928075 0.019039251271242216 -0.038045819288469493 -0.1054902423733944 0.17546474971712758 0.086618693146218603 0.0030533778038013483 -0.022793934704223421 -0.15747281310777239 0.017666171479727117 -0.018396974406176565 -0.12754534472493537 -0.0031113703544908135
leaf_weight=24.442877589210639 5.0100306774220362 2.6862502090843909 15.197859903426435 5.0889397302235002 4.0050487456028376 9.9700423270696756 6.5056375031417728 13.559558416876824 29.677216717376723 1.1420996591623405 12.046588270197388 23.574307616072474 76.53575174719299 3.2091417527699395 4.6186467776424234 7.8272528270608746 19.433499035920249 223.93544387662769 8.647247138397459 45.290536168716471 2.7653047312833214 2.2769689209917479 3.7868722484563477 2062.0414459581029 50.202007370189676 9.1897391377365221 93.614706813832527 58.901731615354947 3.0497629585006498 1525.1058127237616
leaf_count=185553 781 191 304 8032 145 317 487 2445 4739 64 406 677 38224 2052 596 1177 5613 15217 18393 86591 2203 602 3174 1146557 37211 8629 22257 5641 142 99432
internal_value=0.000234983 0.000143025 0.0158105 -0.00334081 -0.0101572 0.0115412 -0.0421851 -0.0158591 0.0557635 -0.144812 -0.0152515 -0.000225311 0.00753359 -0.000103895 -0.0573303 -0.11551 0.004064 -0.000164604 -0.000950018 -0.0245958 0.0199022 0.0516435 0.019059 -0.000585556 -0.013069 -0.0841028 0.00354279 2.14918e-05 -0.0237702 0.000432383
internal_weight=4353.34 4348.33 99.8792 67.5158 62.4268 37.2145 25.2123 20.0652 32.3635 5.14715 27.2444 4248.45 362.921 286.385 19.4419 11.0364 266.943 247.51 3885.53 58.9801 13.6895 10.9242 8.40552 3826.55 177.449 33.6326 143.817 3649.1 61.9515 3587.15
internal_count=1697852 1697071 17130 12200 4168 1027 3141 2932 4930 209 710 1679941 66730 28506 6999 3229 21507 15894 1613211 107789 21198 18995 3770 1505422 253650 194182 59468 1251772 5783 1245989
is_linear=0
shrinkage=0.08


Tree=149
num_leaves=31
num_cat=0
split_feature=7 6 2 3 2 1 9 3 16 2 6 1 1 2 3 1 3 1 1 2 9 6 8 2 8 3 1 3 16 7
split_gain=6.34646 4.76834 25.8369 62.907 48.5453 36.2382 31.8687 27.6605 26.1018 24.4702 25.0613 22.3582 21.6123 20.1549 25.5363 18.6904 18.2921 17.8501 16.7421 65.9669 14.4912 12.6765 11.1889 11.143 25.7847 28.3395 28.1548 16.8823 13.3345 24.6925
threshold=4.5000000000000009 0.38750000298023229 0.77232852578163158 0.85028737783432018 0.84889996051788341 0.82807883620262157 0.44280262291431433 0.73123827576637279 1.0000000180025095e-35 0.84889996051788341 0.30952382087707525 0.87570226192474376 0.77015754580497753 0.6820855736732484 0.67028987407684337 0.80874970555305492 0.9529346525669099 0.68614074587821972 0.68801230192184459 0.75905716419219982 1.0000000180025095e-35 0.21111111342906955 2.5000000000000004 0.79205974936485302 3.5000000000000004 0.836786448955536 0.90219989418983471 0.88273492455482494 1.0000000180025095e-35 2.5000000000000004
decision_type=2 2 2 2 2 2 2 2 2 2 2 2 2 2 2 2 2 2 2 2 2 2 2 2 2 2 2 2 2 2
left_child=1 2 6 5 16 9 17 13 12 20 -11 15 -9 14 -8 -6 -5 -1 19 -19 -4 -7 -15 24 25 -3 27 -27 29 -25
right_child=-2 23 3 4 11 21 7 8 -10 10 -12 -13 -14 22 -16 -17 -18 18 -20 -21 -22 -23 -24 28 -26 26 -28 -29 -30 -31
leaf_value=-0.10737709103379289 0.093482118870463135 0.0071642320903495321 0.18806723969243672 -0.077360721570586627 -0.00577380176978872 -0.038799587177201209 0.0035069572697396592 -0.006719345827262445 0.034543253551633873 0.36416174111099409 2.0407539927613456 -0.0096357752272583554 -0.060317151575304061 5.9465508471918346e-05 -0.047107745542561238 0.075407345965992745 0.10039611404420119 0.28715074372785238 -0.034940776443569306 6.0676315537040084 0.076532905132414758 0.03526577045204516 0.06446184038383132 0.0025323171495821306 -0.0013981515391908238 0.054787404609217161 0.006892131800732503 0.12730969717287238 -0.0087520727177643684 0.076093820186528757
leaf_weight=25.270146014308807 4.6028941042786746 260.48250505639407 8.3078725647646916 66.144118586468721 29.612734227961482 21.876506256765424 565.33278523869808 77.629690592410043 35.288003875583854 0.20418227233676489 0.079189335669070715 142.4128809907852 126.78772998739259 26.797052495163371 71.909223430991005 46.892098829102906 3.9248778880901218 0.43516615774160428 112.46506939127619 0.013012915009312565 72.651506613006859 45.650966212939238 48.535370955487451 640.97447966289474 758.58665351744094 68.127769084334432 59.673619315060932 29.41209634229017 979.38479016167912 30.598259372411121
leaf_count=233611 786 77697 2027 71223 3377 2889 214811 24706 11917 26 46 27207 30768 3206 27946 5257 470 3152 415525 35 25446 32915 5530 78403 247533 14961 9317 3437 120314 3247
internal_value=-0.000406035 -0.000505257 -0.00410561 0.0123119 -0.00944729 0.0545791 -0.0106963 -0.00548656 -0.0289945 0.0905758 0.832692 0.00910284 -0.0399628 0.00242135 -0.00220463 0.0439846 -0.0674038 -0.0465985 -0.0329961 0.454987 0.0879783 0.0112712 0.0415528 0.00144086 0.00739092 0.0233529 0.0501755 0.0766557 -0.00279847 0.00588393
internal_weight=4360.06 4355.46 1528.22 437.757 288.987 148.77 1090.46 952.28 239.705 81.2428 0.283372 218.918 204.417 712.574 637.242 76.5048 70.069 138.183 112.913 0.448179 80.9594 67.5275 75.3324 2827.24 1176.28 417.696 157.213 97.5399 1650.96 671.573
internal_count=1697785 1696999 1142090 170883 107534 63349 971207 318884 67391 27545 72 35841 55474 251493 242757 8634 71693 652323 418712 3187 27473 35804 8736 554909 352945 105412 27715 18398 201964 81650
is_linear=0
shrinkage=0.08


Tree=150
num_leaves=31
num_cat=0
split_feature=7 16 10 4 11 1 3 2 3 0 12 12 11 1 12 1 6 6 14 6 2 10 14 4 3 10 6 0 10 8
split_gain=4.92077 20.9351 24.5862 18.7595 18.245 32.6653 19.0524 28.7567 16.2118 14.8921 14.3335 22.3103 12.1754 11.5289 10.6731 8.6085 12.9868 8.09575 7.74516 6.9583 6.81839 6.48214 29.8464 27.4674 10.8277 9.85513 11.8941 9.78716 15.2862 9.41498
threshold=2.5000000000000004 1.0000000180025095e-35 0.55902779102325451 0.96490147709846508 1.5000000000000002 0.90645834803581249 0.60495716333389293 0.59896907210350048 0.85880398750305187 0.97915762662887584 0.41428571939468389 0.30952382087707525 2.5000000000000004 0.71148777008056652 0.41428571939468389 0.85880398750305187 0.81666666269302379 0.6904762089252473 1.0000000180025095e-35 0.58571431040763866 0.74601566791534435 0.097619049251079573 1.0000000180025095e-35 0.86319074034690868 0.4246212244033814 0.07275132462382318 0.46428571641445165 0.98147514462471019 0.30384616553783422 3.5000000000000004
decision_type=2 2 2 2 2 2 2 2 2 2 2 2 2 2 2 2 2 2 2 2 2 2 2 2 2 2 2 2 2 2
left_child=21 2 9 4 6 8 7 14 20 -2 11 -7 -4 -14 -3 -8 -17 -15 -11 -12 -6 22 23 24 -1 -26 -27 -23 -29 -25
right_child=1 3 12 -5 5 10 15 -9 -10 18 19 -13 13 17 -16 16 -18 -19 -20 -21 -22 27 -24 29 25 26 -28 28 -30 -31
leaf_value=-0.14283703020536051 0.11571993218540501 0.065158344563942816 -1.1520581303868682 0.034133098315517293 -0.14543566837309635 -0.080281579033210829 -0.024818899275384602 1.8594426216463649 0.073201896447890477 0.10277279984342676 -0.5224906136432278 -0.37312860725699709 -1.0838443276184477 -0.34076839419056265 1.1953000301216923 0.034012220179329929 -0.0053483638313277264 -0.022387661628183668 -0.10191902630979155 0.064385739759632923 0.027891769047226077 0.0027528778723482188 -0.00049420044128745762 -0.011099118665693224 -0.054169569164010785 -0.046069591191483933 0.046920467001242416 -0.059409104152387836 0.058703215248117793 0.043144488134757096
leaf_weight=7.4050693523975033 27.929024765144277 0.37008886615330894 0.064864755724555745 93.691249813084141 3.7068308348825694 44.485656630422454 59.559537419378103 0.082359485506458441 18.222560146270553 1.8061334165977303 0.13270844574435514 1.7296992522897188 0.068706902384291335 0.54705292615108003 0.06251581413380336 85.498825053378823 144.01401790937234 7.7871075112998369 3.4294587634503841 5.0303754838460009 2.3884677936730441 1925.8856689880881 1611.0843199755454 72.421958200884546 131.2189317889015 20.944533209231167 15.185890658254264 34.778714059008053 8.7839761960276501 28.552463414502199
leaf_count=17582 950 181 35 11772 189 1674 16077 11 2424 242 158 121 29 110 5 11299 8144 2556 67 6685 127 503926 148436 58725 709679 140108 18278 1170 12458 23924
internal_value=-0.000337005 0.00712497 0.0614448 0.00219778 -0.00599328 -0.0409636 0.00314774 0.48932 0.0354241 0.0925094 -0.0771186 -0.0912419 -0.0602226 -0.0517944 0.228475 0.00228165 0.00931436 -0.0432861 -0.031306 0.0493011 -0.0775166 -0.0013057 -0.00465669 -0.0289781 -0.0481714 -0.0439825 -0.00698517 0.0019047 -0.0355929 0.00423931
internal_weight=4356.87 500.607 41.6323 458.975 365.284 75.6963 289.587 0.514964 24.3179 33.1646 51.3784 46.2154 8.46773 8.40287 0.432605 289.072 229.513 8.33416 5.23559 5.16308 6.0953 3856.26 1886.81 275.729 174.754 167.349 36.1304 1969.45 43.5627 100.974
internal_count=1697142 62856 3989 58867 47095 11378 35717 197 2740 1259 8638 1795 2730 2695 186 35520 19443 2666 309 6843 316 1634286 1116732 968296 885647 868065 158386 517554 13628 82649
is_linear=0
shrinkage=0.08


Tree=151
num_leaves=31
num_cat=0
split_feature=2 3 6 2 9 9 11 2 3 3 3 10 6 9 3 8 1 3 10 9 1 10 3 6 9 2 2 7 16 6
split_gain=6.24147 12.982 18.8724 15.5826 18.3613 246.072 66.1643 12.0993 23.5239 13.7727 12.2153 16.8909 10.6713 26.5747 28.6668 17.8314 14.3061 9.40119 9.08726 12.9534 8.65356 8.64791 8.31817 10.0648 8.10358 21.6695 10.2465 8.60024 37.8153 8.83683
threshold=0.53589835762977611 0.58643677830696117 0.26785714924335485 0.57804551720619213 0.3802234828472138 0.37939876317977911 1.5000000000000002 0.59896907210350048 0.71834936738014232 0.63224515318870556 0.59611794352531444 0.13961039483547213 0.30952382087707525 0.39066134393215185 0.53694942593574535 3.5000000000000004 0.87298336625099193 0.4246212244033814 0.43303571641445165 0.96435630321502697 0.7897985875606538 0.29705883562564855 0.79095324873924266 0.30952382087707525 0.68535399436950695 0.97617697715759288 0.63211598992347728 2.5000000000000004 1.0000000180025095e-35 0.91666665673255932
decision_type=2 2 2 2 2 2 2 2 2 2 2 2 2 2 2 2 2 2 2 2 2 2 2 2 2 2 2 2 2 2
left_child=12 2 3 -2 5 6 -5 8 10 -9 11 -3 13 -1 15 17 -16 21 19 -14 -13 -15 23 -10 27 26 -26 29 -29 -11
right_child=1 7 -4 4 -6 -7 -8 9 22 24 -12 20 18 14 16 -17 -18 -19 -20 -21 -22 -23 -24 -25 25 -27 -28 28 -30 -31
leaf_value=-0.12645801995827305 0.029151252881781404 -0.13567615841995997 -0.034757226150467724 -0.080021135457941747 0.11054584685457958 21.226610195229547 5.7727780782584253 0.034791237719527822 -0.034561225054455101 0.0054384985167501591 -0.067384012520382341 0.010684392307132515 -0.0041843081353890588 -0.068477875422051651 -0.074948527862937292 0.014191263957224341 0.090488048762396397 -0.051542809826798125 0.039699150412342996 1.0793114903903338 0.16611073732986611 0.072085021834864482 -0.013246528799885337 0.058855392476109963 -0.044545600719856519 0.056438954512668754 -0.0065536236810936057 0.10819581353259018 0.0069284987706986333 -0.0047047970178330754
leaf_weight=13.842782070959172 84.657344470761473 4.8097677553755629 25.754616001163413 0.12936059585308513 13.989999942296434 0.0037546683106484116 0.013667726414496428 75.551067408879589 9.7787565627831992 1164.6981075690269 65.113441383554346 17.142165356997797 126.28802335672651 4.1860293965119117 51.970047155206771 159.42373181116773 3.575472802767762 50.401382519852632 41.168707251155865 0.070656597614287331 2.6465309698724004 8.467722193538064 49.026619169489095 30.107427910981642 48.057527023207513 34.023396616095852 831.95373348362955 25.300092777368263 351.16576604209877 1041.0010272169384
leaf_count=89894 39333 9280 21993 1711 3790 21 30 32641 10629 777769 66804 3155 185976 5656 61992 91898 2178 26988 2848 5 259 290 31896 21590 2494 29289 75581 514 36886 63945
internal_value=-0.000220159 0.000825125 0.0262347 0.0421346 0.119885 1.00998 0.47927 -1.8717e-05 -0.0203377 0.000997444 -0.0492399 -0.00121146 -0.00903697 -0.0182745 -0.0128881 -5.24053e-05 -0.0642994 -0.036065 0.00705673 -0.00357844 0.031471 0.0255849 0.00882422 0.0359528 0.000267178 -0.00620635 -0.00862837 0.00255868 0.0137341 0.000651272
internal_weight=4334.32 3874.92 124.549 98.7941 14.1368 0.146783 0.143028 3750.38 178.625 3571.75 89.7119 24.5985 459.395 291.867 278.024 222.479 55.5455 63.0551 167.527 126.359 19.7887 12.6538 88.9128 39.8862 3496.2 914.035 880.011 2582.16 376.466 2205.7
internal_count=1697335 1229610 66878 44885 5552 1762 1741 1162732 143613 1019119 79498 12694 467725 278896 189002 124832 64170 32934 188829 185981 3414 5946 64115 32219 986478 107364 78075 879114 37400 841714
is_linear=0
shrinkage=0.08


Tree=152
num_leaves=31
num_cat=0
split_feature=2 9 1 2 1 0 3 11 0 9 10 2 2 6 8 3 0 0 1 1 1 6 8 2 4 2 9 4 0 0
split_gain=6.80587 23.0923 60.8969 55.5724 181.492 797.732 75.9428 583.596 10.0399 9.90992 11.1567 26.4908 9.9351 8.52665 15.5771 10.8788 28.8734 27.3958 18.0489 23.0676 16.457 16.1733 13.8583 12.5895 11.1518 11.8498 10.6157 30.9989 103.885 21.794
threshold=0.59896907210350048 0.5085725486278535 0.7454303801059724 0.57804551720619213 0.48331478238105779 0.4403389841318131 0.58643677830696117 1.5000000000000002 0.93419912457466137 0.25824573636054998 0.21583850681781772 0.57804551720619213 0.58885449171066295 0.46428571641445165 9.5000000000000018 0.59611794352531444 0.6351073980331422 0.52679425477981578 0.77581480145454418 0.62115561962127697 0.94570022821426403 0.13392857462167743 11.500000000000002 0.41897973418235784 0.62575301527977001 0.53144779801368724 0.51911646127700817 0.43951219320297247 0.43534001708030706 0.8216732144355775
decision_type=2 2 2 2 2 2 2 2 2 2 2 2 2 2 2 2 2 2 2 2 2 2 2 2 2 2 2 2 2 2
left_child=1 2 3 -1 5 -5 7 -6 9 12 -11 -12 -4 15 26 16 18 22 19 -3 -20 23 -17 -19 -18 -26 27 28 -15 -29
right_child=-2 13 8 4 6 -7 -8 -9 -10 10 11 -13 -14 14 -16 17 24 21 20 -21 -22 -23 -24 -25 25 -27 -28 29 -30 -31
leaf_value=-0.076219843890931629 0.0012084913983609123 0.0049814460425939115 0.021983831656290823 -0.080015313369653659 -3.2667037349694819 -78.90213399243892 -0.11340332228112221 -0.084634847302027916 -0.1288594569606287 -0.065128831648657695 0.024373605649350948 0.93184568787861255 -0.08426823446113535 -0.080318242437390691 -0.028571656166612044 0.1022299320196184 0.092644833440167704 0.084624574369149677 0.084437349426207287 -0.042564067905448699 -0.10739647254121155 -0.0085268563587300537 -0.019851462665442514 -0.084127293830327923 -0.0063571344127614435 0.063108895307088436 0.03383652639361167 0.14952141398068483 11.359346204466908 2.1678813011245599
leaf_weight=35.848468278037444 3581.3230884657969 147.1423629846804 76.386454577529776 0.0043192834368700464 0.45187562128512615 0.0010148239821319294 4.3676535647005039 2.0081017753029755 3.9168653916276517 19.317993811830323 1.5964704292546219 0.23635764406208171 6.0805240965710246 0.01857387222480511 31.964548784135332 13.932393772047364 21.562208272334829 2.9992314200535466 20.101685483587065 117.42526623980484 3.3372163556286969 42.999794378480146 10.388227620887845 49.959366410015718 33.728955438640696 29.428309730112233 85.009566112363245 0.90779215618385933 0.0069933799750288008 0.035580927622504532
leaf_count=351445 1019197 49438 17275 129 5411 34 23944 422 308 153869 692 141 1889 50 5951 4032 628 129 1238 19707 671 15456 9424 4724 3007 2159 6648 518 27 10
internal_value=-0.0002516 -0.00712142 -0.0352228 -0.116074 -0.325162 -15.0761 -0.313638 -0.669152 -0.00313249 0.00162013 -0.0472321 0.141399 0.0141496 -0.000212015 0.0191106 -0.00483463 0.00191618 -0.0257543 -0.0101601 -0.0161211 0.0571242 -0.0449756 0.0500845 -0.0745703 0.04297 0.0260108 0.0368377 0.30014 3.04876 0.225647
internal_weight=4342.49 761.164 150.216 42.6814 6.83297 0.00533411 6.82763 2.45998 107.535 103.618 21.1508 1.83283 82.467 610.948 117.943 493.005 372.726 120.279 288.007 264.568 23.4389 95.9584 24.3206 52.9586 84.7195 63.1573 85.9785 0.96894 0.0255673 0.943373
internal_count=1698573 679376 555559 381385 29940 163 29777 5833 174174 173866 154702 833 19164 123817 13204 110613 76848 33765 71054 69145 1909 20309 13456 4853 5794 5166 7253 605 77 528
is_linear=0
shrinkage=0.08


Tree=153
num_leaves=31
num_cat=0
split_feature=3 9 1 9 6 2 2 3 10 1 1 10 0 3 2 3 1 10 2 10 0 1 1 1 8 6 2 0 3 3
split_gain=9.0359 25.5474 95.6602 65.1634 87.4436 49.5048 43.5471 107.314 401.377 19.4773 17.3231 16.9016 44.1721 15.7594 31.4922 11.659 33.5518 12.612 12.3196 10.8977 75.9258 10.6395 9.93537 9.89739 36.513 20.0261 37.0911 19.5732 17.9025 16.0516
threshold=0.77581480145454418 0.51911646127700817 0.62316370010375988 0.5085725486278535 0.46428571641445165 0.36700680851936346 0.56294015049934398 0.58643677830696117 0.10263158008456232 0.82972848415374767 0.94494947791099559 0.16228070110082629 0.84074437618255626 0.60120484232902538 0.57804551720619213 0.74322345852851879 0.77581480145454418 0.93541666865348827 0.6900656819343568 0.17914438992738727 0.59417229890823375 0.94392031431198131 0.53907206654548656 0.84660634398460399 2.5000000000000004 0.21111111342906955 0.77459675073623668 0.72046512365341198 0.87007671594619762 0.85313725471496593
decision_type=2 2 2 2 2 2 2 2 2 2 2 2 2 2 2 2 2 2 2 2 2 2 2 2 2 2 2 2 2 2
left_child=1 2 3 6 -5 -6 19 8 -8 11 21 13 -13 14 -4 18 -17 -18 -3 -1 -21 -11 -7 24 -2 26 -26 -27 -28 -25
right_child=23 15 9 4 5 22 7 -9 -10 10 -12 12 -14 -15 -16 16 17 -19 -20 20 -22 -23 -24 29 25 27 28 -29 -30 -31
leaf_value=-0.091145070442808132 0.029451567287633009 -0.00099576170810304794 -0.082442505759085169 -0.011523410759736485 -2.1740401757732237 -1.0603358743322044 -4.9167190366602522 -0.16586196269889897 -0.38185432029077909 0.021742012683579743 -0.043099703579018808 0.025207509936462778 3.6660972438686001 -0.036543461110262777 -0.43768315151785148 0.02111948068342849 -0.06039086749396038 -0.28324337516620113 0.029328375096148895 -0.029696441891801779 1.6598599203266775 0.21839461193954776 -0.62325674494265393 -0.02002758847505734 -0.07358689804283905 0.0049607613363873461 0.096131591341266684 -0.035315675874632572 -0.093833012404701446 0.0010583588141047924
leaf_weight=10.4495959064944 318.93302842371486 749.47241925114395 13.983366265210973 1.1656648993794072 0.17778239552899311 0.49013668957741163 0.14871005879508814 4.6494554101655012 0.7805537409026897 90.228803671788228 31.567480088701814 21.249094493300905 0.02134757535532017 92.657422795377784 1.8030552506644131 52.932606923139247 56.913124300604977 1.6730609088044719 96.819413040539075 2.3028650882692996 0.18381242620853289 1.7958145903648972 1.0371916652420621 258.74587867129776 13.945371948990212 152.46299625037136 34.798690519211959 156.47548029614245 3.4938018768953034 2158.8071710975801
leaf_count=166584 87353 121202 98277 6220 39 72 4836 20873 2936 70473 5594 29227 2 293138 11914 5415 5260 299 6504 11032 222 350 236 118600 5303 57140 2523 131070 180 435545
internal_value=-0.00110511 -0.00689868 -0.028406 -0.190883 -0.545527 -0.910587 -0.135896 -0.322725 -1.10757 -0.0146886 0.00803775 -0.0363423 0.0288616 -0.0491315 -0.123017 -0.000730569 -0.0250452 -0.0667549 0.00247345 -0.0553261 0.0951937 0.0255796 -0.76352 0.00120004 0.00972578 -0.00769287 0.0381184 -0.015439 0.0787992 -0.00119843
internal_weight=4330.17 1232.5 274.692 21.3858 2.87078 1.70511 18.515 5.57872 0.929264 253.306 123.592 129.714 21.2704 108.444 15.7864 957.811 111.519 58.5862 846.292 12.9363 2.48668 92.0246 1.52733 3097.66 680.109 361.176 52.2379 308.938 38.2925 2417.55
internal_count=1698419 860705 722025 213050 6567 347 206483 28645 7772 508975 76417 432558 29229 403329 110191 138680 10974 5559 127706 177838 11254 70823 308 837714 283569 196216 8006 188210 2703 554145
is_linear=0
shrinkage=0.08


Tree=154
num_leaves=31
num_cat=0
split_feature=4 10 0 3 1 6 10 8 16 2 15 3 0 10 1 11 0 15 14 10 0 7 2 2 6 1 10 1 11 8
split_gain=11.5238 23.2292 25.2402 29.5477 38.8557 10.9059 11.3462 9.96066 7.96866 12.8602 6.57479 28.9033 29.7036 5.93466 5.36676 5.17893 27.0928 5.13823 8.66567 37.3238 27.435 10.9738 43.4669 7.04521 6.35183 12.8438 17.32 7.61548 7.00105 6.07751
threshold=0.43951219320297247 0.21583850681781772 0.43534001708030706 0.60922586917877208 0.70859703421592724 0.46428571641445165 0.081666667014360442 8.5000000000000018 1.0000000180025095e-35 0.86240702867507946 1.0000000180025095e-35 0.99425286054611217 0.47856706380844122 0.55050507187843334 0.65599384903907787 1.5000000000000002 0.4712491780519486 1.0000000180025095e-35 1.0000000180025095e-35 0.097619049251079573 0.67017546296119701 1.0000000180025095e-35 0.57804551720619213 0.36032786965370184 0.21111111342906955 0.54669988155365001 0.48333333432674414 0.76833632588386547 6.5000000000000009 6.5000000000000009
decision_type=2 2 2 2 2 2 2 2 2 2 2 2 2 2 2 2 2 2 2 2 2 2 2 2 2 2 2 2 2 2
left_child=1 2 -1 4 5 -4 -7 -6 9 13 -5 -12 -13 15 -10 16 -3 23 19 20 21 22 -19 24 27 26 -26 -2 -27 -20
right_child=17 8 3 10 7 6 -8 -9 14 -11 11 12 -14 -15 -16 -17 -18 18 29 -21 -22 -23 -24 -25 25 28 -28 -29 -30 -31
leaf_value=-0.038090770998481772 -0.063906987794910844 -0.082321575342619177 -0.085705861872733283 -0.03244203086703816 -2.6014748823641067 0.095959617223712018 -0.4087782402189169 -0.080012730291129125 -0.0023356387354016932 0.96323350456821655 0.15843518794086828 -0.080049948227718326 5.2312151172663803 0.029015933745768514 0.10883035459733657 -0.065711335835579532 -2.7794263044401122 -0.12168087312857598 -0.0015886258042132064 -0.0040551569629093901 -0.035856906652406019 -0.088957552580022484 -0.57069114716662916 0.0017959642194609966 0.41779775929144353 0.074860062246919989 2.4779002957404721 0.11887990399274843 0.46521246485179574 0.013144404863261516
leaf_weight=11.050322320982177 4.2065912092273248 0.15630479435094358 1.1319936275132523 1.2276628515014634 0.05975380403742736 0.30998254581580287 3.5418872316127445 0.012048595945088891 5.1875260720368033 0.082793258858146923 0.38376184148137316 0.012196924588351976 0.015059537443448789 5.6507647819598779 5.9872416120633716 9.7653107485848505 0.028125290933530778 6.6674827872018412 720.64853208181489 958.51360947352305 63.40920096240896 9.4484006210063285 1.7399037385241838 2262.4254894709707 0.15924171037249824 7.2924025208867533 0.031243052333593369 2.2332088479736285 0.30641108442796383 238.4967256095124
leaf_count=108058 4556 188 15130 1781 17 393 611 227 3019 10 1469 172 14 418 471 6121 7 42228 47495 215359 274499 81037 11242 856003 578 3401 1 222 10 23215
internal_value=-0.00087177 -0.0413251 -0.112353 -0.234938 -0.330625 -0.304005 -0.368159 -2.17837 0.00560196 -0.0311809 0.0602782 0.337223 2.85449 -0.0364584 0.0572251 -0.0736432 -0.493626 -0.000449762 -0.00340948 -0.00846848 -0.0605232 -0.148118 -0.214603 0.0021489 0.0582649 0.106865 0.755693 -0.000519724 0.0906005 0.00207482
internal_weight=4320.18 44.6027 17.7447 6.69435 5.05567 4.98386 3.85187 0.0718024 26.8581 15.6833 1.63868 0.411018 0.0272565 15.6005 11.1748 9.94974 0.18443 4275.58 1998.92 1039.78 81.265 17.8558 8.40739 2276.65 14.2291 7.7893 0.190485 6.4398 7.59881 959.145
internal_count=1697952 138106 127872 19814 16378 16134 1004 244 10234 6744 3436 1655 186 6734 3490 6316 195 1559846 695075 624365 409006 134507 53470 864771 8768 3990 579 4778 3411 70710
is_linear=0
shrinkage=0.08


Tree=155
num_leaves=31
num_cat=0
split_feature=4 9 9 3 10 1 1 15 9 10 8 11 0 0 11 4 1 9 0 10 1 9 11 8 3 4 10 17 9 9
split_gain=10.6486 26.7681 35.1402 6.24898 6.04609 8.24701 4.97549 4.66779 5.99403 9.35685 7.2696 6.4407 12.918 9.68949 8.32759 13.892 9.51831 23.9988 8.5215 8.44121 8.01649 12.019 7.13474 6.28656 6.2664 19.0547 9.03389 6.03163 5.48754 54.2091
threshold=0.43951219320297247 0.52191373705863964 0.5085725486278535 0.83752354979515087 0.36931818723678594 0.78456193208694469 0.4901809841394425 1.0000000180025095e-35 0.91184088587760936 0.42261904478073126 5.5000000000000009 3.5000000000000004 0.70647653937339794 0.92031747102737438 2.5000000000000004 0.65261757373809826 0.62316370010375988 0.42438536882400518 0.6482679843902589 0.48333333432674414 0.79772728681564342 0.61455422639846813 4.5000000000000009 6.5000000000000009 0.9569842815399171 0.92637759447097789 0.87083333730697643 1.0000000180025095e-35 1.0000000180025095e-35 0.38364128768444067
decision_type=2 2 2 2 2 2 2 2 2 2 2 2 2 2 2 2 2 2 2 2 2 2 2 2 2 2 2 2 2 2
left_child=1 2 -1 4 -3 6 -6 8 11 -10 -11 14 20 22 16 18 17 -2 -16 -18 27 -22 -14 -17 26 -26 -12 -13 -9 -30
right_child=7 3 -4 -5 5 -7 -8 28 9 10 24 12 13 -15 15 23 19 -19 -20 -21 21 -23 -24 -25 25 -27 -28 -29 29 -31
leaf_value=-0.026416042178155907 -0.18946356018058003 -0.062709240714290695 -0.29999443131969555 0.06796855643445901 -0.07841387881896536 -0.11884287815565862 0.062348307740848055 0.00067785094715567011 0.065612266383769699 0.028516100723301158 0.026850419237026656 0.080898227623601326 -0.06300457679641519 0.061727729997085527 0.041304933973435133 0.014748865648700142 0.00070103740472711896 -0.014294253072965502 0.13941892789399568 0.037821714604717241 0.5081135668329364 0.04649283098908389 -0.013850952211142371 -0.030294205906684805 -0.062976715968379268 -1.7256905923878205 -0.084968947385085619 -0.0093419155727681655 -0.10953138130528331 -0.0044230594526252229
leaf_weight=7.2262721573097206 5.6093218713972126 11.62300864333338 5.1436944893002874 6.5179093923597966 1.8966105169347418 2.4829082424548679 10.528467732685383 961.87433763367517 22.726005429674842 48.101682418589917 21.037490581351452 5.03383888734973 48.436603755624674 5.9853611650323719 45.817550586714788 73.604774436957086 1738.9746538358322 46.505162660084835 6.4648355549434191 40.110321281827055 0.36926694464637222 16.078295056951902 30.992080728632573 27.143754582633846 10.783165083914351 0.044292264268734338 5.9267187325967816 81.319893183773246 32.418903086211117 1002.6070873806299
leaf_count=104472 49120 26358 4641 1421 273 134 858 70805 1582 16505 1687 259 3184 4220 3755 10227 712840 43177 252 3548 41 1001 2444 1853 5541 36 707 2753 241576 382899
internal_value=-0.00125718 -0.0397894 -0.140176 -0.00221555 -0.0194578 0.0142632 0.0408618 -0.000848082 0.00162442 0.0199645 0.00788685 0.000707439 -0.0134359 -0.0364288 0.00204901 0.019977 0.000550791 -0.0331485 0.053437 0.00153794 0.00566822 0.0568568 -0.0438254 0.00261332 -0.0183703 -0.0697784 0.00227258 -0.00408153 -0.00367243 -0.00771524
internal_weight=4323.38 45.4189 12.37 33.0489 26.531 14.908 12.4251 4277.97 2281.07 108.619 85.8933 2172.45 188.215 85.414 1984.23 153.031 1831.2 52.1145 52.2824 1779.08 102.801 16.4476 79.4287 100.749 37.7917 10.8275 26.9642 86.3537 1996.9 1035.03
internal_count=1698169 138157 109113 29044 27623 1265 1131 1560012 864732 26058 24476 838674 13902 9848 824772 16087 808685 92297 4007 716388 4054 1042 5628 12080 7971 5577 2394 3012 695280 624475
is_linear=0
shrinkage=0.08


Tree=156
num_leaves=31
num_cat=0
split_feature=4 9 9 2 2 9 9 2 9 3 9 11 3 3 1 1 8 1 2 1 4 4 4 2 1 4 16 1 6 3
split_gain=10.3654 16.8444 22.4905 4.49877 6.36657 17.2962 60.1793 45.6069 96.507 12.2027 9.34593 19.6387 11.4824 8.66675 11.387 7.74743 7.33998 7.22831 6.77413 8.41266 6.03413 8.81735 5.97426 14.475 13.5502 13.0338 8.10732 6.59104 6.28543 4.80665
threshold=0.45035210251808172 0.52191373705863964 0.5085725486278535 0.36700680851936346 0.59896907210350048 0.4361302256584168 0.25824573636054998 0.57804551720619213 0.37939876317977911 0.64549729228019725 0.45326766371726995 1.5000000000000002 0.48050633072853094 0.4901809841394425 0.60495716333389293 0.6308579444885255 14.500000000000002 0.58123165369033825 0.58643677830696117 0.9495762586593629 0.55217784643173229 0.60660174489021312 0.65261757373809826 0.6482679843902589 0.8263767957687379 0.73123827576637279 1.0000000180025095e-35 0.6789083480834962 0.73214286565780651 0.64051282405853283
decision_type=2 2 2 2 2 2 2 2 2 2 2 2 2 2 2 2 2 2 2 2 2 2 2 2 2 2 2 2 2 2
left_child=1 2 -1 -2 5 6 18 -8 -9 16 11 -7 -13 15 -15 -12 20 -18 19 -5 -6 -22 24 25 26 -24 -11 -25 -26 -19
right_child=3 -3 -4 4 9 10 7 8 -10 22 13 12 -14 14 -16 -17 17 29 -20 -21 21 -23 23 27 28 -27 -28 -29 -30 -31
leaf_value=-0.02143292147446374 0.030924869529370951 -0.0084985348064659499 -0.22366648471125511 -0.011841214364642303 -0.071599522635190732 -0.01751736659254657 -0.092283773793618823 -0.088134213151462262 -0.82672599123863222 -0.0067316555015123425 -0.0063309252872981439 0.99254691769197678 0.25888958637657811 0.019174910764294156 -0.013914380533498923 0.036863089474634542 0.81728282651122264 0.07078419175610999 -0.064395299847311904 0.048500868179199276 0.060916272566332759 0.0089140811833523011 -0.06012907255446473 0.036605315806961296 0.074974577454672092 -0.0020304207260327398 0.031189927278912229 -0.00064716080445377262 0.018929635429946929 0.26617044010519852
leaf_weight=7.9840839319906518 28.732528794008431 37.564162684260737 6.293754585430861 53.883423734581655 4.247337475356658 2.9025039019333851 21.856536813883501 3.0350013651015475 1.8059234679908494 153.63530806287099 48.68606818272707 0.14912806042775617 1.6160650536870944 80.943864273963243 374.56234768693639 58.520197686125357 0.090511326179238405 5.8665011333987422 10.340118553217506 20.379234535525939 30.957781061647069 64.025089367159126 49.93109936324754 30.700041171649445 26.838707557920316 48.929860350780473 47.156151684188444 3074.5564388822822 24.495613442006288 0.93412321018058708
leaf_count=116582 17857 32319 5240 30491 6700 29085 249987 19322 15511 69388 14466 458 2950 29555 105065 6902 66 1239 4451 1242 11558 25507 30862 10257 10331 40666 12206 795232 1783 165
internal_value=-0.00105573 -0.0366125 -0.110579 -0.00062401 -0.00083775 -0.00793913 -0.0367743 -0.141493 -0.363668 0.000515163 -0.00228268 0.110452 0.320871 -0.00321781 -0.00803438 0.0172472 0.0272359 0.107074 -0.00372907 0.00471792 0.0216915 0.0258632 -0.000305278 -0.00123828 0.0115517 -0.031374 0.00217428 -0.000278865 0.0482312 0.0976221
internal_weight=4321.62 51.842 14.2778 4269.78 4241.04 678.68 111.3 26.6975 4.84092 3562.36 567.38 4.6677 1.76519 562.712 455.506 107.206 106.121 6.89114 84.6028 74.2627 99.2302 94.9829 3456.24 3204.12 252.126 98.861 200.791 3105.26 51.3343 6.80062
internal_count=1697443 154141 121822 1543302 1525445 509485 321004 284820 34833 1015960 188481 32493 3408 155988 134620 21368 45235 1470 36184 31733 43765 37065 970725 877017 93708 71528 81594 805489 12114 1404
is_linear=0
shrinkage=0.08


Tree=157
num_leaves=31
num_cat=0
split_feature=4 10 9 9 0 2 9 3 8 2 9 8 0 9 10 3 9 3 16 0 9 13 0 10 8 2 10 2 3 9
split_gain=8.57972 14.4794 7.8309 24.2743 320.821 612.937 9.23781 6.73092 6.42222 7.31774 7.12155 16.4802 5.51023 9.94806 7.59761 23.8972 41.6487 4.901 9.6208 20.5654 28.7607 4.80021 5.31914 4.6221 4.58853 7.09752 9.36574 9.688 11.5085 9.38838
threshold=0.45035210251808172 0.21583850681781772 0.42131063342094427 0.42078272998332983 0.4403389841318131 0.45199692249298101 0.51911646127700817 0.48050633072853094 15.500000000000002 0.47673159837722784 0.61455422639846813 11.500000000000002 0.47478812932968145 0.61455422639846813 0.13188406080007556 0.52976614236831676 0.68535399436950695 0.88548010587692272 1.0000000180025095e-35 0.46697819232940679 0.29424497485160833 1.0000000180025095e-35 0.45867486298084265 0.39230769872665411 1.0000000180025095e-35 0.92403846979141246 0.36038962006568914 0.99425286054611217 0.93643954396247875 0.36406117677688604
decision_type=2 2 2 2 2 2 2 2 2 2 2 2 2 2 2 2 2 2 2 2 2 2 2 2 2 2 2 2 2 2
left_child=1 2 3 -1 -5 -6 -4 -3 9 23 11 -11 13 17 15 16 -15 -2 19 -19 -21 22 -16 -9 -14 -26 27 28 -27 -29
right_child=12 7 6 4 5 -7 -8 8 -10 10 -12 -13 24 14 21 -17 -18 18 -20 20 -22 -23 -24 -25 25 26 -28 29 -30 -31
leaf_value=-0.016910963637456759 -0.0923537355163319 -0.051455411946356659 -0.17511662223920052 -0.081220811950153654 76.701612164057508 -0.080008086869668149 -0.047895892539194879 -0.014174677591424529 -0.04952090802991034 0.14367553467856539 -0.022527239421155549 1.741802423460586 0.0052405207804389568 0.39807800033871643 -0.044304064802341232 0.036881583033372259 2.9941607754764683 0.10574805329707886 -0.035069661415424745 2.3620888901652415 -0.080241764236053864 0.093025413132169582 0.065970417872366433 0.1498097276279067 -0.0010465851575738811 0.0088053580196024231 0.031264343273427093 0.023540978015765282 -0.034669226171092346 -0.040116571403343314
leaf_weight=5.0317984600429364 4.8407446926703717 10.287679555435263 7.9828317809776799 0.035518747311975463 0.0010419161326353779 0.0018413138911803628 6.7344991110689989 1.3827505002354898 5.0160138781257038 0.69369636144017466 7.0029168428445701 0.043911292956181569 624.40205443547757 0.16492955405556387 5.0289552569011011 0.58202003184851492 0.052025328885065392 0.83573563126219585 3.81562958030554 0.065441900864243507 0.058392181020280987 10.042489748700488 6.3144927818138967 5.3807126338288072 3269.3751818662899 49.533320291182463 27.790809778838593 57.842436112870928 182.73299350477464 19.938802309246967
leaf_count=60698 32810 4708 57139 584 69 73 24248 1575 2354 1090 1183 280 130452 70 996 146 22 1524 10752 2 152 467 1075 260 1333541 1881 17204 1609 7551 1894
internal_value=-0.0012268 -0.0343091 -0.0873626 -0.00161889 2.0021 27.6667 -0.116902 0.000909977 0.0285083 0.0554936 0.00237653 0.238815 -0.000841959 0.0323345 0.0617927 0.304006 1.02061 -0.0356286 0.0218752 0.248311 1.21044 0.0527437 0.0170818 0.116284 -0.00109128 -0.00218731 -0.0132264 -0.0172143 -0.0253978 0.00722271
internal_weight=4313.01 49.5952 19.7875 5.0702 0.038402 0.00288323 14.7173 29.8077 19.52 14.504 7.74052 0.737608 4263.42 31.8009 22.1849 0.798975 0.216955 9.61594 4.7752 0.95957 0.123834 21.3859 11.3434 6.76346 4231.62 3607.21 337.838 310.048 232.266 77.7812
internal_count=1696409 154261 142811 61424 726 142 81387 11450 6742 4388 2553 1370 1542148 48016 2776 238 92 45240 12430 1678 154 2538 2071 1835 1494132 1363680 30139 12935 9432 3503
is_linear=0
shrinkage=0.08


Tree=158
num_leaves=31
num_cat=0
split_feature=4 11 0 6 2 4 2 8 3 1 2 8 3 6 2 3 17 2 8 2 3 2 3 11 2 3 0 0 4 2
split_gain=152.384 258.259 475.172 1847.01 6244.01 1268.49 1400.63 1363.36 369.097 1276.93 214.29 900.67 1475.96 137.47 988.733 11.6408 5.75831 8.85769 5.63727 5.9739 5.56625 4.46694 4.32391 3.59848 3.41325 15.6666 14.9731 19.0623 12.8688 11.2252
threshold=0.45035210251808172 1.5000000000000002 0.4403389841318131 0.26785714924335485 0.43657262623310095 0.43534001708030706 0.41897973418235784 23.500000000000004 0.45199692249298101 0.50333333015441906 0.30877573788166052 11.500000000000002 0.598850578069687 0.35416667163372045 0.45199692249298101 0.598850578069687 1.0000000180025095e-35 0.36700680851936346 15.500000000000002 0.65030118823051464 0.75147059559822094 0.836786448955536 0.99425286054611217 3.5000000000000004 0.680425524711609 0.72255688905715953 0.68457102775573742 0.55217784643173229 0.6776927411556245 0.67669683694839489
decision_type=2 2 2 2 2 2 2 2 2 2 2 2 2 2 2 2 2 2 2 2 2 2 2 2 2 2 2 2 2 2
left_child=1 2 -1 4 5 6 -4 -7 9 -6 11 -5 -13 14 -12 16 17 -3 19 -17 -15 -21 -20 -18 29 26 27 -26 -28 -2
right_child=24 15 3 10 8 7 -8 -9 -10 -11 13 12 -14 20 -16 18 23 -19 22 21 -22 -23 -24 -25 25 -27 28 -29 -30 -31
leaf_value=-0.049432158605671087 -0.0031505397932331419 0.12176051399346756 -16.594410866687799 -0.080097775252629719 -44.141339474455719 -7.983494898764345 -38.369194028189433 -70.554308407932737 0.0046559015432675191 -0.080015554827388299 -6.8761852005003199 -104.28951074128818 -0.080066297037839351 -0.24392626950185442 -0.014784104527563763 0.12090075109043526 -0.11487551533443258 -0.086343799405604577 -0.13990015156551347 -0.080696073411538158 -0.014328722457342652 0.17023350104785498 0.03103902204584998 -0.028409757057752706 0.11373477787128135 -0.00062516021911898179 0.11082646971298832 -0.064236001880652094 0.031165027779422736 -0.046536824639549036
leaf_weight=11.345809560254899 1182.395646279947 2.8089880164398027 0.10657386140474034 0.013955130096292012 0.0054469527599394487 0.12146938579780908 0.022982996881410145 0.0022703315471517263 0.69952026974278603 0.01852934497219394 0.16480961591832954 0.0015353687326751233 0.0020067098730578437 4.7908118777044653 0.72870997795962911 7.4442178901090283 6.6971711958874494 2.4513177066255594 1.4043968510927687 1.9272127400072352 0.7867634181438915 0.59396365642169247 2.9081635798938805 5.704051370687921 4.9004647173269431 2936.8504261638886 16.22576442518266 17.998725684002238 64.848733138263924 39.438423166254324
leaf_count=112685 777437 386 2386 141 207 1928 552 81 8329 431 2915 51 18 1715 4888 1647 10496 1096 2027 238 618 63 670 875 1176 707888 3742 8091 24310 21144
internal_value=-0.00262039 -0.140427 -0.375581 -0.871258 -4.11445 -14.9244 -20.4572 -9.13152 -0.329872 -10.0899 -0.383028 -9.2244 -45.2513 -0.359122 -1.28037 -0.0019295 -0.0453542 0.0247833 0.0517859 0.0848542 -0.21154 -0.0215796 -0.0246278 -0.0751048 -0.00097969 0.000455285 0.0309736 -0.02615 0.047108 -0.00455096
internal_weight=4313.41 50.7507 18.8112 7.46539 0.976793 0.253297 0.129557 0.12374 0.723497 0.0239763 6.48859 0.0174972 0.00354208 6.47109 0.89352 31.9395 17.6615 5.26031 14.278 9.96539 5.57758 2.52118 4.31256 12.4012 4262.66 3040.82 103.974 22.8992 81.0745 1221.83
internal_count=1698231 154443 136945 24260 13914 4947 2938 2009 8967 638 10346 210 69 10136 7803 17498 12853 1482 4645 1948 2333 301 2697 11371 1543788 745207 37319 9267 28052 798581
is_linear=0
shrinkage=0.08


Tree=159
num_leaves=31
num_cat=0
split_feature=4 9 9 0 8 9 9 3 1 1 15 9 8 0 4 3 8 13 6 3 1 10 0 6 1 10 2 0 3 9
split_gain=143.97 944.558 118580 632484 2.92793e+06 22.0771 4.04204 3.97694 4.23109 3.71689 3.57993 8.09881 9.87122 7.56599 9.21725 8.01989 7.09128 7.57755 7.62437 6.71226 7.19626 6.56366 5.89208 12.6889 37.7009 15.8904 44.3885 13.8246 12.5838 12.4095
threshold=0.45035210251808172 0.42131063342094427 0.42078272998332983 0.4403389841318131 23.500000000000004 0.52191373705863964 0.5085725486278535 0.598850578069687 0.62316370010375988 0.99367088079452526 1.0000000180025095e-35 0.92762354016304027 7.5000000000000009 0.59675306081771862 0.54261502623558056 0.58102023601531994 13.500000000000002 1.5000000000000002 0.58571431040763866 0.48050633072853094 0.56562754511833202 0.77350428700447094 0.67942845821380626 0.21111111342906955 0.80673459172248851 0.15587044507265094 0.85145786404609691 0.82574188709259044 0.85313725471496593 0.55391839146614086
decision_type=2 2 2 2 2 2 2 2 2 2 2 2 2 2 2 2 2 2 2 2 2 2 2 2 2 2 2 2 2 2
left_child=1 2 -1 -4 -5 6 -3 8 -7 -10 11 19 13 14 -13 -16 17 18 -14 20 -2 -19 29 24 25 26 -24 -26 -27 -12
right_child=10 5 3 4 -6 7 -8 -9 9 -11 22 12 16 -15 15 -17 -18 21 -20 -21 -22 -23 23 -25 27 28 -28 -29 -30 -31
leaf_value=-0.033412953414338767 -0.060818203025599031 -0.044858718130162255 -0.081032337821876174 -4393.793473298294 -16.311143116391808 -0.058625507727368457 -0.17347496446514094 0.031068539432200143 0.04893480203483408 -0.070134832480496553 -0.033835477795723094 0.056288655775996281 0.028463831750783829 0.065503937111306074 -0.16381648181608693 0.02046353451541159 0.053038260026637099 0.081631860162738615 -0.085898148589866677 0.00056016568544638168 0.042930958221715387 -0.24381206513109241 0.14573858631384423 -0.0024983236728478267 -0.067022428142115051 0.045946033211222419 3.9182524440261979 0.018023436365662667 -0.13960166501063861 -0.0034170447749467549
leaf_weight=4.4609191683278269 4.7909149980832799 2.076208085488938 0.032536921116918041 0.0012199247938396293 0.0049289146863884525 9.8959618758787826 6.3367696260250916 16.547953441891536 6.4281937248683292 2.2705095926221475 109.65869704222791 7.2821580311865528 8.7072605290013652 38.49345521631767 3.2161450085695833 2.8515369545202702 7.1968593178517031 0.50404432944196687 6.52823374341824 2160.7724595679028 40.025266800538702 1.8609530376925247 8.6396206378642511 1336.1271564799549 31.132290487877981 87.65825725146351 0.020007545259432713 20.150472212322711 2.4034082025755188 395.07888715827539
leaf_count=60923 10763 55074 613 143 5 22461 5284 6862 2449 625 246492 253 913 15344 44 259 3247 169 1574 802546 20765 425 9202 376300 8424 4856 12 3407 98 38831
internal_value=-0.00162715 -0.139325 -1.24282 -140.701 -884.8 -0.0253267 -0.141734 0.00254066 -0.0228472 0.0178556 -7.85952e-05 0.00208411 0.0276496 0.0475061 -0.00438973 -0.0772132 -0.0138639 -0.0412203 -0.020539 0.00119575 0.03184 -0.174451 -0.00255781 -2.14711e-05 0.0220405 0.050947 0.154455 -0.0336055 0.0409945 -0.0100257
internal_weight=4321.15 48.0552 4.4996 0.0386858 0.00614884 43.5556 8.41298 35.1426 18.5947 8.6987 4273.1 2282.23 76.6406 51.8433 13.3498 6.06768 24.7974 17.6005 15.2355 2205.59 44.8162 2.365 1990.87 1486.13 150.004 98.7213 8.65963 51.2828 90.0617 504.738
internal_count=1698363 154439 61684 761 148 92755 60358 32397 25535 3074 1543924 856302 22228 15900 556 303 6328 3081 2487 834074 31528 594 687622 402299 25999 14168 9214 11831 4954 285323
is_linear=0
shrinkage=0.08


Tree=160
num_leaves=31
num_cat=0
split_feature=3 9 4 1 1 3 10 4 9 9 1 2 1 2 3 12 1 4 2 1 3 1 4 1 12 1 2 3 15 1
split_gain=6.18782 21.7836 45.9113 19.8819 13.3574 36.121 13.1428 11.3219 11.092 12.4015 26.2078 10.1723 9.77845 9.43102 51.9985 50.8801 9.35204 9.28005 9.31681 8.92812 13.6791 8.38584 14.4322 7.80232 7.67694 12.1944 7.55321 7.38525 8.29961 12.8625
threshold=0.75513628125190746 0.51626121997833263 0.61143791675567638 0.86319074034690868 0.75162336230278026 0.69282051920890819 0.17914438992738727 0.80735492706298839 0.45326766371726995 0.4361302256584168 0.7454303801059724 0.69614070653915416 0.62593284249305736 0.57804551720619213 0.58643677830696117 0.81666666269302379 0.96362435817718517 0.65261757373809826 0.46841755509376531 0.6789083480834962 0.60495716333389293 0.83047896623611461 0.62115561962127697 0.94201681017875682 0.30952382087707525 0.77581480145454418 0.48404073715209966 0.68703359365463268 1.0000000180025095e-35 0.9495762586593629
decision_type=2 2 2 2 2 2 2 2 2 2 2 2 2 2 2 2 2 2 2 2 2 2 2 2 2 2 2 2 2 2
left_child=1 2 6 4 11 24 13 26 9 -8 -11 19 -4 -1 15 -15 21 18 -2 20 -3 -14 -23 -5 -6 -26 -7 28 -25 -30
right_child=17 3 12 23 5 7 8 -9 -10 10 -12 -13 16 14 -16 -17 -18 -19 -20 -21 -22 22 -24 27 25 -27 -28 -29 29 -31
leaf_value=-0.10200882661840119 -0.045735961780149735 -0.0034048625793460978 -0.14740879218647507 0.053905919130807445 -0.018163292212148664 0.072366669983060974 -0.031821609251737451 0.058943648534329089 -0.085488839956421397 0.25076517061591724 2.6899580825486855 0.036064833044209335 -0.023349225610491443 -0.4592027666104741 -0.09145541755790125 -2.215800334301723 -0.09997135147670666 -0.00021874025690817253 0.020299978275154534 -0.015224182961738955 0.030642830450672998 0.47816558385740399 0.009917730688871175 0.0019206357168585445 -0.017940760472211187 0.061402856460070175 -0.070256530264918404 0.06656888747265996 -0.29773546506866749 0.019272271525492834
leaf_weight=24.10550036451103 14.570107502285024 285.78780351157974 3.3128728913884222 56.08536355687329 30.132422032201717 2.4479583128213411 1.569071700948417 4.9061951912299255 4.6329626692553516 1.1825645094939596 0.028880009489005265 50.137501750403317 82.300441838388167 1.8810806358836738 6.5974652147652932 0.11180413287594726 6.9031692267017197 2967.4276270894907 222.25490779927193 199.63536776859621 102.64366104596405 0.4233060184947125 87.649080834524625 5.9498735338902389 19.562841291481163 33.843899603298269 81.367605348690631 4.9349774877118753 1.832828332015197 1.4811105957469406
leaf_count=309417 43095 64371 6426 6232 4842 747 7249 273 13394 2430 115 3330 209787 3960 52773 716 1447 778945 87315 25589 16885 262 46462 1169 754 1546 7880 623 188 384
internal_value=-0.00078058 -0.00595329 -0.0284283 -0.000321508 -0.0038611 -0.0236294 -0.105852 -0.0591768 -0.00968034 0.116634 0.308914 0.00147467 -0.0112323 -0.127658 -0.199632 -0.557751 -0.00868747 0.000997517 0.0162373 -0.00147443 0.0055923 -0.00498883 0.0121683 0.0404945 0.0141231 0.0323394 -0.066091 -0.0124807 -0.0545916 -0.156054
internal_weight=4305.7 1101.45 220.698 880.749 810.465 172.261 40.1093 88.7218 7.41348 2.78052 1.21144 638.204 180.589 32.6959 8.59035 1.99288 177.276 3204.25 236.825 588.067 388.431 170.373 88.0724 70.2842 83.5392 53.4067 83.8156 14.1988 9.26381 3.31394
internal_count=1698606 789251 654438 134813 126217 16042 390054 8900 23188 9794 2545 110175 264384 366866 57449 4676 257958 909355 130410 106845 81256 256511 46724 8596 7142 2300 8627 2364 1741 572
is_linear=0
shrinkage=0.08


Tree=161
num_leaves=31
num_cat=0
split_feature=4 10 2 3 0 3 3 2 9 6 2 9 6 2 4 3 2 6 0 4 0 10 0 3 3 9 4 3 0 0
split_gain=4.84873 12.0212 6.30154 5.68314 5.66383 4.93689 6.09999 8.89166 31.8417 4.8068 4.27429 16.9061 31.6758 29.9264 27.9924 10.9935 8.81135 7.7097 8.76309 7.54429 7.16705 7.0853 6.95542 15.048 18.4473 6.47398 6.31761 16.1627 13.6705 6.14562
threshold=0.45035210251808172 0.31414473056793218 0.37786844372749334 0.48050633072853094 0.51899951696395885 0.75716626644134533 0.42933948338031774 0.42280606925487524 0.70031845569610607 0.91666665673255932 0.59896907210350048 0.51119467616081249 0.30952382087707525 0.57804551720619213 0.57307061553001415 0.64549729228019725 0.64174234867095958 0.26785714924335485 0.59896907210350048 0.77459675073623668 0.87939393520355236 0.18898809701204303 0.49089705944061285 0.82426470518112194 0.81530213356018078 0.25824573636054998 0.60922586917877208 0.58898946642875682 0.64326766133308422 0.92718276381492626
decision_type=2 2 2 2 2 2 2 2 2 2 2 2 2 2 2 2 2 2 2 2 2 2 2 2 2 2 2 2 2 2
left_child=1 5 4 -3 -2 6 7 9 -9 -1 11 12 13 21 -15 16 17 18 -12 26 -19 -4 23 24 -17 29 28 -28 -13 -14
right_child=2 3 10 -5 -6 -7 -8 8 -10 -11 15 19 25 14 -16 22 -18 20 -20 -21 -22 -23 -24 -25 -26 -27 27 -29 -30 -31
leaf_value=-0.057578943653807529 -0.025510148011165225 -0.037609489482044504 -0.089944562882147375 0.043713640701856474 0.050377210694915131 -0.011136382555899998 -0.11810789775031365 -0.081219064989207293 3.301077810626452 0.19969035816242323 -0.048676263528478744 0.00066916159585034122 0.0027528443287808046 -0.5963735589949769 -0.17600594836715772 0.12480470477073662 0.1010005409325626 -0.025197450361472966 0.042945193935469382 0.035675375647227101 0.1219302694444054 0.022198060277512682 -0.001372002153381639 -0.061973415498298511 1.008204116323834 -0.058687481461991466 0.007534669306027442 -0.044073428182359063 0.14558469911532898 -0.078238628405604749
leaf_weight=3.7159461602027273 8.2240904597667832 8.7047793046897119 17.250567923130706 14.936940459757555 26.825123365194258 7.2477018945052079 12.639600358909224 0.072138516110673012 0.023654910299228504 0.53124104438381881 7.5007798373674595 339.57737232437375 76.807879856284515 1.3099952930095833 4.4841704689341926 5.5021822392021971 8.8715364621593817 29.613460508915029 61.131394387606406 33.378444628731813 2.2823124591304795 4.5586104767344287 3434.5321343821256 3.498604789957426 0.15556313890701279 16.308382795101821 81.778377648730384 73.965831411253021 4.2179083364244425 6.5037996803584965
leaf_count=24156 12838 1350 203705 2183 10600 31193 93796 1629 22 75 6760 60662 22705 8197 16132 2358 3052 20730 14499 4681 255 9674 967586 641 53 162879 5010 9913 201 34
internal_value=-0.00149582 -0.0268139 -0.00121052 0.0137708 0.0325707 -0.0664127 -0.0900031 -0.00820839 0.753994 -0.0253995 -0.00149154 -0.00740306 -0.0336054 -0.109439 -0.271046 -0.000393221 0.0245734 0.0178288 0.0329319 -0.00114778 -0.0146697 -0.0665042 -0.00118636 0.0684462 0.149094 -0.0125929 -0.00360824 -0.016975 0.00244708 -0.00356983
internal_weight=4296.15 47.872 4248.28 23.6417 35.0492 24.2303 16.9826 4.34298 0.0957934 4.24719 4213.23 660.141 127.223 27.6033 5.79417 3553.09 109.399 100.528 68.6322 532.918 31.8958 21.8092 3443.69 9.15635 5.65775 99.6201 499.539 155.744 343.795 83.3117
internal_count=1697569 154404 1543165 3533 23438 150871 119678 25882 1651 24231 1519727 503793 423326 237708 24329 1015934 45296 42244 21259 80467 20985 213379 970638 3052 2411 185618 75786 14923 60863 22739
is_linear=0
shrinkage=0.08


Tree=162
num_leaves=31
num_cat=0
split_feature=4 10 10 16 8 1 13 0 4 10 4 13 11 4 1 2 1 1 9 2 6 8 3 10 11 0 10 11 3 8
split_gain=4.50212 13.8291 7.0551 6.95561 7.01439 5.11131 4.57543 3.91264 3.60016 3.58028 7.96377 6.46647 6.96956 7.31539 9.66674 8.00449 6.05019 5.33166 4.87249 5.03663 8.06523 10.2614 7.85262 5.25202 4.56732 3.90493 3.84858 5.10483 3.71082 3.61602
threshold=0.45035210251808172 0.21583850681781772 0.77350428700447094 1.0000000180025095e-35 12.500000000000002 0.62316370010375988 1.0000000180025095e-35 0.42933948338031774 0.4236596822738648 0.85164836049079906 0.91476997733116161 1.5000000000000002 2.5000000000000004 0.61311829090118419 0.58643677830696117 0.41897973418235784 0.87939393520355236 0.57804551720619213 0.99848023056983959 0.81530213356018078 0.77500000596046459 6.5000000000000009 0.86706829071044933 0.86190477013587963 9.5000000000000018 0.53694942593574535 0.78174602985382091 13.500000000000002 0.89512962102890026 16.500000000000004
decision_type=2 2 2 2 2 2 2 2 2 2 2 2 2 2 2 2 2 2 2 2 2 2 2 2 2 2 2 2 2 2
left_child=1 7 3 4 6 -5 -3 -1 -7 11 18 26 17 15 -15 25 -16 -13 19 23 21 -21 -22 28 -25 -14 -2 29 -11 -28
right_child=9 2 -4 5 -6 8 -8 -9 -10 10 -12 12 13 14 16 -17 -18 -19 -20 20 22 -23 -24 24 -26 -27 27 -29 -30 -31
leaf_value=-0.042519983151777505 -0.00053462745882121721 -0.023404974008757868 0.096313647068064251 -0.030810884738655637 -0.10478029192050345 0.12038476968531382 0.12438125584845565 -0.11738998338191504 -0.018380214129631676 -0.071852601542957931 0.069047510129787645 0.21743278208739014 -0.18415296457973884 -0.82528094125216245 -0.034170894889467653 0.047707043300827819 0.081471065960874431 0.056304285527457892 0.015126628702281221 -0.05615712057466965 -0.38076419916623067 -0.23858209568564168 0.0086389166156616067 -0.014788940015251875 0.061272691270099086 -0.0092194587513870357 0.030118758316932521 -0.16094004941216419 0.092718213708435721 -0.11769437145148842
leaf_weight=8.7673786031868151 4015.4278456078564 7.2680313081584584 4.8574646687338818 3.8256164465694154 6.6360573247565524 4.8296988628768052 1.6440077199185896 9.1078776442931169 1.5906766643859747 13.659065616157019 6.9983808370998295 1.4518274375336648 1.4030232595396221 0.09546164260246115 21.655607460903415 31.057565098366467 3.3423548028349606 13.875555860294751 21.826475485904666 5.6237169077066955 0.34662886656587844 3.0402818699658383 7.5603264068704448 55.64540845515512 5.5571210233756565 1.9541287764877777 44.079633597597422 0.94875800104637065 0.93704410592909049 1.0852950797852816
leaf_count=107165 1484754 3615 553 3155 3547 308 113 36115 173 598 15483 87 57 5 2160 872 5229 1947 8888 1984 139 270 4049 6535 717 55 9667 15 167 87
internal_value=-0.000514627 -0.0247443 0.00786917 -0.00878642 -0.0425102 0.0423887 0.00385722 -0.0806681 0.0860051 -0.000238464 -0.0137915 0.000158636 0.0234613 0.0110709 -0.0217774 0.0350222 -0.018709 0.0715666 -0.0188682 -0.026901 -0.0668543 -0.120172 -0.00843192 -0.0181665 -0.00788263 -0.0823278 -0.000270725 0.022709 -0.0612874 0.0265669
internal_weight=4306.1 48.5268 30.6516 25.7941 15.5481 10.246 8.91204 17.8753 6.42038 4257.57 121.194 4136.38 74.8355 59.5081 25.0934 34.4147 24.998 15.3274 114.196 92.3696 16.571 8.664 7.90696 75.7986 61.2025 3.35715 4061.54 46.1137 14.5961 45.1649
internal_count=1698509 154744 11464 10911 7275 3636 3728 143280 481 1543765 38830 1504935 10412 8378 7394 984 7389 2034 23347 14459 6442 2254 4188 8017 7252 112 1494523 9769 765 9754
is_linear=0
shrinkage=0.08


Tree=163
num_leaves=31
num_cat=0
split_feature=1 9 2 2 9 9 1 11 8 6 3 8 1 0 9 0 1 8 3 4 12 11 3 2 0 0 6 3 4 0
split_gain=5.43004 20.3048 34.8184 17.2056 23.3589 59.501 80.3768 12.6402 17.6728 22.4233 15.416 9.93441 68.1471 114.046 10.6887 9.42967 15.7951 9.19407 17.9526 9.71736 9.00537 10.2304 8.94114 8.54668 8.03007 11.0805 37.7332 17.4742 15.7456 16.976
threshold=0.76417112350463878 0.54581964015960704 0.60107529163360607 0.57804551720619213 0.3802234828472138 0.37939876317977911 0.62115561962127697 1.5000000000000002 2.5000000000000004 0.46428571641445165 0.79095324873924266 14.500000000000002 0.7454303801059724 0.62575301527977001 0.48019607365131384 0.64549729228019725 0.91596046090126049 13.500000000000002 0.53694942593574535 0.71834936738014232 0.81666666269302379 1.5000000000000002 0.50820556282997142 0.71010184288024913 0.81530213356018078 0.70299971103668224 0.21111111342906955 0.81872946023941051 0.67028987407684337 0.65648320317268383
decision_type=2 2 2 2 2 2 2 2 2 2 2 2 2 2 2 2 2 2 2 2 2 2 2 2 2 2 2 2 2 2
left_child=1 2 3 20 5 -5 -7 8 9 -4 -11 14 -13 -14 -9 16 17 -2 -19 23 -1 -22 -23 -20 25 28 27 -27 29 -3
right_child=15 24 7 4 -6 6 -8 11 -10 10 -12 12 13 -15 -16 -17 -18 18 19 -21 21 22 -24 -25 -26 26 -28 -29 -30 -31
leaf_value=-0.080153477176709939 0.056729856526747939 -0.0047672901637403585 -0.061111984334980357 -0.078976141930866051 -0.04134984349304803 -0.28639015169251097 -1.3712884826258636 0.12068660386579119 -0.04649012080505302 -0.041321927788706303 0.07633452257180523 0.2452704074441544 15.414783287473947 -0.080054027520411408 0.0034880186394065831 -9.9385670763780821e-05 -0.0041789964358124815 0.084825881061504779 -0.050257319775679155 -0.93605112351445929 -0.06643333459718595 0.26198083287229806 0.020038409620622807 0.6130105807666697 -0.085692320488456666 0.070631385215237388 -0.029419387082317339 -0.13088116670040401 -0.047243246362971142 0.034886126873301601
leaf_weight=37.353393131785062 68.856143834861982 565.11810450245707 17.272449404449674 3.1854306021684495 4.2820764613429123 1.3582668217197018 0.64440151863277595 7.3584901353442609 64.243597190673484 9.359374922530149 29.884675860466814 0.23987179958748939 0.005163017882296117 0.0073935417822212912 15.410320677368871 3077.1328264684835 100.50047530451604 10.288795125562823 16.531061484207882 0.078746871055044632 5.9473602826398899 1.3875746844723833 3.3084054150358355 0.12527894141021434 6.9549792190809958 65.102402164717205 50.05509691226689 2.8757050476851864 48.376508929497504 78.721377290345117
leaf_count=345616 21228 79146 41180 15816 26255 35 120 5127 140243 5303 4127 379 24 22 5814 828303 86474 1966 20679 15 50062 1557 2716 43 270 3440 4169 97 2906 4134
internal_value=-0.000601873 -0.0057034 -0.0284658 -0.0811003 -0.179647 -0.293793 -0.635479 -0.00742871 -0.0177854 0.014844 0.0482745 0.046898 0.54601 6.29113 0.0413646 0.000985309 0.0179816 0.0412102 0.00166651 -0.0494602 -0.0616562 0.00326121 0.0915279 -0.0452686 -9.78247e-05 0.000636897 0.0232927 0.0621067 -0.00322625 8.10792e-05
internal_weight=4291.97 1018.45 201.248 57.4669 9.47018 5.1881 2.00267 143.781 120.76 56.5165 39.2441 23.0212 0.252428 0.0125566 22.7688 3273.51 196.381 95.88 27.0239 16.7351 47.9967 10.6433 4.69598 16.6563 817.204 810.249 118.033 67.9781 692.216 643.839
internal_count=1697266 738558 644396 442177 42226 15971 155 202219 190853 50610 9430 11366 425 46 10941 958708 130405 43931 22703 20737 399951 54335 4273 20722 94162 93892 7706 3537 86186 83280
is_linear=0
shrinkage=0.08


Tree=164
num_leaves=31
num_cat=0
split_feature=7 9 10 9 8 1 9 1 11 8 3 3 8 10 1 7 6 0 1 17 0 1 3 0 2 11 0 9 0 6
split_gain=6.33117 7.12377 13.0177 5.95091 5.38677 14.7849 70.3113 191.04 990.599 3578.28 10.7833 10.372 10.291 52.9633 8.30477 7.30827 10.71 6.53396 16.2296 5.59911 5.17707 6.93503 4.99771 20.1325 27.3134 17.1306 20.1125 20.3133 13.6063 16.2362
threshold=3.5000000000000004 0.64533194899559032 0.13961039483547213 0.65682536363601696 8.5000000000000018 0.76417112350463878 0.53697487711906444 0.7454303801059724 1.5000000000000002 14.500000000000002 0.78456193208694469 0.71209660172462474 24.500000000000004 0.064583335071802153 0.99367088079452526 2.5000000000000004 0.46428571641445165 0.55848154425621044 0.65030118823051464 1.0000000180025095e-35 0.71503761410713207 0.70859703421592724 0.68457102775573742 0.56543695926666271 0.58102023601531994 1.5000000000000002 0.63798952102661144 0.51626121997833263 0.74115687608718883 0.30952382087707525
decision_type=2 2 2 2 2 2 2 2 2 2 2 2 2 2 2 2 2 2 2 2 2 2 2 2 2 2 2 2 2 2
left_child=4 2 -2 -3 22 6 7 12 -9 -10 17 14 -6 -14 15 16 -7 19 -19 -8 21 -12 25 24 -24 26 27 -1 -27 -30
right_child=1 3 -4 -5 5 11 10 8 9 -11 20 -13 13 -15 -16 -17 -18 18 -20 -21 -22 -23 23 -25 -26 28 -28 -29 29 -31
leaf_value=-0.13670641634692074 0.024580212253733771 -0.35843913073551587 0.173685577706129 -0.014324302733520596 -0.063063076690108244 0.051147259409956319 0.024941605122090461 -0.080129944693013919 -0.086356329372766716 -14.854605461323656 -0.090587822938546045 -0.0066891689466817544 -5.1102760148723494 -0.080010510891741882 -0.082281565507555984 0.17942316686150464 -0.011515452377420942 0.050018487824933039 -0.020749986586111456 -0.038777595831367979 -0.12773241381580758 0.03895179508745452 0.11808992115618364 -0.00077679753237916253 0.0083002526949668559 -0.0035628376962059507 -0.0067655307424188188 -0.036163379165250718 0.10023003093383666 -0.024616886846578371
leaf_weight=18.437592806367952 53.414242181774171 0.32681121621863241 4.0301288026676039 20.287911035848083 19.548030126763212 44.33194268063238 11.408607561513561 2.5938744696107814 0.41815641464211228 0.14020897069576677 6.2700858701991908 501.98096596854015 0.015903943741426146 0.084947144470388064 4.4116766827889924 2.0555819103592503 28.79438434693634 38.743456345087907 44.632618157138495 38.986439933423597 6.1698486039749687 4.5748414816289298 21.443598448171834 2826.3470055473927 44.800570146328646 379.23575306683455 87.830137095320211 42.515707819661749 17.899697521632337 10.62329074131412
leaf_count=206937 2931 20 139 4918 186399 18280 11323 16258 616 451 1371 202696 992 6404 3243 299 7034 2549 5173 15548 490 847 5318 810406 11298 49144 91067 30954 2757 1416
internal_value=-0.00201154 0.0205634 0.035041 -0.0197797 -0.00243067 -0.00855055 -0.0290397 -0.159972 -0.738112 -3.79475 -0.00924074 -0.00243501 -0.0672216 -0.87327 0.0243951 0.0306549 0.0264731 -0.00161087 0.0121349 -0.0243526 -0.0692272 -0.0359426 -0.00109077 0.000244981 0.0438398 -0.00803326 -0.0312687 -0.0665764 0.000444919 0.0537312
internal_weight=4282.35 78.0591 57.4444 20.6147 4204.29 755.162 173.587 22.8011 3.15224 0.558365 150.786 581.575 19.6489 0.100851 79.5936 75.1819 73.1263 133.771 83.3761 50.395 17.0148 10.8449 3449.13 2892.59 66.2442 556.542 148.783 60.9533 407.759 28.523
internal_count=1697278 8008 3070 4938 1689270 479973 248421 211120 17325 1067 37301 231552 193795 7396 28856 25613 25314 34593 7722 26871 2708 2218 1209297 827022 16616 382275 328958 237891 53317 4173
is_linear=0
shrinkage=0.08


Tree=165
num_leaves=31
num_cat=0
split_feature=4 9 12 14 2 2 9 9 2 4 4 3 0 9 10 9 8 9 6 7 3 4 9 0 0 4 0 2 0 9
split_gain=5.88192 7.21643 4.68563 8.36319 4.3519 4.98547 12.1837 36.6362 17.6103 21.4024 9.68507 8.52377 17.9969 7.94542 13.7918 8.06853 6.53608 11.3751 6.2427 7.39022 5.65527 4.68179 4.27938 6.24139 5.06322 9.97485 6.56515 5.00448 4.15844 3.88648
threshold=0.45035210251808172 0.6072751283645631 0.41428571939468389 1.0000000180025095e-35 0.36032786965370184 0.59896907210350048 0.4361302256584168 0.29653523862361914 0.57804551720619213 0.51899951696395885 0.77459675073623668 0.61143791675567638 0.94185259938240062 0.45326766371726995 0.17914438992738727 0.55391839146614086 6.5000000000000009 0.53365698456764232 0.26785714924335485 2.5000000000000004 0.82207003235816967 0.56691542267799389 0.98367321491241466 0.46247655153274542 0.49089705944061285 0.52565789222717296 0.51899951696395885 0.66996699571609508 0.92718276381492626 0.61455422639846813
decision_type=2 2 2 2 2 2 2 2 2 2 2 2 2 2 2 2 2 2 2 2 2 2 2 2 2 2 2 2 2 2
left_child=1 2 -1 -4 -2 6 7 28 -9 -10 13 12 18 14 -8 -15 20 -18 21 -20 -12 -7 24 -24 25 -13 -26 -25 -6 -3
right_child=4 29 3 -5 5 11 10 8 9 -11 16 22 -14 15 -16 -17 17 -19 19 -21 -22 -23 23 27 26 -27 -28 -29 -30 -31
leaf_value=-0.1000065309007717 0.033491183695808176 0.1566736152397693 -0.049494056530817565 0.25728075710842851 -0.0024087374770381444 0.0017058489741103569 -0.042266749563606425 -0.085264677628011903 -2.1664560010663765 -0.24494247752630974 0.0049018199879333497 0.035636482981598779 1.5545758323990495 -0.046734048863787903 0.24957849234206755 -0.0021964872810005111 0.43043121435091158 0.075469414163772883 -0.038466570042439432 0.32328825984826937 0.098060237020492033 0.089575807734994739 -0.50624434244942651 -0.025577100922483817 -0.057583025072095194 0.34276750589305754 0.001352052242172569 0.062714832028708742 -0.065404731045139913 -0.010206494304103992
leaf_weight=11.116632729986856 26.037765261625282 0.92197458804489585 3.6820427619306555 0.67263538819679514 80.433992153921537 5.2572902537207851 2.0313174657393551 15.782743956409471 0.037387772645869677 4.7945702187803017 23.504725160714546 9.4968365740628506 0.050535986592875726 27.484680565782014 2.1157014356760797 492.82346730051722 0.6291342688042495 7.0801953682494059 6.9544448367585749 0.3812290487330755 5.0701180036012365 14.820787403800521 0.13458090240601706 5.510944541347274 12.139168936732402 0.72869541208865563 3481.2590650945353 16.146502736613911 7.316330178975476 28.57426322446884
leaf_count=130878 15351 961 11869 57 52855 2443 29907 237315 2230 30318 4992 3792 29 101999 1848 48734 478 921 5667 27 957 4040 5 1549 5266 175 976305 16901 74 10643
internal_value=0.000580886 -0.0282006 -0.0724515 -0.00210879 0.000885553 0.000684468 -0.00565026 -0.0302069 -0.126177 -0.25981 -0.000904599 0.00187747 0.0462727 -0.00367005 0.106625 -0.00454913 0.0390675 0.104437 0.0434922 -0.0196665 0.0214312 0.0665677 0.00153162 0.0368731 0.0013118 0.0575234 0.00114726 0.0402481 -0.00766113 -0.00499026
internal_weight=4292.99 44.9675 15.4713 4.35468 4248.02 4221.98 669.104 108.365 20.6147 4.83196 560.739 3552.88 27.4643 524.455 4.14702 520.308 36.2842 7.70933 27.4138 7.33567 28.5748 20.0781 3525.42 21.792 3503.62 10.2255 3493.4 21.6574 87.7503 29.4962
internal_count=1698586 154408 142804 11926 1544178 1528827 512628 322792 269863 32548 189836 1016199 12206 182488 31755 150733 7348 1399 12177 5694 5949 6483 1003993 18455 985538 3967 981571 18450 52929 11604
is_linear=0
shrinkage=0.08


Tree=166
num_leaves=31
num_cat=0
split_feature=2 9 1 9 8 9 9 1 12 3 2 8 1 8 1 9 9 1 3 8 4 6 16 7 8 1 9 3 1 3
split_gain=5.84809 9.74924 26.2489 20.5958 52.4266 456.496 14.4985 54.9912 13.644 7.84256 6.46662 8.19734 22.0785 21.0292 12.9754 20.7521 35.8801 10.538 7.37598 19.2245 20.5126 12.2705 11.0237 12.8183 8.48596 6.86086 9.96773 10.354 6.63379 6.48806
threshold=0.60397014021873485 0.57200461626052868 0.72613638639450084 0.42438536882400518 24.500000000000004 0.42078272998332983 0.37939876317977911 0.7228132188320161 0.41428571939468389 0.63686314225196849 0.59491634368896495 11.500000000000002 0.6789083480834962 13.500000000000002 0.93419912457466137 0.8011976182460786 0.81983605027198803 0.64346247911453258 0.69804355502128612 10.500000000000002 0.60660174489021312 0.15476191043853763 1.0000000180025095e-35 1.5000000000000002 5.5000000000000009 0.74133810400962841 0.83594325184822094 0.60120484232902538 0.58397436141967785 0.69614070653915416
decision_type=2 2 2 2 2 2 2 2 2 2 2 2 2 2 2 2 2 2 2 2 2 2 2 2 2 2 2 2 2 2
left_child=1 2 3 4 6 -6 -1 -8 -5 -2 18 14 13 17 -12 -16 -17 -13 25 20 24 -22 23 -21 -20 26 27 -3 -28 -27
right_child=9 10 -4 8 5 -7 7 -9 -10 -11 11 12 -14 -15 15 16 -18 -19 19 22 21 -23 -24 -25 -26 29 28 -29 -30 -31
leaf_value=-0.086986366064334783 0.027367642077338425 0.013776911315462418 -0.0021091301911031622 -0.08794509921590303 -0.080010960480416018 -40.908071632325367 -0.23207458819497245 -4.7932085760149565 0.0057189600517159149 0.0013406015891946176 -0.044799937435237275 1.2775925793083009 -0.026255538068219661 -0.026381375037272007 -0.13395646266198638 -2.7935388350942651 -0.42869208661406938 0.48724870783105728 0.12936627926307678 -0.10698318597368342 -0.081479915822482887 0.032019439403517279 0.027647348530759258 0.045590325196159 0.030773962168164005 0.02156189166933347 0.0081291859231872269 -0.036562645816298138 -0.028854234568376051 -0.13953550981330681
leaf_weight=12.021152856123065 75.723205850287286 157.01759253561221 135.37100525834913 17.726447721597449 0.016609042565910864 0.001959436507233874 5.1715285188351379 0.016972688471945108 22.699192836178529 3445.7200166029961 22.797703310214281 0.18135214722133186 3.1575725308503024 0.34131842929855338 0.62936837328015727 0.055650261696428061 0.15662240590245347 0.26683643829892389 18.864685741049517 14.005522102940441 7.7283211280955575 28.864676600598614 12.845923202482405 4.7090563911915515 7.9383209966017594 78.585514455236137 39.639361503845635 31.375278315414789 143.08953923537047 1.6332456490126777
leaf_count=113990 30599 33719 221764 159426 2732 203 97664 724 38039 967920 1802 39 389 74 15 5 69 13 782 3427 599 2404 1748 317 794 7532 727 7366 2488 103
internal_value=0.000521594 -0.00580894 -0.0213618 -0.0665668 -0.139811 -4.38839 -0.135227 -0.246995 -0.0353523 0.00190027 -0.000577774 -0.0383684 0.0683548 0.446741 -0.056188 -0.364659 -1.04867 0.807048 0.00133054 0.0215969 0.0469947 0.00804875 -0.0294201 -0.0685919 0.100166 -0.00293325 -0.00751896 0.00539327 -0.0208314 0.018282
internal_weight=4288.35 766.908 193.025 57.6539 17.2282 0.0185685 17.2097 5.1885 40.4256 3521.44 573.883 27.5864 3.94708 0.789507 23.6393 0.841641 0.212273 0.448189 546.297 94.9565 63.396 36.593 31.5605 18.7146 26.803 451.341 371.122 188.393 182.729 80.2188
internal_count=1697473 698954 634542 412778 215313 2935 212378 98388 197465 998519 64412 2406 515 126 1891 89 74 52 62006 10071 4579 3003 5492 3744 1576 51935 44300 41085 3215 7635
is_linear=0
shrinkage=0.08


Tree=167
num_leaves=31
num_cat=0
split_feature=9 9 1 10 9 9 10 12 1 1 2 4 4 7 2 1 4 16 7 1 12 9 2 3 9 3 11 1 15 1
split_gain=4.06849 45.8556 24.6217 17.0232 15.6035 14.4631 65.55 69.6103 26.357 12.0966 6.58818 10.8362 9.52179 8.24509 6.74757 12.1143 10.39 8.63858 8.59895 6.75427 6.13827 18.8666 15.6737 16.1284 16.2125 8.81 9.3382 8.49451 7.81357 10.3644
threshold=0.22545801103115085 0.39755295217037206 0.68237251043319713 0.060661764815449722 0.37939876317977911 0.3802234828472138 0.12132352963089944 0.41428571939468389 0.6291005313396455 0.95488464832305919 0.92403846979141246 0.76689496636390697 0.75809821486473095 3.5000000000000004 0.93788579106330883 0.96190130710601818 0.93813776969909679 1.0000000180025095e-35 2.5000000000000004 0.89386734366416942 0.22500000149011615 0.56572300195693981 0.86706829071044933 0.67028987407684337 0.85014972090721141 0.68457102775573742 6.5000000000000009 0.77581480145454418 1.0000000180025095e-35 0.9529346525669099
decision_type=2 2 2 2 2 2 2 2 2 2 2 2 2 2 2 2 2 2 2 2 2 2 2 2 2 2 2 2 2 2
left_child=10 2 4 -4 -2 6 8 -8 -6 -5 -1 12 -12 14 15 17 18 -13 -16 -18 25 28 23 27 -25 26 -3 -23 29 -22
right_child=1 20 3 9 5 -7 7 -9 -10 -11 11 13 -14 -15 16 -17 19 -19 -20 -21 21 22 -24 24 -26 -27 -28 -29 -30 -31
leaf_value=0.0047197950331127796 -0.10171364925937468 -0.025815884157839614 -0.059666824504239657 -0.023773773475963159 -0.18771552802942268 -0.083594442781756428 -2.020246693142171 -10.354648034095977 -0.80338689012576125 0.084945200962627823 -0.038535811705394031 0.024691996114591067 -0.18394972478163191 0.047950461298516045 0.062140812427684926 -0.065971657359298219 -0.10810435291036463 -0.043052894879897378 -0.037171691627387905 -0.0043074193140844128 0.030096648886831945 0.0039024720044482765 0.041360436531887194 -0.027740496218584321 0.0069693062048164431 -0.0014785651419464117 0.071074382251621437 0.043973558204110579 0.0041424535447688324 0.093818352454021647
leaf_weight=1476.6691524542512 7.8409447912253381 151.46073800956742 76.238666265596336 20.122393894110406 1.5522263981828612 1.2090695323925325 0.038322380346545899 0.007702785147120964 0.62388257901722033 9.7106693191833511 16.615826270717665 30.129400221907417 3.4867060072720042 18.935804472304881 26.503651550534414 31.041935043598642 4.0684863225324071 20.072310772899073 7.0677515691204453 290.33030292595504 84.839091532532223 410.84311773306251 54.235404509505315 240.17964586617882 134.27225022016137 1043.3523653766526 6.6455682042578692 36.898410421543304 50.760895773299637 20.231832764480714
leaf_count=161683 95451 253210 534535 82090 757 35630 180 136 435 1160 123 201 23 184 172 190 27 101 49 2101 57202 14113 51596 10709 31611 298237 158 5391 59332 997
internal_value=-0.000585998 -0.00281887 -0.0515648 -0.0396188 -0.163978 -0.306262 -0.427416 -3.41509 -0.364226 0.0116143 0.00214118 -0.00635349 -0.0637573 -0.00365826 -0.00604638 -0.0266864 -0.000933491 -0.00239466 0.0412327 -0.00574186 -0.0002581 0.00426627 -0.000294217 -0.00304194 -0.0152941 -0.00414532 -0.0217434 0.00720473 0.0299154 0.0423665
internal_weight=4275.98 2351.06 117.344 106.072 11.2721 3.4312 2.22213 0.0460252 2.17611 29.8331 1924.92 448.252 20.1025 428.15 409.214 81.2436 327.97 50.2017 33.5714 294.399 2233.72 1032.26 876.429 822.193 374.452 1201.46 158.106 447.742 155.832 105.071
internal_count=1697784 1532930 750374 617785 132589 37138 1508 316 1192 83250 164854 3171 146 3025 2841 492 2349 302 221 2128 782556 230951 113420 61824 42320 551605 253368 19504 117531 58199
is_linear=0
shrinkage=0.08


Tree=168
num_leaves=31
num_cat=0
split_feature=3 1 1 0 6 3 4 10 8 0 0 1 0 1 8 0 3 3 3 2 2 3 1 2 0 2 0 6 1 0
split_gain=4.61039 18.2478 19.0139 57.2193 28.7537 26.0361 29.378 20.4245 14.8699 11.7659 12.0827 11.0308 10.4756 9.95836 38.1978 16.6723 16.593 16.5326 16.0893 22.2555 16.1664 15.4411 19.3783 15.0281 13.057 12.9947 24.9396 18.5823 12.8516 12.8082
threshold=0.79388421773910534 0.86391696333885204 0.77015754580497753 0.74862638115882885 0.41428571939468389 0.69282051920890819 0.9929577410221101 0.15192308276891711 4.5000000000000009 0.61143791675567638 0.836786448955536 0.96362435817718517 0.65419578552246105 0.84660634398460399 2.5000000000000004 0.86240702867507946 0.90366768836975109 0.85145786404609691 0.86319074034690868 0.78456193208694469 0.5025252401828767 0.85313725471496593 0.90219989418983471 0.79795917868614208 0.78456193208694469 0.79431909322738659 0.68108487129211437 0.91666665673255932 0.89323708415031444 0.7897985875606538
decision_type=2 2 2 2 2 2 2 2 2 2 2 2 2 2 2 2 2 2 2 2 2 2 2 2 2 2 2 2 2 2
left_child=1 2 3 7 -5 9 8 -1 12 -4 -11 -3 -7 14 15 18 -17 25 20 24 -2 28 29 -22 -20 26 -16 -27 -15 -23
right_child=13 11 5 4 -6 6 -8 -9 -10 10 -12 -13 -14 21 17 16 -18 -19 19 -21 23 22 -24 -25 -26 27 -28 -29 -30 -31
leaf_value=-0.03871954691764886 0.55252747846645689 0.023516552502441723 0.073550520468839281 0.10227028342574684 -0.089423916321314204 0.072801356180337326 -2.4486103276637534 -0.002119406501144506 -0.073245340844231538 -0.012931302271847245 0.12951956875150816 -0.039964574231791554 -0.031116428189358364 -0.037547301389723911 0.0349454776047163 0.14946734648380408 -0.052898287251997127 -0.023953219159529592 0.091017521897555603 -0.010950526727864271 0.019714648559514891 0.040858483088413715 -0.0018474800523893271 0.071707952889502907 -0.10941028591689911 0.070697112281708399 -0.054474143167999797 -0.072399375798803234 0.0019578033095728827 0.0069963014660867021
leaf_weight=114.50817493339264 0.4011480162047566 187.69704122821412 16.650352885006555 44.464512517535709 5.6435227375946928 6.5021746048557238 0.032429052604128539 660.11079386605172 62.152633012787135 53.552680070950828 4.1027233716222318 19.321835143964393 137.40100508371484 127.0855998348445 44.252361903239077 13.277420460963187 3.2225639782118369 184.22533712186495 23.098409343770928 99.530019164147234 76.311584669392204 116.06819837128705 1850.8672314961882 66.654906250645581 2.2860934457730755 37.479817623194322 36.366791930147315 6.8729935460602709 90.043761894994319 186.12907583663946
leaf_count=505286 329 55569 6096 21034 6736 1795 32 135324 59007 37639 627 5567 94765 73226 21277 1437 384 91097 3025 12655 31298 30692 361802 15880 2088 11397 41528 584 26805 43172
internal_value=-0.000257689 -0.00420577 -0.00828901 -0.00217043 0.0806803 -0.0262857 -0.0409235 -0.00752983 -0.0405446 0.0143127 -0.00279459 0.0175916 -0.026421 0.00148999 0.0107527 0.0318917 0.109944 -0.00871711 0.0270913 0.00610283 0.0453784 -0.000831277 0.00121926 0.0439554 0.0729673 0.013743 -0.00539115 0.0485226 -0.0211645 0.0200021
internal_weight=4276.31 1312.14 1105.12 824.727 50.108 280.394 206.088 774.619 206.056 74.3058 57.6554 207.019 143.903 2964.17 593.979 284.782 16.5 309.197 268.282 124.915 143.368 2370.19 2153.06 142.966 25.3845 124.972 80.6192 44.3528 217.129 302.197
internal_count=1698153 929477 868341 668380 27770 199961 155599 640610 155567 44362 38266 61136 96560 768676 232979 67096 1821 165883 65275 17768 47507 535697 435666 47178 5113 74786 62805 11981 100031 73864
is_linear=0
shrinkage=0.08


Tree=169
num_leaves=31
num_cat=0
split_feature=9 9 4 10 8 2 4 6 17 2 2 5 4 2 3 8 2 8 3 3 2 4 4 4 2 2 12 3 6 8
split_gain=3.21115 39.217 14.1306 21.1283 7.05611 11.0823 9.38834 5.73483 16.6771 15.1859 16.4454 14.0279 12.7883 14.0308 9.81108 16.6506 11.0441 13.4462 27.7672 9.65987 16.6873 11.005 9.39718 9.18534 8.46219 11.695 8.03882 9.69239 7.63925 12.3224
threshold=0.22545801103115085 0.39755295217037206 0.61938297748565685 0.08893280848860742 5.5000000000000009 0.89009663462638866 0.62575301527977001 0.73214286565780651 1.0000000180025095e-35 0.98147514462471019 0.9624941647052766 1.0000000180025095e-35 0.68457102775573742 0.65030118823051464 0.90595519542694103 1.5000000000000002 0.76253134012222301 9.5000000000000018 0.77303028106689464 0.93127068877220165 0.8956778645515443 0.79431909322738659 0.70859703421592724 0.96178188920021068 0.70438539981842052 0.75716626644134533 0.41428571939468389 0.99425286054611217 0.46428571641445165 5.5000000000000009
decision_type=2 2 2 2 2 2 2 2 2 2 2 2 2 2 2 2 2 2 2 2 2 2 2 2 2 2 2 2 2 2
left_child=7 2 -2 -4 -5 6 -6 11 9 10 -9 14 13 26 16 -16 28 23 -19 20 21 22 -10 -18 -14 -26 27 -13 -1 -30
right_child=1 -3 3 4 5 -7 -8 8 19 -11 -12 12 24 -15 15 -17 17 18 -20 -21 -22 -23 -24 -25 25 -27 -28 -29 29 -31
leaf_value=-0.026280141026616088 -0.12364749427104559 0.00014009828907368457 -0.057013213817714216 0.0032117232217823821 0.9804997386238451 1.1325090158800548 0.082505301003135773 -0.012273944367026831 -0.0010860521673973155 0.013912435859100587 -0.10818894878297819 -0.09023885548827669 -0.016804376561188283 0.22976934615623198 0.0095245605060260644 -0.036371447023030121 0.018350961968822563 1.5064186419693686 0.15100380161580343 0.0026624574256432637 0.08984527626068177 -0.0068154461752080323 0.068969024165351681 0.47805428738333194 0.076031033927416239 0.015657085712161414 0.26461671618571475 0.07067565996292198 0.020842643058051624 -0.039120204286608569
leaf_weight=69.689968268843131 13.955112261987663 2235.2144506245395 77.205376368399328 14.828203772005621 0.075427131393853375 0.066391607630066463 6.1361320071175252 583.54157911525181 19.412164506997215 155.63711423345376 11.669465822109485 2.9005844000713035 32.093559093969816 3.5998321580991606 105.24815280539775 97.41214828059401 221.08907320594881 0.10081344880745691 2.3888996669847984 244.85310981416842 23.949504835851258 60.842181391271879 33.235726291452011 0.27852652966976066 26.721955984263332 88.679819903802127 1.1141877749323601 13.761219598010655 94.205684637963728 28.5903065750487
leaf_count=96233 209478 782499 510958 17976 923 7 10858 4384 493 1097 65 336 389 53 2051 10376 19730 43 683 1989 131 578 562 2 192 513 87 1174 13982 9650
internal_value=-0.000192312 -0.00217725 -0.0483154 -0.0376222 0.0333094 0.104399 0.0934097 0.00223328 -0.0014115 -0.00833667 -0.0141544 0.0074753 0.0279127 0.0857418 0.00189974 -0.0125361 0.00892658 0.0210087 0.205887 0.01219 0.0291636 0.0163581 0.0431385 0.0189294 0.0195318 0.029637 0.0565747 0.0426627 -0.00512466 0.00688163
internal_weight=4268.5 2347.48 112.267 98.3115 21.1062 6.27795 6.21156 1921.02 1133.14 750.848 595.211 787.875 168.871 21.3758 619.004 202.66 416.343 223.857 2.48971 382.293 137.44 113.49 52.6479 221.368 147.495 115.402 17.776 16.6618 192.486 122.796
internal_count=1697492 1532699 750200 540722 29764 11788 11781 164793 9299 5546 4449 155494 2744 1650 152750 12427 140323 20458 726 3753 1764 1633 1055 19732 1094 705 1597 1510 119865 23632
is_linear=0
shrinkage=0.08


Tree=170
num_leaves=31
num_cat=0
split_feature=7 3 9 3 8 15 9 9 10 15 1 4 4 11 8 9 8 4 9 1 1 1 4 3 9 1 1 11 1 1
split_gain=3.12793 7.76253 9.48816 6.81815 5.47375 5.37736 6.11433 5.03716 11.3739 7.65434 6.57367 11.448 11.3285 12.5965 7.34514 6.35693 4.19042 5.38553 3.45618 3.39253 2.97402 2.90127 7.12864 2.39008 7.53487 6.67959 7.20075 5.68538 6.81875 8.95492
threshold=3.5000000000000004 0.88493064045906078 0.95258533954620372 0.85313725471496593 12.500000000000002 1.0000000180025095e-35 0.85014972090721141 0.64533194899559032 0.13961039483547213 1.0000000180025095e-35 0.91331186890602123 0.93440860509872448 0.89512962102890026 1.5000000000000002 6.5000000000000009 0.5827293097972871 11.500000000000002 0.81302964687347423 0.42078272998332983 0.87841832637786876 0.9833287000656129 0.4901809841394425 0.56691542267799389 0.48331478238105779 0.57787972688674938 0.87939393520355236 0.94392031431198131 7.5000000000000009 0.93643954396247875 0.62316370010375988
decision_type=2 2 2 2 2 2 2 2 2 2 2 2 2 2 2 2 2 2 2 2 2 2 2 2 2 2 2 2 2 2
left_child=21 2 4 -4 5 -2 19 8 9 16 -9 12 13 -12 -14 20 18 -18 -3 -7 -11 22 -1 24 25 -23 -27 28 29 -26
right_child=1 7 3 -5 -6 6 -8 10 -10 15 11 -13 14 -15 -16 -17 17 -19 -20 -21 -22 23 -24 -25 27 26 -28 -29 -30 -31
leaf_value=-0.065253198473907009 -0.098077208478175026 0.08836803490398408 0.081392954753239946 -0.80404312706202252 0.15835320136808709 -0.0032445189096256318 -0.21501837242452612 0.075376660189972286 0.17331766279941413 0.023518664013816117 -0.27987756601038155 0.064006483569191669 -0.26764648282410114 0.022796206279180515 0.082268341345241594 0.28147472025922282 -0.14636256420644422 0.11885369609371198 -0.073951511597666705 0.18473573654718045 -0.029112292343976071 -0.055900802311614983 0.54245755761172232 -0.0020406760754234535 0.001374699642643609 0.071100140098825981 -0.050014552883416656 -0.047385189660396315 -0.083012861458462803 0.050373407009318
leaf_weight=6.6702828054258125 6.2382749248717975 15.659589275546754 0.080862693335803537 0.17856992254382931 0.83291093855768927 1.3057753690573015 0.52687741671979882 4.2305271349614513 3.6378244898005496 12.698355871627431 1.0580480740754845 4.6589945331870686 2.6011090269457786 5.2292249925230863 0.45041557482181804 0.5049235257320096 1.2402960972722206 0.81004521954309883 0.88708488280099196 1.1605363828639381 14.974171339061286 18.889860015371955 0.12586688472310914 4042.5749950353479 44.049605357222234 7.293517255857294 5.5190282486062188 7.7283619023655765 3.6814581253865972 52.110516597100769
leaf_count=33308 429 849 50 18 30 198 40 571 119 903 26 3039 306 639 63 5 117 18 150 106 295 83997 20 1557178 6557 1502 2168 378 729 3160
internal_value=-0.00147319 0.014301 -0.0503755 -0.528061 -0.0380621 -0.0557837 0.0323627 0.0240286 0.0370602 0.0264629 -0.0120116 -0.0384228 -0.0895233 -0.028139 -0.215998 0.000171737 0.0662983 -0.0415814 0.0796659 0.0852106 -0.00496102 -0.00177056 -0.0539982 -0.00168569 0.00861837 -0.025658 0.0189298 0.0187201 0.0238371 0.0279278
internal_weight=4267.61 78.9644 10.3238 0.259433 10.0644 9.23146 2.99319 68.6406 50.4123 46.7745 18.2283 13.9978 9.3388 6.28727 3.05152 28.1775 18.597 2.05034 16.5467 2.46631 27.6725 4188.64 6.79615 4181.85 139.272 31.7024 12.8125 107.57 99.8416 96.1601
internal_count=1696968 7971 871 68 803 773 344 7100 2456 2337 4644 4073 1034 665 369 1203 1134 135 999 304 1198 1688997 33328 1655669 98491 87667 3670 10824 10446 9717
is_linear=0
shrinkage=0.08


Tree=171
num_leaves=31
num_cat=0
split_feature=8 4 10 4 3 2 3 3 13 4 2 2 9 8 10 2 3 3 4 2 9 4 9 7 15 7 3 2 3 10
split_gain=2.85444 4.96674 14.3563 8.98913 8.64439 19.6854 6.47629 5.84425 9.32173 4.91833 5.55216 7.17376 4.85521 4.2582 10.4997 7.77179 12.3837 5.70786 17.9304 16.6488 6.84167 6.37471 8.79716 4.79569 4.12535 4.12284 8.46609 6.8477 4.33625 4.13587
threshold=8.5000000000000018 0.51668518781661998 0.16228070110082629 0.52027395367622387 0.52704679965972911 0.56543695926666271 0.628892481327057 0.66333335638046276 1.0000000180025095e-35 0.42967033386230474 0.47395551204681402 0.46247655153274542 0.83594325184822094 7.5000000000000009 0.74166667461395275 0.71718621253967296 0.78319624066352855 0.75147059559822094 0.65419578552246105 0.65545505285263073 0.98367321491241466 0.82807883620262157 0.49890829622745519 1.5000000000000002 1.0000000180025095e-35 1.0000000180025095e-35 0.73123827576637279 0.70859703421592724 0.56691542267799389 0.93541666865348827
decision_type=2 2 2 2 2 2 2 2 2 2 2 2 2 2 2 2 2 2 2 2 2 2 2 2 2 2 2 2 2 2
left_child=1 2 -1 25 9 7 -7 8 -6 -4 11 -11 -8 17 -15 16 -16 21 19 -19 -20 22 -5 -23 -12 28 27 -27 29 -3
right_child=-2 3 4 13 5 6 12 -9 -10 10 24 -13 -14 14 15 -17 -18 18 20 -21 -22 23 -24 -25 -26 26 -28 -29 -30 -31
leaf_value=-0.057890035449428771 -0.0049012186979532739 -0.04351166902189494 -0.072398902233327359 -0.033072856346043636 -0.0085243385664773054 -0.098203890089080939 -0.013715372593689166 0.14653999320005801 0.10743943302603161 0.022979082054452565 0.02167348816592091 0.2063105708308893 0.069166152690100458 0.015553538682212535 -0.057501420706016299 0.00031690266693948192 -0.31134785474930105 0.083185997927187436 -0.00040234771859173294 0.01284731357912384 0.07120933867830366 -0.0044722492943811819 -0.0057916254675153154 0.034813588884163818 -0.081597772648601477 0.036314595870894396 -0.15000881503108651 0.57625369494945455 -0.19524270981267264 -0.31600273743245427
leaf_weight=13.752839262516003 763.34814019184523 4.742332298749222 5.3330388385896645 88.638949410789564 6.5738555375053194 3.8929168115843913 13.281751119136688 9.2374121709958974 13.644494045420865 16.23686299644304 4.4291965910349678 1.4914853048909424 6.8597752458008463 208.17101993077404 5.3678790925187041 7.8838087798649212 1.5955480570264624 30.844973136157904 2372.5209136341632 71.363732603112595 8.5692001675670308 41.665955577437444 516.13103775977697 38.044641831499121 5.6127345712441752 3.3127660779999135 1.8791730254751824 0.1574720666540087 2.3491030497669021 0.38546104542911042
leaf_count=94586 481110 4371 8955 295309 7034 1848 1800 743 1664 6508 1564 755 377 66533 514 2723 175 6897 611362 11440 12546 13390 55214 3571 2295 2900 294 18 1171 3
internal_value=-0.00046828 0.000497446 0.0180389 -1.9715e-05 0.030098 0.0499824 -0.0037446 0.093821 0.0697346 -0.0020324 0.0114809 0.0384028 0.0145123 0.000233144 0.0109178 -0.0540796 -0.115666 -0.000519077 0.00126377 0.0340744 -0.000144628 -0.00698727 -0.00979014 0.0142783 -0.0360479 -0.0668661 -0.0132439 0.0608159 -0.105231 -0.0639951
internal_weight=4267.32 3503.97 100.346 3403.62 86.5935 53.4902 24.0344 29.4558 20.2183 33.1033 27.7703 17.7283 20.1415 3390.8 223.018 14.8472 6.96343 3167.78 2483.3 102.209 2381.09 684.481 604.77 79.7106 10.0419 12.8263 5.34941 3.47024 7.4769 5.12779
internal_count=1697670 1216560 128129 1088431 33543 13466 4025 9441 8698 20077 11122 7263 2177 1079674 69945 3412 689 1009729 642245 18337 623908 367484 350523 16961 3859 8757 3212 2918 5545 4374
is_linear=0
shrinkage=0.08


Tree=172
num_leaves=31
num_cat=0
split_feature=7 15 10 7 3 1 1 9 16 10 1 9 9 1 10 3 3 0 8 9 9 8 8 3 3 10 10 11 0 12
split_gain=3.78221 3.18421 4.77061 11.9517 7.1969 31.1805 12.2621 13.2029 15.5985 9.97191 9.55345 10.6096 8.74326 9.75907 9.38397 6.70874 6.29599 5.1311 4.32352 4.29472 4.26764 4.13344 6.2967 6.01269 5.68886 18.4094 5.59801 5.338 4.84604 4.64045
threshold=4.5000000000000009 1.0000000180025095e-35 0.057189542800188072 1.0000000180025095e-35 0.79277813434600841 0.88548010587692272 0.86817279458045971 0.43765547871589666 1.0000000180025095e-35 0.085144929587841048 0.74322345852851879 0.29857499897480017 0.43259048461914068 0.6789083480834962 0.17914438992738727 0.83047896623611461 0.41223156452178961 0.95713412761688244 11.500000000000002 0.65682536363601696 0.55747640132904064 13.500000000000002 11.500000000000002 0.57735043764114391 0.60495716333389293 0.13188406080007556 0.63961037993431102 4.5000000000000009 0.56294015049934398 0.36666667461395269
decision_type=2 2 2 2 2 2 2 2 2 2 2 2 2 2 2 2 2 2 2 2 2 2 2 2 2 2 2 2 2 2
left_child=1 2 3 17 5 12 10 8 -8 -9 15 -12 14 -14 -4 -6 18 -1 -7 -19 -18 22 -3 27 25 -25 -23 29 -29 -24
right_child=-2 21 4 -5 6 16 7 9 -10 -11 11 -13 13 -15 -16 -17 20 19 -20 -21 -22 26 23 24 -26 -27 -28 28 -30 -31
leaf_value=-0.082880717476519539 0.071711007085866543 -0.0028547449235689758 -0.10846853046373969 -0.0015877032410624393 0.040143007633467807 -0.19272265326874888 0.080932729834329212 0.074299334590981495 -0.078948429825034763 -0.0038707265128188409 0.39664069825686038 0.034392775097428822 0.0090334358974959224 -0.014213040693388411 0.046496739383690679 -0.017578783776315002 0.12490328414228102 -0.083098723512639167 0.012738789920895301 -0.40847976397725416 0.060975502608671954 -0.026247359828719442 0.012791026702737652 1.0359176571856272 0.023404113952627214 0.092676313156365875 0.02307850879000652 -0.049049976608612635 0.12860536431823852 -0.10879359736756876
leaf_weight=2.3326707897856518 4.67023054614583 1778.798103380836 10.194280527596925 1098.683920350551 18.085985966037597 0.81675779117085667 23.944026390383872 10.760480958909282 4.6665587364298906 355.39162284148085 0.51903246643814682 169.74614903928523 188.7225445261127 298.20485832232333 3.3138890450642604 44.827012953842242 8.7871373511287043 0.40652285434771307 3.3194238525406945 0.71840840089134872 27.913622403145382 88.411603613794796 3.0741777715505254 0.14283340973613934 77.324017572441676 1.8175304143650246 17.667987107914087 1.8526570985995925 2.0926436195586575 5.7982066169826361
leaf_count=6997 783 628155 161990 507859 4738 105 6570 1842 689 50435 217 24527 97952 61345 4603 8642 1139 65 1460 9 3504 85229 8465 1144 23843 578 1526 59 67 3270
internal_value=-0.000243018 -0.000322118 0.00172122 -0.00205505 0.00528086 -0.00147946 0.0111081 0.00251622 0.0548551 -0.00157346 0.0256539 0.035497 -0.00696445 -0.00520321 -0.0704517 -0.000985146 0.0657362 -0.150558 -0.027833 -0.290895 0.0762815 -0.00266971 -0.00179868 0.0185975 0.0268162 0.161402 -0.0180319 -0.0322393 0.0451809 -0.0666659
internal_weight=4253 4248.33 2271.35 1102.14 1169.21 541.273 627.941 394.763 28.6106 366.152 233.178 170.265 500.436 486.927 13.5082 62.913 40.8369 3.4576 4.13618 1.12493 36.7008 1976.98 1870.9 92.1021 79.2844 1.96036 106.08 12.8177 3.9453 8.87238
internal_count=1697807 1697024 944688 514930 429758 332098 97660 59536 7259 52277 38124 24744 325890 159297 166593 13380 6208 7071 1565 74 4643 752336 665581 37426 25565 1722 86755 11861 126 11735
is_linear=0
shrinkage=0.08


Tree=173
num_leaves=31
num_cat=0
split_feature=2 10 10 10 10 9 16 9 9 9 2 3 1 1 3 7 9 12 0 1 2 3 2 1 3 1 7 0 1 2
split_gain=4.13831 15.5152 9.13262 11.2748 9.87024 9.26566 6.54653 12.0407 10.5929 8.99452 5.08107 10.3904 18.7359 11.9338 8.54015 7.85383 8.16355 13.4137 7.54837 10.7945 7.91737 6.94623 8.49867 9.08529 7.28235 6.23001 6.87804 6.12593 6.07306 6.01173
threshold=0.99425286054611217 0.30384616553783422 0.081666667014360442 0.13961039483547213 0.07275132462382318 0.46188034117221838 1.0000000180025095e-35 0.4884608536958695 0.43259048461914068 0.68535399436950695 0.92403846979141246 0.99425286054611217 0.95713412761688244 0.98147514462471019 0.96824595332145702 3.5000000000000004 0.36886318027973181 0.22500000149011615 0.91715687513351452 0.95713412761688244 0.58885449171066295 0.95861870050430309 0.74115687608718883 0.95861870050430309 0.95488464832305919 0.85313725471496593 1.0000000180025095e-35 0.8216732144355775 0.89512962102890026 0.92718276381492626
decision_type=2 2 2 2 2 2 2 2 2 2 2 2 2 2 2 2 2 2 2 2 2 2 2 2 2 2 2 2 2 2
left_child=10 2 4 5 -2 -4 7 -5 -8 -9 18 13 27 29 -15 16 -14 -18 -1 20 -20 22 23 -21 -24 26 -22 -13 -27 -12
right_child=1 -3 3 6 -6 -7 8 9 -10 -11 11 12 15 14 -16 -17 17 -19 19 21 25 -23 24 -25 -26 28 -28 -29 -30 -31
leaf_value=-0.00070685639314588646 0.0095833728093276949 0.076653246903108305 -0.00055523971935302714 0.10359041489909887 0.22404723985036262 -0.097603309447464967 -0.23975141578354497 -0.10756798804001956 0.047652552231192746 0.05400242145210344 -0.043304523419767857 -0.084727951840630061 -0.057966574554822979 -0.12626062731939375 -0.019642111337795861 0.04725399700971529 -0.022718821741949585 0.16596023909965621 -0.029870066519095108 -0.22077890413638168 0.31530681295666563 0.014959463621325676 -0.046290669724992704 0.066921392243528055 -0.23285611877690265 0.12058882664753615 -0.16650507743842377 -0.20542928060993756 0.042019671903934859 0.0056202528823495581
leaf_weight=3420.7093634495377 262.38225011382019 20.053370165189335 9.9280031964881363 3.2564812744094516 1.3806350072845806 17.211895078115049 0.85635145567357795 9.357632556515453 19.739156137897226 2.8849748529173658 17.365808160440793 6.7315402295862423 29.48504531589424 8.0248570773947012 11.995263253502342 9.3626955276158679 12.443504351009322 2.9911126850711289 9.9820751990664558 0.77970459843345707 0.2173251975327718 47.768480305319827 22.057962654886072 7.0933715366845718 1.4255646525634791 6.9728645855211644 1.4875654892093735 4.4834543333017791 64.888440976368656 216.06890246061448
leaf_count=1613621 12759 26759 140 60 31 327 8 280 1044 660 1151 255 1025 750 1230 1037 1148 2231 815 60 6 3887 3013 1033 93 516 158 425 6099 17311
internal_value=-2.28761e-05 0.00834865 0.00415981 -0.0231454 0.010706 -0.0621023 0.00614673 -0.0331275 0.0357024 -0.0694939 -0.00076739 -0.0104432 -0.0388474 -0.00310309 -0.062379 -0.0193989 -0.0332915 0.0138458 9.38441e-05 0.016931 0.036986 -0.00424496 -0.0335009 0.0384292 -0.0576161 0.0460575 -0.105088 -0.132981 0.0496434 0.00198061
internal_weight=4249.39 347.051 326.997 63.2345 263.763 27.1399 36.0946 15.4991 20.5955 12.2426 3902.33 318.952 65.4974 253.455 20.0201 54.2824 44.9197 15.4346 3583.38 162.673 83.5483 79.1251 31.3566 7.87308 23.4835 73.5662 1.70489 11.215 71.8613 233.435
internal_count=1697932 42068 15309 2519 12790 467 2052 1000 1052 940 1655864 26563 6121 20442 1980 5441 4404 3379 1629301 15680 7594 8086 4199 1093 3106 6779 164 680 6615 18462
is_linear=0
shrinkage=0.08


Tree=174
num_leaves=31
num_cat=0
split_feature=11 4 10 8 9 10 6 0 11 12 13 12 10 4 13 10 10 4 10 4 1 2 9 2 9 2 1 13 0 11
split_gain=3.12057 14.16 9.70244 16.2954 7.96134 7.10413 9.21148 19.7133 77.0088 141.041 7.41521 9.29122 7.39316 6.21805 6.08682 7.04215 6.06243 8.11483 7.96047 6.15009 13.2724 5.96229 5.87181 5.67585 5.6923 5.61966 6.24043 5.73296 5.50088 5.31084
threshold=5.5000000000000009 0.90070420503616344 0.36038962006568914 1.5000000000000002 0.87332859635353099 0.62019231915473949 0.81666666269302379 0.9759001135826112 4.5000000000000009 0.41428571939468389 1.5000000000000002 0.77500000596046459 0.24264705926179889 0.58397436141967785 2.5000000000000004 0.79285714030265819 0.55902779102325451 0.68703359365463268 0.55050507187843334 0.72377106547355663 0.77581480145454418 0.64174234867095958 0.92009389400482189 0.42933948338031774 0.86217218637466442 0.60397014021873485 0.64346247911453258 1.5000000000000002 0.60640108585357677 9.5000000000000018
decision_type=2 2 2 2 2 2 2 2 2 2 2 2 2 2 2 2 2 2 2 2 2 2 2 2 2 2 2 2 2 2
left_child=5 2 3 -2 13 10 7 14 -9 -10 16 -12 -13 23 -7 -16 18 21 -1 20 -19 -18 -6 24 -4 27 -27 -15 -25 -24
right_child=1 -3 4 -5 22 6 -8 8 9 -11 11 12 -14 25 15 -17 17 19 -20 -21 -22 -23 29 28 -26 26 -28 -29 -30 -31
leaf_value=-0.001549992399056056 1.0856093261534476 0.070459188525032287 0.044618315856509057 -0.082414788702412756 0.014728811002286226 0.0075492614452734134 0.046553072246644692 0.080144793717644713 -9.5742309384231064 0.08005838524144103 -0.0076799788181753908 0.14596643330490641 0.040573448971898192 -0.087503439836724262 0.083299316374982932 -0.2663009749149039 -0.0138295346850929 0.02542101123866395 0.051006903857961437 -0.031104214304309978 -0.19585883808261734 0.057146756874539663 -0.023255673201836507 -0.038407333795826074 0.33519496306562191 0.18129456149185344 -0.047762880979019186 -0.2635139690536662 0.10196208091444021 0.021195171683439287
leaf_weight=3647.8608394064149 0.13683266239240666 13.350717158016776 2.4297602549777397 0.17320974345784634 56.842305553378537 149.06383868839112 43.817505594894101 0.13177870446088391 0.01657225308008492 0.023302269197301939 21.164598726735676 5.556548802965156 18.252684676819626 9.2795980326336558 0.55904460814781387 1.0833779281092573 25.681456748388882 2.8356080920784725 18.537919090638752 47.501745784367813 4.4685967816476477 10.743502827695918 107.77233032244476 16.488789890187039 0.5246263418230227 0.78574876952916639 24.376785226835636 1.357628031328203 2.0039115217514327 20.469402132359392
leaf_count=1603449 7 11705 116 37 2745 20357 29648 207 4 56 1672 414 2064 218 81 170 603 108 762 5865 206 394 12055 471 11 22 886 34 24 2795
internal_value=-0.00118989 -0.00975267 -0.0141661 0.433076 -0.0147383 -0.000641521 0.0142632 0.00488571 -0.851948 -3.93236 -0.00140465 0.0308869 0.0651698 -0.0408111 0.00586164 -0.147305 -0.00179114 -0.0221618 -0.00128426 -0.0416129 -0.109954 0.00710485 -0.00667397 -0.006747 0.0962176 -0.0612184 -0.0406101 -0.109968 -0.0231966 -0.0161606
internal_weight=4253.29 255.992 242.641 0.310042 242.331 3997.3 194.695 150.878 0.171653 0.0398745 3802.6 44.9738 23.8092 57.2468 150.706 1.64242 3757.63 91.2309 3666.4 54.806 7.3042 36.425 185.084 21.4471 2.95439 35.7998 25.1625 10.6372 18.4927 128.242
internal_count=1697186 31126 19421 44 19377 1666060 50523 20875 267 60 1615537 4150 2478 1782 20608 251 1611387 7176 1604211 6179 314 997 17595 622 127 1160 908 252 495 14850
is_linear=0
shrinkage=0.08


Tree=175
num_leaves=31
num_cat=0
split_feature=1 13 12 9 11 16 0 3 2 3 3 2 1 2 8 0 6 12 2 3 3 10 8 9 0 1 8 1 0 6
split_gain=5.78001 2.96569 12.7966 12.2886 11.6541 9.05313 4.3934 8.57082 7.47887 5.58879 5.09988 4.66876 4.06247 3.57347 2.71228 4.03447 4.19798 2.863 4.1093 2.54771 3.09778 5.64472 2.48983 2.44946 4.61661 3.70189 2.42362 21.5353 39.3147 28.5188
threshold=0.4901809841394425 1.5000000000000002 0.63333335518836986 0.97035562992095958 2.5000000000000004 1.0000000180025095e-35 0.54261502623558056 0.59299960732460033 0.7320508360862733 0.52479505538940441 0.47559523582458502 0.46247655153274542 0.57321429252624523 0.53144779801368724 18.500000000000004 0.60922586917877208 0.77500000596046459 0.30952382087707525 0.72046512365341198 0.52479505538940441 0.99425286054611217 0.31414473056793218 23.500000000000004 0.87332859635353099 0.70926907658576976 0.7454303801059724 2.5000000000000004 0.90521115064620983 0.91010102629661571 0.26785714924335485
decision_type=2 2 2 2 2 2 2 2 2 2 2 2 2 2 2 2 2 2 2 2 2 2 2 2 2 2 2 2 2 2
left_child=-1 14 3 5 -4 12 9 11 -9 10 -6 -8 -3 -14 26 19 23 18 -18 22 -21 -22 -16 24 -17 -25 27 29 -29 -2
right_child=1 2 4 -5 6 -7 7 8 -10 -11 -12 -13 13 -15 15 16 17 -19 -20 20 21 -23 -24 25 -26 -27 -28 28 -30 -31
leaf_value=-0.079871647885018576 -0.020237451916112571 0.10978400854804531 0.098743915102375027 -0.3537052289655957 -0.0073541696872053905 -0.36058555200816295 -0.0047147200089795952 -0.030314119349974633 0.057493947552337374 0.033434768577800776 -0.14576125856040803 0.078211570511587766 -0.096092033027938673 -0.0081661474456864273 0.032428153581678838 -0.0013185567727358183 0.12363863806344688 0.25613365360685558 -0.045170104686954815 -0.091669687037816402 -0.061585372298718605 0.05518062024118537 -0.048890052541652775 -0.15613592614650931 -0.13898221234838767 0.10673643528497691 0.0013949457375277813 -0.048494896632463071 -0.0030722655253445585 0.013401021981440496
leaf_weight=5.8181290034708573 209.90820220796513 1.3376985134423112 12.308550683699819 0.81375286058755669 3.3669588157645176 0.52709728348418217 5.6621105814447246 21.435648680448143 8.7387413772521523 5.0839779099915177 3.4493103262939258 18.68006101535866 4.3525089190785371 9.2350220481718832 5.5482025971901932 7.3681927793799611 2.3057774880162465 0.51967513532144938 1.5388441223694824 7.9394473746133523 9.2773109981770805 3.7089544015543661 4.260014234060999 0.41581445094197933 1.9774913085454748 1.9541053624343474 2474.2480659951425 155.81064534133839 561.20960085099068 696.57902919726666
leaf_count=33321 121749 77 2001 48 71 42 265 2691 10006 309 43 731 390 505 8449 5817 93 53 22 32536 36049 543 5889 4 732 671 1070291 56053 56618 250494
internal_value=-0.000188817 -7.94645e-05 0.0138968 -0.0507 0.0272436 -0.0347431 0.013993 0.0236061 -0.00488421 -0.030046 -0.0773938 0.0589225 -0.0232357 -0.0363315 -0.000399792 -0.0195469 0.0129217 0.0798937 0.0560714 -0.0365344 -0.0523036 -0.0282363 -0.00289088 -0.0120268 -0.0304474 0.0606141 -0.00018105 -0.00258289 -0.0129427 0.00561162
internal_weight=4245.38 4239.56 94.9914 16.2661 78.7254 15.4523 66.4168 54.5166 30.1744 11.9002 6.81627 24.3422 14.9252 13.5875 4144.57 46.8138 16.0799 4.3643 3.84462 30.7339 20.9257 12.9863 9.80822 11.7156 9.34568 2.36992 4097.76 1623.51 717.02 906.487
internal_count=1696563 1663242 17179 1062 16117 1014 14116 13693 12697 423 114 996 972 895 1646063 90858 7392 168 115 83466 69128 36592 14338 7224 6549 675 1555205 484914 112671 372243
is_linear=0
shrinkage=0.08


Tree=176
num_leaves=31
num_cat=0
split_feature=4 10 8 11 13 10 1 8 2 16 15 2 2 15 1 2 10 2 4 2 2 8 4 7 16 4 8 1 4 2
split_gain=3.19389 18.7206 12.2922 12.2094 6.70549 9.19261 33.2303 6.36466 11.9914 6.26389 5.92064 5.82315 6.08256 7.717 5.66089 6.96931 5.12191 4.89631 4.67125 20.8544 9.74142 8.36266 9.46971 7.83804 10.4181 8.10069 8.77553 7.61916 10.4239 7.32694
threshold=0.97014260292053234 0.30384616553783422 2.5000000000000004 1.5000000000000002 1.0000000180025095e-35 0.18898809701204303 0.84475743770599376 1.0000000180025095e-35 0.99425286054611217 1.0000000180025095e-35 1.0000000180025095e-35 0.74736374616622936 0.93419912457466137 1.0000000180025095e-35 0.94058823585510265 0.89825496077537548 0.17914438992738727 0.89825496077537548 0.92718276381492626 0.81872946023941051 0.93419912457466137 3.5000000000000004 0.94804319739341747 2.5000000000000004 1.0000000180025095e-35 0.93908473849296581 3.5000000000000004 0.87939393520355236 0.93440860509872448 0.82207003235816967
decision_type=2 2 2 2 2 2 2 2 2 2 2 2 2 2 2 2 2 2 2 2 2 2 2 2 2 2 2 2 2 2
left_child=18 2 3 4 7 -6 -7 17 -9 10 16 -4 -13 -14 15 -11 -5 -2 -1 21 23 -20 -23 25 -25 -21 -27 28 -22 -26
right_child=1 -3 11 9 5 6 -8 8 -10 14 -12 12 13 -15 -16 -17 -18 -19 19 20 27 22 -24 24 29 26 -28 -29 -30 -31
leaf_value=4.121450030420534e-05 0.044851617559587609 0.075302658604042547 -0.041308328418839156 -0.13786459625001116 -0.052583761524578783 -3.4738880228204336 -0.25691832263158598 -0.030603026552661967 0.01555267646011501 -0.94762780585317818 -0.13940243072888112 0.090732906468251939 0.099032914164710481 -0.048781480653902629 0.088797344699149169 0.080708551114890281 -0.0029098300087754326 0.0075626456689384825 0.065590805636141974 -0.026695948620332279 0.098848146239761792 0.038745413655682286 -0.10646179988368597 0.15875714100994467 -0.41322921870739399 -0.044713729296804637 -0.12468627089687691 -4.0826960625899976e-06 -0.20177081390711302 -0.015057418299077132
leaf_weight=3508.8900907788275 25.264911814992956 23.852081162274771 3.8539540071142282 2.4977621276339068 8.7058078347108641 0.022498618811369719 0.23732174694305286 79.633380823455809 65.783982889726758 0.077807008579838466 6.8652038613799951 18.134461842744717 3.810435656909247 5.5570196088083321 2.2376011751257465 0.092114903352921829 6.4414618416631129 208.69160411665507 28.924051816768042 41.36642076278622 1.026774770827614 8.1387441234837734 4.4437525681096295 2.2497395858881637 0.29780213582853221 20.719010081247689 15.241531419345845 119.59663411078145 2.6266901861672523 43.455010192774353
leaf_count=1622535 1050 31473 197 84 454 1 238 3500 2790 22 82 569 136 134 267 21 637 10498 1921 3675 85 850 280 223 10 1365 1026 9647 78 4079
internal_value=1.20903e-06 0.00628354 0.00252418 -0.00119816 0.00180413 -0.0665781 -0.535485 0.00342018 -0.00972309 -0.0652169 -0.0835287 0.050787 0.0636927 0.0113455 0.0549924 -0.390165 -0.0406183 0.0115895 -0.0007628 -0.0105557 -0.0193866 0.0419067 -0.0125373 -0.0352825 -0.00913468 -0.050838 -0.0786093 -0.00348059 -0.117284 -0.0177676
internal_weight=4258.74 461.759 437.907 406.551 388.34 8.96563 0.25982 379.374 145.417 18.212 15.8044 31.3559 27.5019 9.36746 2.40752 0.169922 8.93922 233.957 3796.98 288.086 246.58 41.5065 12.5825 123.33 46.0026 77.327 35.9605 123.25 3.65346 43.7528
internal_count=1697927 52153 20680 19644 18531 693 239 17838 6290 1113 803 1036 839 270 310 43 721 11548 1645774 23239 20188 3051 1130 10378 4312 6066 2391 9810 163 4089
is_linear=0
shrinkage=0.08


Tree=177
num_leaves=31
num_cat=0
split_feature=11 4 10 1 10 15 2 0 4 0 4 0 16 13 12 0 3 12 10 2 15 0 1 1 10 4 4 4 11 1
split_gain=2.7363 12.015 7.84895 8.67561 7.10803 8.66463 10.0841 6.96067 6.00839 6.07381 6.6115 5.90226 5.73072 5.1129 5.53839 4.64217 34.8256 4.83828 7.6966 7.61889 4.71913 4.46169 9.54904 4.19696 14.9508 6.85594 6.18765 11.5977 7.08271 5.86988
threshold=5.5000000000000009 0.90070420503616344 0.62019231915473949 0.79772728681564342 0.59166666865348827 1.0000000180025095e-35 0.79205974936485302 0.83910790085792553 0.51668518781661998 0.55612829327583324 0.54950982332229625 0.58898946642875682 1.0000000180025095e-35 1.5000000000000002 0.41428571939468389 0.98484501242637645 0.98571136593818676 0.55000001192092907 0.93541666865348827 0.75905716419219982 1.0000000180025095e-35 0.64549729228019725 0.80810147523880016 0.62316370010375988 0.15192308276891711 0.74646764993667614 0.77459675073623668 0.76689496636390697 1.5000000000000002 0.60495716333389293
decision_type=2 2 2 2 2 2 2 2 2 2 2 2 2 2 2 2 2 2 2 2 2 2 2 2 2 2 2 2 2 2
left_child=2 -2 4 7 13 11 -7 8 -4 10 -10 -6 -9 23 -15 17 -17 18 20 -20 -5 22 -13 24 29 -26 27 -25 -28 -1
right_child=1 -3 3 15 5 6 -8 12 9 -11 -12 21 -14 14 -16 16 -18 -19 19 -21 -22 -23 -24 26 25 -27 28 -29 -30 -31
leaf_value=-0.038223578013822618 -0.011775310163008756 0.069278366983752226 0.050443365896822301 0.0045858780500268002 0.087638005844647107 -0.09238575875651682 7.8370536873721339e-05 -0.23486216605060886 -0.090001072615258859 0.0040991162056444805 0.027154734685395535 -0.024162445929889469 0.082227503265953281 -0.081526583598805602 0.035408209074017538 1.6590461621511603 0.08007300867713997 0.065402896315068959 0.057252064645781822 -0.095954420259515893 0.047829966379979383 0.00045460165141658713 -0.45324518956306703 0.003039711828448104 -0.0018789089689002154 0.62119411254453238 -0.00011842286626806448 0.036098172340250374 -0.012669762824636513 -0.114235015828992
leaf_weight=18.163655854062736 242.23613195016515 12.298909940007432 13.854160739450888 26.689701466602855 4.7683594874251893 19.163196273213547 12.454804150114795 1.4081531570700452 9.9273178631774481 61.535759309408604 4.4714069604378883 1.2976510875450937 0.49230329242709547 2.7719466915513413 39.98629781496637 0.093625420842726403 1.9801016502497077 20.050177691722638 3.0755493637043383 6.4008570069127018 40.900393836156582 16.988571583899102 0.44603355214348983 1317.7411876223046 131.82909323191504 0.11312060058116813 1827.565100737319 71.609049625070838 341.50790560679889 10.127368683109529
leaf_count=164727 19482 11820 492 2746 138 820 1951 38 234 4578 235 68 101 492 3353 31 8366 28780 365 904 3835 2658 39 786588 66416 2 468494 53107 26369 39815
internal_value=0.00018428 -0.00785887 0.000695149 0.0165265 -9.66386e-05 -0.0286171 -0.0559628 -0.00121277 0.00199405 -0.00684547 -0.0536193 0.00817407 -0.152722 0.000321291 0.0278275 0.0329243 0.151361 0.0303953 0.0212875 -0.0462316 0.0307539 -0.0120538 -0.133922 5.01648e-06 -0.0126603 -0.00134472 0.000575328 0.00474359 -0.00209456 -0.0654335
internal_weight=4261.95 254.535 4007.41 190.88 3816.53 55.1186 31.618 91.6891 89.7886 75.9345 14.3987 23.5006 1.90046 3761.41 42.7582 99.1904 2.07373 97.1167 77.0665 9.47641 67.5901 18.7323 1.74368 3718.66 160.233 131.942 3558.42 1389.35 2169.07 28.291
internal_count=1697044 31302 1665742 50705 1615037 5674 2771 5678 5539 5047 469 2903 139 1609363 3845 45027 8397 36630 7850 1269 6581 2765 107 1605518 270960 66418 1334558 839695 494863 204542
is_linear=0
shrinkage=0.08


Tree=178
num_leaves=31
num_cat=0
split_feature=0 3 1 1 8 1 1 4 8 4 3 0 4 10 2 8 0 8 1 10 0 10 4 1 1 8 1 11 2 8
split_gain=4.31499 13.9051 17.5379 13.3265 12.2756 22.2205 16.655 9.31296 15.0893 9.26427 20.7901 18.7551 14.5179 40.7087 8.98847 10.3669 7.7794 7.72016 7.45302 7.24127 6.95057 6.73764 6.66985 8.04067 6.59018 6.58114 7.92623 6.57471 6.53338 5.90703
threshold=0.88621979951858532 0.91331186890602123 0.84028983116149913 0.96684980392456066 2.5000000000000004 0.89323708415031444 0.91042780876159679 0.87585616111755382 1.5000000000000002 0.90595519542694103 0.9569842815399171 0.91331186890602123 0.90366768836975109 0.27525253593921667 0.81872946023941051 1.0000000180025095e-35 0.89512962102890026 3.5000000000000004 0.9529346525669099 0.63068181276321422 0.96178188920021068 0.21240601688623431 0.91734972596168529 0.92403846979141246 0.91331186890602123 3.5000000000000004 0.84028983116149913 1.5000000000000002 0.89009663462638866 2.5000000000000004
decision_type=2 2 2 2 2 2 2 2 2 2 2 2 2 2 2 2 2 2 2 2 2 2 2 2 2 2 2 2 2 2
left_child=22 3 -3 4 5 7 25 8 -2 10 11 -4 29 -14 15 -11 -7 28 -13 27 -17 -5 -1 -24 -18 26 -6 -16 -8 -12
right_child=1 2 9 21 6 16 17 -9 -10 14 12 18 13 -15 19 20 24 -19 -20 -21 -22 -23 23 -25 -26 -27 -28 -29 -30 -31
leaf_value=-0.0019341336372771969 0.099486426729486224 -0.11076177894233279 -0.10900720485794989 -0.072282439041721394 0.16338395000759268 -0.05492375650999469 -0.040529887523965635 0.062006259934882575 0.48518756181048739 0.10503373372516606 -0.30253839580857195 0.059843196804675022 0.048754303666469608 -0.85173248600793539 0.0016683660850850346 0.034437594331827234 0.047461970611807472 0.13276888239428458 -0.10990567898669885 0.051390868026989535 -0.046595219665981027 0.078171048939838533 0.010995498364310113 -0.05044195260885239 -0.0073748984452166244 -0.055832361835739364 -0.026282531002513387 -0.024273749202051276 0.10106761970268283 0.079887044160012327
leaf_weight=3151.1229494542167 2.3607635713051454 9.1469214177159284 22.93318921761238 12.210209329223288 2.560618285671806 15.15493453541785 3.6108595392615843 25.931855681719753 0.89535416706348758 10.765561293075733 0.26370659324311141 7.6805016479847819 1.2967378006869701 0.42713574624212913 675.73861678234425 30.405409688490181 19.704317016221466 19.03952299469529 2.1101941926608561 17.458359464139903 8.7166458794308692 2.2570818797757957 21.000327956973706 38.864088756105048 48.670886044124927 7.2860709362848866 3.138598115867353 68.898888192787126 4.9367318937365781 13.084764568044191
leaf_count=1578054 222 1354 9296 742 168 3094 751 2086 114 1013 81 801 78 78 34304 2755 1798 2041 437 28373 821 619 1789 2815 6503 805 393 14433 473 985
internal_value=-0.000987885 0.00349957 -0.000571444 0.024586 0.031513 0.0179307 0.0692473 0.078019 0.205545 0.000600835 -0.033627 -0.0694349 0.0441164 -0.174365 0.0026156 0.0355135 -0.003066 0.104413 0.0232571 0.000462075 0.016383 -0.0488098 -0.00243668 -0.0288898 0.00842795 -0.00546194 0.0589333 -0.000731974 0.0412509 0.072332
internal_weight=4247.67 1036.68 868.927 167.758 153.291 112.718 40.5724 29.188 3.25612 859.78 47.7962 32.7239 15.0723 1.72387 811.983 49.8876 83.5301 27.5871 9.7907 762.096 39.1221 14.4673 3210.99 59.8644 68.3752 12.9853 5.69922 744.638 8.54759 13.3485
internal_count=1697276 114618 94809 19809 18448 13817 4631 2422 336 93455 11756 10534 1222 156 81699 4589 11395 3265 1238 77110 3576 1361 1582658 4604 8301 1366 561 48737 1224 1066
is_linear=0
shrinkage=0.08


Tree=179
num_leaves=31
num_cat=0
split_feature=12 10 9 3 9 4 2 8 2 0 11 8 4 3 0 8 4 12 3 2 3 9 8 0 7 3 10 9 16 11
split_gain=3.787 9.41858 8.01097 7.22473 12.7423 15.1654 10.7259 9.96869 9.15847 6.94403 6.1112 5.50735 5.46134 7.25811 13.6849 11.064 6.74274 7.27288 6.50757 5.14326 12.3158 14.5801 7.70758 7.15412 7.23155 6.25335 19.6777 4.77968 16.6486 10.8403
threshold=0.41428571939468389 0.93541666865348827 0.98367321491241466 0.68457102775573742 0.71885213255882274 0.5912291705608369 0.680425524711609 11.500000000000002 0.5025252401828767 0.56980520486831676 7.5000000000000009 6.5000000000000009 0.77459675073623668 0.81530213356018078 0.77003204822540294 13.500000000000002 0.7933771312236787 0.15476191043853763 0.98571136593818676 0.84889996051788341 0.89323708415031444 0.71885213255882274 8.5000000000000018 0.60397014021873485 1.5000000000000002 0.8941769301891328 0.93541666865348827 0.65682536363601696 1.0000000180025095e-35 2.5000000000000004
decision_type=2 2 2 2 2 2 2 2 2 2 2 2 2 2 2 2 2 2 2 2 2 2 2 2 2 2 2 2 2 2
left_child=1 2 3 4 5 6 -1 8 -6 -9 -3 -12 13 14 -5 -15 18 -18 -14 27 -21 -22 25 -24 -25 26 -23 -2 29 -29
right_child=19 10 -4 12 7 -7 -8 9 -10 -11 11 -13 16 15 -16 -17 17 -19 -20 20 21 22 23 24 -26 -27 -28 28 -30 -31
leaf_value=-0.071699317848058094 0.0084437686963612073 -0.03972136903125402 0.067835877565473185 -0.011571703671644567 0.031476267617494474 -0.013669558326796316 0.79733770973652229 0.0094257877950605327 -0.02063866067218998 0.10945027144654802 -0.040877975172041857 -0.26963914292212504 -0.0082205686320807186 0.014842704713256834 0.039721280853776519 -0.013717191376963324 -0.00072707452387641119 -0.041129510600029943 -0.044687424997055435 0.061755193749978801 -0.0042487207079426751 0.080372480427334192 -0.78492200921079602 -0.72879876991941117 -0.026320058394032043 0.068965266239439729 -2.0198950032408964 -0.02541113516676512 0.038033857252621081 -7.9403279969474699e-05
leaf_weight=42.345967775025912 359.23112265765963 14.974278239387788 10.686222516989799 269.84894434417066 31.709165077306281 111.90554598327722 0.091090113770404879 8.6078667857424467 67.568977389979409 9.178442551114129 1.1959441224753384 1.5418999369721857 105.23501436557353 497.21120701622232 37.974073454769666 105.17504544826983 1728.8796505874332 28.993063679381521 44.588337714326371 30.980586139397928 138.84902568229518 0.11408986613969929 0.091533072292804163 0.098724760842742287 1.8753817230608545 29.458308482565371 0.038078792189480737 157.07574553998541 55.921061825080301 346.87190014601924
leaf_count=288788 222920 523 1538 222808 2247 129240 185 1453 2816 380 58 16 100573 151178 42052 84274 334865 2035 5508 4394 5792 59 1 16 376 48377 26 3834 17723 23950
internal_value=-0.000209397 -0.00164307 -0.0013107 -0.00154989 -0.0140158 -0.0291122 -0.069834 0.00588797 -0.0039933 0.0610424 -0.0598146 -0.169712 -0.000349233 0.00474948 -0.00524403 0.00985622 -0.00278195 -0.00139344 -0.0190733 0.00377932 0.0153543 0.0069243 0.0559001 -0.0935095 -0.0614509 0.066323 -0.4452 0.00124159 -0.00337958 -0.00797507
internal_weight=4238.32 3117.71 3100 3089.31 271.407 154.343 42.4371 117.064 99.2781 17.7863 17.7121 2.73784 2817.91 910.209 307.823 602.386 1907.7 1757.87 149.823 1120.61 201.506 170.525 31.6761 2.06564 1.97411 29.6105 0.152169 919.1 559.869 503.948
internal_count=1698005 1370537 1369940 1368402 425109 418213 288973 6896 5063 1833 597 74 943293 500312 264860 235452 442981 336900 106081 327468 59041 54647 48855 393 392 48462 85 268427 45507 27784
is_linear=0
shrinkage=0.08


Tree=180
num_leaves=31
num_cat=0
split_feature=5 2 9 4 1 7 2 3 10 0 4 2 2 16 7 7 0 1 1 1 4 11 10 1 10 0 1 4 1 0
split_gain=3.77451 5.23942 7.96505 8.93336 23.5242 7.25181 8.00306 8.982 8.19199 7.14338 12.2994 9.13012 8.4605 8.09593 8.17794 7.1763 8.13764 7.06558 7.04334 6.96743 8.77783 6.81475 6.69698 6.47783 8.48353 5.38596 5.286 4.96112 4.72574 4.59144
threshold=1.0000000180025095e-35 0.92718276381492626 0.74106001853942882 0.96490147709846508 0.95861870050430309 3.5000000000000004 0.99425286054611217 0.95101958513259899 0.081666667014360442 0.88621979951858532 0.91024166345596325 0.836786448955536 0.60107529163360607 1.0000000180025095e-35 2.5000000000000004 1.5000000000000002 0.82413583993911754 0.94570022821426403 0.9495762586593629 0.92637759447097789 0.87762087583541881 1.5000000000000002 0.13961039483547213 0.97332859039306652 0.17519181966781619 0.88153818249702465 0.88548010587692272 0.9529346525669099 0.93908473849296581 0.94791102409362804
decision_type=2 2 2 2 2 2 2 2 2 2 2 2 2 2 2 2 2 2 2 2 2 2 2 2 2 2 2 2 2 2
left_child=29 9 5 4 -4 6 7 27 18 10 11 19 -11 14 25 -13 -17 -9 -8 20 -2 -14 -10 -23 -25 -12 -15 -3 -7 -1
right_child=1 2 3 -5 -6 28 8 17 22 12 13 15 21 26 -16 16 -18 -19 -20 -21 -22 23 -24 24 -26 -27 -28 -29 -30 -31
leaf_value=-0.0013819769084815279 0.02226488166880284 -0.14740518435819117 -2.0447741251217257 0.071147703271922158 -0.036986336939804125 -0.18382053711123303 0.04681634835875978 -0.14136800799264873 -0.063750393298651412 -0.037081437712078627 0.086697547418791709 0.063857434465679444 0.028284639733471062 0.064681849536577712 -0.340380450210023 0.14770083867688055 0.013307973289218742 -0.036013441296974751 -0.00012199931416023413 -0.00078173034219771137 0.16077000303235395 0.04063081558530212 -0.0045500511264958037 -0.30998665133772468 -0.030555188733507911 -0.07891671960368267 -0.049536331484534638 0.028269678504291764 0.051353231389281877 0.0205497900089197
leaf_weight=2709.8364796996411 41.774869392719665 1.0889302958312352 0.03764329731348226 16.757625890380041 4.7484494322125101 0.56502798499423335 22.851515582035063 4.3351807490544152 22.304681656256435 16.002953196595627 6.7804308279592043 23.526625222337316 198.66989352901146 2.7393673350597956 0.3470053917262711 2.9452067906677248 137.72193583617263 67.621673877652938 195.49021961617109 554.97299773121813 3.1491922338173017 9.2126061385952216 27.074220244925527 0.72382785083027812 17.676719514329307 1.5426794160885036 48.600645060094394 18.638294429831149 17.002932329625764 62.50068649172681
leaf_count=1455871 11756 37 39 24891 2443 21 1075 299 311 2060 513 2325 8544 464 44 311 11569 3336 10510 137560 654 5304 1722 17 6031 105 3592 715 629 4917
internal_value=0.000848104 0.00413282 -0.00369357 0.0436167 -0.0527779 -0.00639732 -0.00885049 -0.02925 -0.00186443 0.00705759 0.00350735 0.00624628 0.0191332 -0.0313667 0.0401367 0.0229616 0.0161218 -0.0423607 0.00479054 0.00167123 0.0319741 0.0231088 -0.0312911 -0.0141301 -0.0415473 0.0560011 -0.043442 0.0185725 0.0437895 -0.000887538
internal_weight=4237.24 1464.9 398.516 21.5437 4.78609 376.973 359.405 91.6841 267.721 1066.39 824.101 764.091 242.286 60.0101 8.67012 164.194 140.667 71.9569 218.342 599.897 44.9241 226.283 49.3789 27.6132 18.4005 8.32311 51.34 19.7272 17.568 2772.34
internal_count=1697665 236877 46028 27373 2482 18655 18005 4387 13618 190849 168893 164175 21956 4718 662 14205 11880 3635 11585 149970 12410 19896 2033 11352 6048 618 4056 752 650 1460788
is_linear=0
shrinkage=0.08


Tree=181
num_leaves=31
num_cat=0
split_feature=13 11 1 3 12 10 2 0 1 10 6 15 10 6 10 8 6 2 3 0 1 1 1 0 6 1 0 7 11 1
split_gain=5.98365 8.32479 8.27028 11.1734 7.67538 7.47875 7.34188 7.26404 8.55311 8.04247 6.69144 16.6475 16.042 15.8305 15.7342 12.2675 12.6022 9.9586 18.6971 17.4137 17.1954 15.1241 14.5209 14.9079 8.97185 8.81818 7.62605 7.02121 10.3797 6.67345
threshold=1.0000000180025095e-35 6.5000000000000009 0.6308579444885255 0.65240275859832775 0.22500000149011615 0.77350428700447094 0.57659712433815014 0.74115687608718883 0.91042780876159679 0.93541666865348827 0.13392857462167743 1.0000000180025095e-35 0.21583850681781772 0.58571431040763866 0.46410256624221807 4.5000000000000009 0.15476191043853763 0.78007438778877269 0.7454303801059724 0.6911335587501527 0.74322345852851879 0.680425524711609 0.77581480145454418 0.74601566791534435 0.21111111342906955 0.93419912457466137 0.60397014021873485 2.5000000000000004 6.5000000000000009 0.85028737783432018
decision_type=2 2 2 2 2 2 2 2 2 2 2 2 2 2 2 2 2 2 2 2 2 2 2 2 2 2 2 2 2 2
left_child=1 2 3 -1 5 -2 -5 -3 9 -9 17 13 24 14 26 16 -14 18 19 21 -21 -6 23 -20 -13 -17 -12 -15 -29 -16
right_child=4 7 -4 6 10 -7 -8 8 -10 -11 11 12 15 27 29 25 -18 -19 22 20 -22 -23 -24 -25 -26 -27 -28 28 -30 -31
leaf_value=-0.060865436743165469 -0.064440310421464253 0.062478789423116278 -0.0015587943466677584 0.073224844523709587 0.0078790754651809122 -0.78789868906000859 -0.016323767769859769 -0.0061712897431473162 0.059080854796526361 -0.14915609201053523 0.11327986657809906 0.11978892632617127 0.45934359645843614 0.01315099301003137 -0.024922798703585717 -0.039415358231313251 0.03353406263067895 0.05137743927690492 -0.054089108901788661 0.077006186008129779 0.0033075095158477123 -0.024322275835907719 -0.088633432910433185 0.076339335177928083 -0.068772666703755148 0.048988661595758647 0.055403069399980909 -0.046001585660008448 -0.57319306445969598 0.072713534449024134
leaf_weight=35.501917809122929 7.7582843710235911 23.749260786891682 3216.1426887575099 7.4733911974902929 286.94601415694183 0.092540458077564725 27.13593062031223 18.475773908052364 11.845541720544132 2.9148041363368966 19.285441798469023 1.7150438985445635 0.44892450117185134 57.000006225919719 19.70851594678243 34.417088517900517 48.797395209759543 24.545363605415332 13.991503170177454 38.082668675876221 43.29750102647813 138.3568328055436 26.109586254559531 9.3609843560443533 27.667032193811881 9.1387586444216122 59.595192899619107 10.106148487514471 0.24480610570208305 5.7984627421792529
leaf_count=164157 11193 1165 1154320 8216 128468 3 14181 749 2992 241 15929 4175 15 22178 2335 2190 27491 3214 2775 3161 9881 67238 7877 873 13409 6372 8442 9222 423 5031
internal_value=-7.90249e-05 -0.00162566 -0.00215135 -0.0293328 0.00578045 -0.072968 0.00301298 0.0286896 0.00454519 -0.0256552 0.00648733 0.0163228 -0.00624936 0.032382 0.0518916 0.0100614 0.0374157 0.00150897 -0.000691968 0.00389104 0.0377955 -0.00259646 -0.0476397 -0.00180609 -0.0577662 -0.0208667 0.0695533 0.0021438 -0.05847 -0.00272728
internal_weight=4225.7 3343.24 3286.25 70.1112 882.464 7.85082 34.6093 56.9854 33.2361 21.3906 874.613 293.923 122.184 171.739 104.388 92.8022 49.2463 580.69 556.145 506.683 81.3802 425.303 49.4621 23.3525 29.3821 43.5558 78.8806 67.351 10.351 25.507
internal_count=1697916 1346021 1340874 186554 351895 11196 22397 5147 3982 990 340699 117212 53652 63560 31737 36068 27506 223487 220273 208748 13042 195706 11525 3648 17584 8562 24371 31823 9645 7366
is_linear=0
shrinkage=0.08


Tree=182
num_leaves=31
num_cat=0
split_feature=4 0 1 2 8 0 9 2 9 1 8 9 3 2 4 0 2 0 16 8 14 9 2 1 9 9 3 3 11 8
split_gain=4.23371 11.4267 11.5301 10.9922 8.2535 9.27349 22.1299 7.25963 6.33868 5.72257 7.74646 5.90409 5.68216 8.99147 5.53181 6.61881 6.23149 6.8296 6.0085 8.14787 73.8864 5.1965 5.01927 5.01885 5.28181 95.1324 4.95208 4.83826 4.64867 4.58288
threshold=0.51668518781661998 0.52479505538940441 0.57321429252624523 0.52223318815231334 8.5000000000000018 0.52679425477981578 0.60041153430938732 0.56543695926666271 0.92762354016304027 0.64241620898246776 9.5000000000000018 0.91184088587760936 0.62258651852607738 0.52419984340667736 0.52027395367622387 0.54923510551452648 0.48404073715209966 0.55217784643173229 1.0000000180025095e-35 14.500000000000002 1.0000000180025095e-35 0.83594325184822094 0.70859703421592724 0.7454303801059724 0.45326766371726995 0.45174786448478704 0.53694942593574535 0.4246212244033814 8.5000000000000018 6.5000000000000009
decision_type=2 2 2 2 2 2 2 2 2 2 2 2 2 2 2 2 2 2 2 2 2 2 2 2 2 2 2 2 2 2
left_child=1 8 -3 23 7 6 -6 21 9 12 28 -12 26 -14 15 18 -17 -18 -2 20 22 -5 -20 24 25 -4 29 -26 -11 -1
right_child=14 2 3 4 5 -7 -8 -9 -10 10 11 -13 13 -15 -16 16 17 -19 19 -21 -22 -23 -24 -25 27 -27 -28 -29 -30 -31
leaf_value=-0.0028335905408448017 -0.11677706451821117 0.099916127028214743 -0.080101598053155421 0.22252105705107195 2.4460577185547452 -0.084903013173437389 -0.0015926629159628556 0.006112994315510642 0.050421478228447891 0.056607652129641174 -0.0011668856012364093 -0.19350932103212551 0.10443845821875355 -0.019085448391551605 -0.00037745526037672979 0.11186651537116622 0.14083830960448712 -0.088808289341126043 0.041113266860387111 -0.10895725736829454 6.3249979588565557 0.080146324943185812 0.53365075138428786 0.17832406524894151 0.044653436601219017 7.9708149671237525 -0.09508602352690422 -0.10463947001397951 0.348770362896201 -0.071455140493355412
leaf_weight=18.433613735111365 8.2989265172872546 16.904066034470191 0.1718140067587316 2.9705804228502535 0.031668256084202873 2.936941197298224 0.093262194168346468 3.8785048617416846 14.099827510493922 13.622085568424772 29.392866691693506 1.0581378072674841 4.9113115470346846 16.250080460786823 4044.4302399613343 2.6108912534815536 1.0488919268616839 3.9500351601064572 0.74136960789424344 1.1074992901568501 0.012488247826695442 3.6647895827190951 0.16121024925087113 0.56784199691667048 1.7246556540902886 0.0099365391118420021 8.7269713573550458 7.1443816426169944 0.35769723262637931 9.4074650172874019
leaf_count=53335 9392 6088 8953 4351 415 3229 35 2477 1049 9856 89676 38 6467 10661 1374817 698 129 1678 1681 1060 1 61 13 394 214 60 38741 3731 4 68696
internal_value=-7.68222e-05 0.012841 0.0496658 0.0130433 0.0594003 -0.0561883 0.618855 0.0930623 0.000140002 -0.00679969 0.0147828 -0.00785057 -0.0234104 0.00958301 -0.000574023 -0.0449101 0.0116954 -0.0406231 -0.0866441 0.0369966 0.213643 0.143886 0.129086 -0.0523851 -0.0668597 0.360052 -0.0425032 -0.0756083 0.0640831 -0.0260207
internal_weight=4218.72 156.358 40.0984 23.1944 13.5757 3.06187 0.12493 10.5139 116.26 102.16 44.4308 30.451 57.7294 21.1614 4062.36 17.9313 7.60982 4.99893 10.3215 2.02257 0.915068 6.63537 0.90258 9.61863 9.05079 0.181751 36.5681 8.86904 13.9798 27.8411
internal_count=1698000 308531 30008 23920 10568 3679 450 6889 278523 277474 99574 89714 177900 17128 1389469 14652 2505 1807 12147 2755 1695 4412 1694 13352 12958 9013 160772 3945 9860 122031
is_linear=0
shrinkage=0.08


Tree=183
num_leaves=31
num_cat=0
split_feature=5 6 9 1 9 4 4 9 12 6 9 4 2 4 3 3 4 16 10 4 13 3 9 1 12 9 1 2 11 9
split_gain=4.86825 6.10463 20.0424 16.009 8.14037 7.49725 7.63838 7.40289 9.62748 8.50503 14.9325 13.0185 6.68042 12.5446 14.1238 14.289 7.90668 6.63244 11.0352 6.57983 6.25158 6.10121 6.74625 6.6762 5.79793 5.19041 4.95881 4.55858 4.2872 8.02957
threshold=1.0000000180025095e-35 0.6904762089252473 0.65682536363601696 0.99367088079452526 0.97603827714920055 0.91476997733116161 0.88185444474220287 0.59424430131912243 0.36666667461395269 0.81666666269302379 0.71885213255882274 0.80901724100112926 0.81872946023941051 0.82426470518112194 0.90219989418983471 0.94570022821426403 0.95488464832305919 1.0000000180025095e-35 0.71008405089378368 0.68703359365463268 1.0000000180025095e-35 0.9634092152118684 0.38364128768444067 0.92907443642616283 0.63333335518836986 0.68535399436950695 0.96609193086624157 0.40862709283828741 1.5000000000000002 0.68535399436950695
decision_type=2 2 2 2 2 2 2 2 2 2 2 2 2 2 2 2 2 2 2 2 2 2 2 2 2 2 2 2 2 2
left_child=-1 2 5 25 17 6 20 12 9 10 -9 -12 21 -14 16 -16 -15 18 -5 -19 27 22 -3 -24 -22 -4 -7 -2 -11 -30
right_child=1 7 3 4 -6 26 -8 8 -10 28 11 -13 13 14 15 -17 -18 19 -20 -21 24 -23 23 -25 -26 -27 -28 -29 29 -31
leaf_value=-0.0018072222975386836 -0.054358237958586776 -0.002790799434828723 -0.058380628371565768 -0.072599585318976728 0.080577722424484272 0.028798799149528233 0.081330983794499961 0.13179235886785817 0.062697848501747505 0.032768268279424112 0.028480033611379393 -0.18374596324284018 0.10502543955830725 -0.080146631903910623 0.057704825750989557 0.0017398904420012507 0.019100550921056707 0.0097195175808693808 -0.26582172375472385 -0.066788851598542948 0.17824324768308014 -0.018859001284962731 -0.035194106779408173 0.09491459351996856 0.03196234955727454 0.042604443595144315 -0.034811670190491049 0.025572266165703066 -0.045836759448687481 0.014964101369028598
leaf_weight=2767.7626047852227 4.692753485661739 109.37163896967559 3.8202760755521039 10.271255645056952 2.84125276386112 12.887370448199361 17.781986567142667 2.0416402129922053 24.674293445650164 49.907814831036376 2.8328290157951397 5.3313108118018135 7.6602417289250289 20.017599279257414 30.713668396521825 591.6117303257779 6.9109747106776913 11.197941406091561 2.3187162373797028 20.120521745186124 3.2726640518662 211.79681117938799 3.4874101162895377 9.1370777159863774 3.68865558822705 22.10687938402225 20.039390634286974 169.7518614685433 17.087150418432429 74.556568210449768
leaf_count=1460730 28987 3716 123 616 3185 1036 1153 23 45262 1313 66 216 131 1373 944 27964 299 648 538 2080 425 17675 594 1079 210 7011 908 80217 314 9000
internal_value=0.000169695 0.00388702 0.0139688 -0.0226933 -0.0506549 0.0254479 0.0312936 0.00125423 0.016352 0.00881664 -0.0617155 -0.110107 -0.00143449 0.00324829 0.00204747 0.00450193 -0.0546757 -0.0591468 -0.108186 -0.0394332 0.0263888 -0.0106503 0.0036007 0.0589731 0.100732 0.0277246 -0.00991485 0.023422 0.013902 0.00362766
internal_weight=4239.69 1471.93 304.792 72.6768 46.7497 232.115 199.188 1167.14 176.432 151.757 10.2058 8.16414 990.707 656.914 649.254 622.325 26.9286 43.9084 12.59 31.3185 181.406 333.793 121.996 12.6245 6.96132 25.9272 32.9268 174.445 141.552 91.6437
internal_count=1697836 237106 127137 14201 7067 112936 110992 109969 56194 10932 305 282 53775 30711 30580 28908 1672 3882 1154 2728 109839 23064 5389 1673 635 7134 1944 109204 10627 9314
is_linear=0
shrinkage=0.08


Tree=184
num_leaves=31
num_cat=0
split_feature=8 4 16 4 0 9 0 1 5 3 9 0 3 3 9 4 3 0 1 10 1 10 9 3 4 3 3 3 3 3
split_gain=2.59039 8.91289 9.58928 12.0771 8.47921 8.41287 7.86244 6.76178 15.9522 36.0705 48.0024 152.953 14.9836 11.2669 10.9478 13.1791 10.383 8.73619 10.5752 8.06946 7.7419 7.44579 13.0223 7.47639 7.40957 7.11775 6.7625 10.0324 9.30626 7.04951
threshold=4.5000000000000009 0.90366768836975109 1.0000000180025095e-35 0.90595519542694103 0.90366768836975109 0.83594325184822094 0.86240702867507946 0.92907443642616283 1.0000000180025095e-35 0.81530213356018078 1.0000000180025095e-35 0.73746865987777721 0.93582704663276683 0.86391696333885204 0.57787972688674938 0.5912291705608369 0.4901809841394425 0.56980520486831676 0.65599384903907787 0.15587044507265094 0.88548010587692272 0.081666667014360442 0.22545801103115085 0.72821971774101268 0.60421237349510204 0.99425286054611217 0.62575301527977001 0.93643954396247875 0.87585616111755382 0.93788579106330883
decision_type=2 2 2 2 2 2 2 2 2 2 2 2 2 2 2 2 2 2 2 2 2 2 2 2 2 2 2 2 2 2
left_child=-1 7 6 5 -5 -4 -3 14 9 10 11 -9 13 -11 15 20 17 18 -16 -18 -2 22 -17 -23 -19 -21 -10 28 -28 -29
right_child=1 2 3 4 -6 -7 -8 8 26 12 -12 -13 -14 -15 16 21 19 24 -20 25 -22 23 -24 -25 -26 -27 27 29 -30 -31
leaf_value=0.0010653601835281139 -0.076114285497998438 0.21884121190889649 -0.11059426302345818 -0.053240321580705574 0.006775381096643527 -0.44805510044045899 0.004194451138315681 3.0103155432114206 -0.048745815364172697 0.070877870780607963 0.11890346315339372 0.3129187398000432 0.072296515454455201 -0.028658195009917495 -0.027985636443420191 -0.013266554284456627 0.032496329966210553 0.093858525301818541 0.058161991218430124 -0.0037884703469096125 0.072499658927901292 0.038966661114644911 -0.079568322667926558 -0.014463289688734565 0.013902974902952737 -0.041480220117527208 0.013736495300606024 -0.084585241371988043 0.08388963835135059 -0.0009057267613410085
leaf_weight=2545.0616817679365 31.640706474175573 1.1340706900518878 1.3082313073900871 51.229292593310674 21.343174013749376 0.74037409192533221 29.557216606259317 0.15526948217302372 17.542735722270095 9.2198475848826984 7.1588219022987687 1.0077105154050512 22.786374112754856 34.559655801199369 24.530056856446066 168.34468851976939 36.559893484442227 18.101776567280471 14.516618621844513 448.03515218579366 2.4146109711804504 31.14788721626843 21.365280066402676 36.288377501454647 12.567939740920336 34.536606495625165 47.25543101172012 6.5228937870124346 16.268440123104156 527.2485561199245
leaf_count=807588 291426 219 218 4377 1824 48 2258 51 4675 1566 1686 120 6975 21297 7569 70680 8936 426 974 35302 3443 42820 204757 39273 984 788 5929 241 1120 128833
internal_value=-0.000542612 -0.0029857 -0.0255156 -0.0409974 -0.03559 -0.232554 0.0121258 -0.00147422 0.00445663 0.0393174 0.196346 0.673048 0.0196864 -0.00769616 -0.00612244 -0.0188108 0.000152285 0.0291404 0.00404199 -0.00374065 -0.0655772 -0.0126172 -0.0207335 0.0102153 0.0610941 -0.00648599 0.000210558 0.00164842 0.0317027 -0.00192832
internal_weight=4220.15 1675.09 105.312 74.6211 72.5725 2.04861 30.6913 1569.78 689.726 74.8877 8.3218 1.16298 66.5659 43.7795 880.05 291.202 588.848 69.7164 39.0467 519.132 34.0553 257.146 189.71 67.4363 30.6697 482.572 614.838 597.295 63.5239 533.771
internal_count=1696403 888815 8944 6467 6201 266 2477 879871 172493 31695 1857 171 29838 22863 707378 652399 54979 9953 8543 45026 294869 357530 275437 82093 1410 36090 140798 136123 7049 129074
is_linear=0
shrinkage=0.08


Tree=185
num_leaves=31
num_cat=0
split_feature=11 4 9 3 9 8 0 0 4 2 4 11 9 9 16 1 7 3 7 3 0 9 9 11 3 3 8 2 3 0
split_gain=5.00599 8.26225 6.654 6.83902 4.79209 5.80003 8.63763 4.71976 25.6486 12.7638 13.0606 14.308 9.38645 8.83188 10.6504 14.3181 13.7865 10.0718 9.89361 8.42657 10.1327 7.51693 10.2759 7.39337 7.13138 10.4848 19.7857 7.16568 6.60474 6.246
threshold=5.5000000000000009 0.90070420503616344 0.87332859635353099 0.42933948338031774 0.92009389400482189 9.5000000000000018 0.83047896623611461 0.56294015049934398 0.55217784643173229 0.57294833660125744 0.54950982332229625 3.5000000000000004 0.83594325184822094 0.55747640132904064 1.0000000180025095e-35 0.57321429252624523 1.5000000000000002 0.6351073980331422 1.0000000180025095e-35 0.54950982332229625 0.51191151142120372 0.68535399436950695 0.83594325184822094 3.5000000000000004 0.71516755223274242 0.71834936738014232 1.0000000180025095e-35 0.30877573788166052 0.93127068877220165 0.56543695926666271
decision_type=2 2 2 2 2 2 2 2 2 2 2 2 2 2 2 2 2 2 2 2 2 2 2 2 2 2 2 2 2 2
left_child=7 2 3 -2 5 -4 -7 13 9 21 -11 12 -12 24 15 19 28 18 -16 20 -15 -9 23 -23 27 26 -26 -1 -17 -10
right_child=1 -3 4 -5 -6 6 -8 8 29 10 11 -13 -14 14 17 16 -18 -19 -20 -21 -22 22 -24 -25 25 -27 -28 -29 -30 -31
leaf_value=0.071855003385541377 0.12023564097211849 0.059115053909806335 0.026957335197218452 -0.042675636283237922 -0.014931850255248982 -0.018425714976762497 -0.30163794173044306 -0.040646021857109159 0.081772781968879549 0.085733127532255884 0.49490315816315095 0.023088810056157306 0.088437880886067702 -0.014693974006014382 0.042158311296085597 -0.029646909464189103 0.11044351560076891 0.056336725394104691 -0.04923084187415408 -0.017847265158346733 0.097285574798874425 0.078166780683822254 0.015831329457463558 0.23841027294403411 2.4764922278858892 -0.012720807030983237 -0.081230051337502357 -0.08154628241689571 -0.12252419726336283 0.00079362839806073281
leaf_weight=2.1242502182965692 1.7002922714164004 10.376955322768479 43.334203373276978 54.876432735771232 127.66007460061883 11.542763366232972 0.73297381785232651 6.2852465257127177 6.1059965677140999 8.4066666352572081 1.559697968602286 0.94259638975199767 0.47414504914195266 7.8605998586039219 13.924117879536444 101.09616888512754 4.3948891794170768 32.5678020407886 16.64305327895821 15.168272848466357 15.118301450334114 6.1832429926435015 14.132012913323704 2.6250460114679299 0.031260872812720185 26.795164375986957 0.050829625403091418 23.602872739173829 5.1498481974449524 3673.5760980372747
leaf_count=11764 78 11668 2294 1734 14805 466 16 18376 4062 4734 920 28 20 5912 807 18818 276 4282 17852 2289 1023 238 167 61 6 87919 344 293261 433 1192802
internal_value=0.000202419 -0.0107736 -0.0137974 -0.0377797 -0.00639386 0.0132062 -0.0353361 0.000891652 0.00162581 0.0648568 0.136722 0.280737 0.400145 -0.00943355 -0.00215067 -0.0138331 -0.0284053 0.025381 -0.00760078 0.0284314 0.0589797 0.0368657 0.0581026 0.125923 -0.0387735 -0.00995517 0.892776 -0.0688802 -0.0341488 0.000928004
internal_weight=4235.04 250.224 239.847 56.5767 183.27 55.6099 12.2757 3984.82 3720.29 40.6087 11.3831 2.97644 2.03384 264.527 211.923 148.788 110.641 63.135 30.5672 38.1472 22.9789 29.2255 22.9403 8.80829 52.6044 26.8773 0.0820905 25.7271 106.246 3679.68
internal_count=1697455 31061 19393 1812 17581 2776 482 1666394 1221408 24544 5702 968 940 444986 51692 28751 19527 22941 18659 9224 6935 18842 466 299 393294 88269 350 305025 19251 1196864
is_linear=0
shrinkage=0.08


Tree=186
num_leaves=31
num_cat=0
split_feature=13 12 11 11 10 2 9 3 6 9 10 10 2 9 3 3 1 9 10 4 1 9 1 2 3 5 9 1 3 16
split_gain=3.09308 11.0922 12.9856 6.43602 5.42564 5.34903 4.825 5.85022 6.351 4.8233 4.20829 4.68733 4.3629 3.97057 3.92573 7.17623 4.32593 3.67863 3.62809 3.67269 4.1373 3.12168 3.12139 2.37093 2.36569 2.26701 5.11407 3.81715 10.0328 7.84837
threshold=1.5000000000000002 0.70833334326744091 3.5000000000000004 5.5000000000000009 0.93541666865348827 0.5025252401828767 0.88384941220283519 0.47559523582458502 0.18333333730697635 0.83594325184822094 0.44949495792388922 0.55050507187843334 0.54923510551452648 0.78297102451324474 0.78611555695533764 0.80874970555305492 0.85145786404609691 0.87332859635353099 0.40588235855102545 0.62575301527977001 0.82972848415374767 0.81983605027198803 0.84475743770599376 0.56543695926666271 0.54446640610694896 1.0000000180025095e-35 0.97603827714920055 0.96362435817718517 0.84475743770599376 1.0000000180025095e-35
decision_type=2 2 2 2 2 2 2 2 2 2 2 2 2 2 2 2 2 2 2 2 2 2 2 2 2 2 2 2 2 2
left_child=25 3 -3 4 9 6 13 -8 -9 10 12 -12 -2 -4 17 -16 22 -5 24 21 -21 -20 -17 -19 -7 -1 27 29 -29 -27
right_child=1 2 5 14 -6 18 7 8 -10 -11 11 -13 -14 -15 15 16 -18 23 19 20 -22 -23 -24 -25 -26 26 -28 28 -30 -31
leaf_value=-0.0018544174012611334 -0.065957598392588176 0.098577862966064744 -0.056856080096587852 -0.13730400301730591 -0.28926028085451655 -0.23430954384915553 0.019486096293626635 -0.13373529535073822 0.086994361527864592 0.079100891532746881 -0.19780979463161236 0.023760178003327876 0.032927292723911511 0.096282289457844339 -0.60060741901947723 -0.13638670667566763 0.080804596504124332 -0.050508594182150091 0.1420871477204218 -0.014580027985846731 0.080420340393777531 0.048440940208771308 -0.42307599061030027 0.080560396609336712 -0.0220095183656627 0.028152094505955176 0.06937657944987255 -0.049195163822191433 0.00062889555783433371 0.0014851877414220993
leaf_weight=2666.4449441924266 4.1956323383638745 14.878807104169026 1.6806576987437427 2.1645215492026164 0.4134625633014356 0.48062259028665621 4.1604281702166173 5.6937027614258113 0.97748240135115327 4.2526748271720853 1.5550832656444975 1.006595636883503 8.9407271369254158 3.0501348853103991 0.22996169590624083 1.171229568775743 0.47881362420957874 2.7240449095916119 2.7902903039066613 11.303449726998222 3.9623788217204483 12.412978965294313 0.30670305027160782 1.3071153228593173 1.1157645820203468 98.578434783958187 7.1881981314440955 26.499185401950172 1081.7842151788357 249.17388629789127
leaf_count=1452467 601 3592 25 57 20 6 234 98 174 568 81 98 579 69 21 91 539 67 43 1748 7548 753 6 132 76 10155 12033 6138 171723 28005
internal_value=-0.000143989 0.0144245 0.0333394 -0.0267041 -0.00241805 0.0129591 -0.0255246 -0.0549635 -0.101393 0.00352652 -0.0169469 -0.110745 0.00134437 0.0418785 -0.0857045 -0.177859 -0.128176 -0.0531795 0.0316365 0.0377961 0.0100781 0.065628 -0.195881 -0.0080091 -0.0859265 -0.00046591 0.00206438 0.00173207 -0.000562404 0.00904454
internal_weight=4220.92 91.2533 62.5067 28.7466 20.3642 47.6279 15.5624 10.8316 6.67119 19.9507 15.698 2.56168 13.1364 4.73079 8.38239 2.18671 1.95675 6.19568 32.0655 30.4691 15.2658 15.2033 1.47793 4.03116 1.59639 4129.67 1463.22 1456.04 1108.28 347.752
internal_count=1697747 17226 14366 2860 1947 10774 600 506 272 1927 1359 179 1180 94 913 657 636 256 10174 10092 9296 796 97 199 82 1680521 228054 216021 177861 38160
is_linear=0
shrinkage=0.08


Tree=187
num_leaves=31
num_cat=0
split_feature=0 2 4 0 4 2 2 2 1 0 10 10 4 16 12 10 9 1 4 4 4 4 9 1 1 0 2 2 6 1
split_gain=3.06057 13.6612 11.5877 9.07699 8.82535 8.64934 6.50227 5.88746 5.73643 8.54868 5.62848 9.84373 9.18904 9.39647 8.84984 7.4906 7.3443 6.79852 11.2225 5.70475 5.53731 5.38318 6.36939 4.58792 4.58583 4.17443 24.3068 26.9878 26.6539 36.509
threshold=0.88621979951858532 0.7897985875606538 0.97014260292053234 0.88273492455482494 0.86817279458045971 0.74736374616622936 0.74115687608718883 0.83131474256515514 0.91042780876159679 0.92403846979141246 0.081666667014360442 0.13961039483547213 0.96720427274703991 1.0000000180025095e-35 0.55000001192092907 0.064583335071802153 0.48379594087600714 0.84028983116149913 0.8841681480407716 0.9929577410221101 0.97617697715759288 0.8841681480407716 0.46683587133884435 0.89323708415031444 0.87026646733284008 0.80673459172248851 0.80874970555305492 0.74115687608718883 0.46428571641445165 0.87570226192474376
decision_type=2 2 2 2 2 2 2 2 2 2 2 2 2 2 2 2 2 2 2 2 2 2 2 2 2 2 2 2 2 2
left_child=3 2 8 25 7 6 -4 -3 -2 -10 15 21 14 -14 -13 17 19 18 -6 -17 -7 24 -23 -19 -12 -1 27 -27 29 -28
right_child=1 4 5 -5 10 20 -8 -9 9 -11 11 12 13 -15 -16 16 -18 23 -20 -21 -22 22 -24 -25 -26 26 28 -29 -30 -31
leaf_value=0.00043233277545130712 0.10424109433202697 -0.21321880041511687 -0.0047707091458207545 -0.041328953339872063 0.11385231108608165 0.48622477055461694 -0.16046065209472166 0.18072283916314372 0.014462577967227948 0.098335288807089957 0.29456283234684433 -0.020654083090067919 -0.018754292969654016 0.049518165483023638 0.076497676721254224 -0.10867129942781148 0.21241904033303768 0.031459855707306091 -0.10678658774978082 0.11211213116980567 0.056861063045063408 -0.0068622778319882742 -0.068106409196490761 0.0019117419531315411 -0.080751688059056068 -0.0023860131630250832 0.066839938858277798 -0.062346754236797315 -0.0072412348200214137 -0.016669530698485428
leaf_weight=2331.1430803147537 13.263930184060881 0.26882881987512464 41.361419269341241 36.683739734202391 1.8244063929087113 0.19517705182078948 1.7911630421913276 2.5074075856136915 23.30340887143393 11.673433729425595 0.54974842350929876 108.69436196090101 20.431632785076545 35.008788918072241 6.3515277021142529 1.2902313579179454 2.1426734255073825 35.460002153246023 7.7121837064369174 1.7855422650463879 12.744594855548712 16.677127812341496 31.200293103087461 651.93483772431318 0.33551987772079883 100.35074205359206 81.303687877044467 92.162064619673401 501.72452760690794 56.990372556634611
leaf_count=1323251 1375 54 4658 5901 176 30 156 162 3278 684 14 7901 10605 19191 12827 357 96 1936 1334 57 1292 788 803 46697 239 59766 21167 66140 69601 36875
internal_value=-0.000543013 0.00325341 0.0306942 -0.00176308 0.00015553 0.00596938 -0.011233 0.142577 0.0594432 0.0424549 -0.000273594 -0.011463 -0.00239735 0.0243575 -0.0152905 0.00322035 0.0987103 0.00250534 -0.0645771 0.0194975 0.0633374 -0.0431588 -0.0467733 0.00343601 0.152317 -0.0013043 -0.006167 -0.0310911 0.00133 0.0324261
internal_weight=4228.87 1028.51 104.333 3200.36 924.175 56.0924 43.1526 2.77624 48.2408 34.9768 921.399 219.249 170.486 55.4404 115.046 702.15 5.21845 696.931 9.53659 3.07577 12.9398 48.7627 47.8774 687.395 0.885268 3163.67 832.531 192.513 640.019 138.294
internal_count=1697411 114710 11473 1582701 103237 6136 4814 216 5337 3962 103021 52368 50524 29796 20728 50653 510 50143 1510 414 1322 1844 1591 48633 253 1576800 253549 125906 127643 58042
is_linear=0
shrinkage=0.08


Tree=188
num_leaves=31
num_cat=0
split_feature=3 6 14 3 8 6 3 0 0 5 2 16 6 4 3 10 4 8 1 1 0 4 3 6 2 2 1 1 8 10
split_gain=2.11128 7.26491 10.733 26.3482 15.6168 14.6928 7.04929 14.4725 14.3404 13.0458 9.71762 18.1593 20.7541 18.3312 13.0305 12.4359 23.2989 11.5542 19.7462 15.9872 15.9367 14.88 14.5915 11.6064 9.18038 7.69418 7.60481 7.54603 9.3608 7.36391
threshold=0.95101958513259899 0.63333335518836986 1.0000000180025095e-35 0.99425286054611217 7.5000000000000009 0.58571431040763866 0.93643954396247875 0.93788579106330883 0.85145786404609691 1.0000000180025095e-35 0.87841832637786876 1.0000000180025095e-35 0.63333335518836986 0.96178188920021068 0.88153818249702465 0.12132352963089944 0.96490147709846508 3.5000000000000004 0.92084378004074108 0.89512962102890026 0.90366768836975109 0.92084378004074108 0.92031747102737438 0.91666665673255932 0.60922586917877208 0.90070420503616344 0.87841832637786876 0.95101958513259899 3.5000000000000004 0.16228070110082629
decision_type=2 2 2 2 2 2 2 2 2 2 2 2 2 2 2 2 2 2 2 2 2 2 2 2 2 2 2 2 2 2
left_child=6 2 3 -2 -4 -6 10 8 29 -10 -1 17 15 14 -14 -13 -17 19 20 23 -19 -21 -20 -12 -9 -15 -26 -28 -29 -8
right_child=1 -3 4 -5 5 -7 7 24 9 -11 11 12 13 25 -16 16 -18 18 22 21 -22 -23 -24 -25 26 -27 27 28 -30 -31
leaf_value=-0.0023845152331262486 0.063009719925426949 0.00038788446553347138 0.018135332228153025 -0.043329111513221275 0.091901055426537731 0.51898441470152878 -0.028831293871223979 -0.17225864239535832 -0.083142492052615535 0.039345806099044166 0.062265091888569372 -0.0019003696654713573 0.25175737649958119 -0.097574621625817232 -0.076886084913459316 0.083018200616564425 -0.85695891876243624 0.024077637172547964 0.13701568022894406 -0.030000011415398396 -0.17351534420516612 0.055733019081091156 0.043497151187008018 -0.081467582763914456 -0.19652785168787465 0.060450127004199848 0.048648671396846796 -0.044047329359714567 0.062229106606652221 0.045429692109779131
leaf_weight=2345.2603049142404 23.901856780611553 1298.0494894447284 47.722966756438836 39.650028874274852 18.54533269810111 0.530279136961325 23.308933432510003 1.6757373312138941 43.441161022337837 6.3825653382264127 44.275458052114118 47.624927869968815 0.78621467854463745 2.3706942180870092 43.099492493522121 18.860298608356974 0.17028840196871797 11.527761205852583 19.626732986980642 53.391366771964385 3.377855061000445 17.108105600415001 23.418635356381856 3.9133482449615249 1.0401233521988604 11.723432897459132 30.216393299953779 17.027708248584535 7.7040200766532498 13.493331426314397
leaf_count=1412558 5209 139908 441 83516 1430 29 7719 138 9869 594 3360 2712 113 242 4411 2723 77 1365 1668 9468 203 1308 2052 204 54 922 2391 1236 543 985
internal_value=-0.000305573 0.00219585 0.0201999 -0.00333509 0.0425909 0.103773 -0.00158585 -0.0188052 -0.0394767 -0.0674514 -0.000647047 0.0128782 -0.0105038 -0.0455064 -0.0709984 0.019943 0.0746072 0.0293763 0.0586576 0.0150794 -0.0207001 -0.00919518 0.0861374 0.0505928 0.0122486 0.0338697 0.0177709 0.0218274 -0.0109418 -0.00160395
internal_weight=4219.22 1428.4 130.35 63.5519 66.7986 19.0756 2790.82 144.29 86.626 49.8237 2646.53 301.275 124.635 57.9798 43.8857 66.6555 19.0306 176.639 57.951 118.688 14.9056 70.4995 43.0454 48.1888 57.664 14.0941 55.9882 54.9481 24.7317 36.8023
internal_count=1697448 230533 90625 88725 1900 1459 1466915 23529 19167 10463 1443386 30828 11200 5688 4524 5512 2800 19628 5288 14340 1568 10776 3720 3564 4362 1164 4224 4170 1779 8704
is_linear=0
shrinkage=0.08


Tree=189
num_leaves=31
num_cat=0
split_feature=7 16 10 11 3 9 3 2 1 5 2 3 1 6 1 10 6 8 0 9 10 6 10 4 10 0 1 11 1 1
split_gain=2.48659 15.7974 22.7478 9.35998 15.4317 11.5266 11.8482 12.2928 10.6506 16.1418 10.9056 10.4693 10.2011 9.95417 16.761 9.92093 8.42475 15.7863 8.15168 10.3854 7.31053 6.97591 6.96836 6.7296 6.16628 5.84189 8.4866 5.68583 9.68643 5.62989
threshold=2.5000000000000004 1.0000000180025095e-35 0.5419580638408662 1.5000000000000002 0.56691542267799389 0.51911646127700817 0.90219989418983471 0.87206766009330761 0.90645834803581249 1.0000000180025095e-35 0.88548010587692272 0.87007671594619762 0.80673459172248851 0.73214286565780651 0.91331186890602123 0.24264705926179889 0.81666666269302379 1.5000000000000002 0.98484501242637645 0.42078272998332983 0.93541666865348827 0.63333335518836986 0.55050507187843334 0.96490147709846508 0.081666667014360442 0.72046512365341198 0.77459675073623668 6.5000000000000009 0.96190130710601818 0.94392031431198131
decision_type=2 2 2 2 2 2 2 2 2 2 2 2 2 2 2 2 2 2 2 2 2 2 2 2 2 2 2 2 2 2
left_child=-1 2 18 5 -5 12 29 21 11 10 -10 22 25 14 -14 -15 17 -4 -2 -20 -18 -8 -6 -11 -21 26 -3 28 -19 -7
right_child=1 3 16 4 8 6 7 -9 9 23 -12 -13 13 15 -16 -17 20 27 19 24 -22 -23 -24 -25 -26 -27 -28 -29 -30 -31
leaf_value=0.00055290935850770158 0.10608313890115746 0.052802758446674022 -0.51941288045873379 -1.3500935753151344 -0.10573245839413863 -0.067672203304011552 -0.034140760471495189 0.027043590668597385 -0.055630240856483479 -0.015800173591678835 -0.17492267656232285 0.060462894161830358 -0.0014990385646274557 0.001919853245963883 0.13239864213481373 0.40824905611748885 0.040004072492998248 -0.040764676487277877 -0.097000824145810377 0.51651768635919748 -0.19274235605486534 0.14485057053028119 0.056592619711067063 0.0803860500431232 0.083545847041306895 -0.082636807243613483 -0.10409690237390985 0.096101221196017494 -0.49102271324896651 0.078978412711131332
leaf_weight=3718.8157515905827 25.669405899750874 6.4047853708577254 0.63302790580564616 0.055867567563835929 5.1538878362625864 7.0446058239795075 1.5638333426759334 18.789213251395267 22.831737308359155 29.410748275551668 6.2464164721277475 16.698992899458972 13.981432256614427 270.99720384172269 10.458986574033586 0.38511725887656112 4.9623822812864091 1.1440069992677311 2.8990052833687505 0.2751731523312626 1.0457045900875526 12.796365738002349 2.5201683684354066 5.5306730234005945 0.89592312775130267 13.363272952043074 3.3657699032282835 0.84913149796557252 0.41734213921881735 2.1981491350452416
leaf_count=1634880 970 872 37 17 147 310 50 1018 542 7140 1193 2423 5517 20382 2249 5 1844 52 72 13 572 325 245 8269 151 7814 335 154 90 56
internal_value=0.00125785 0.00662342 0.0556074 0.00239898 -0.0209268 0.00810852 0.0473007 0.0696332 -0.0200868 -0.0372211 -0.081256 0.0249193 0.00289952 0.0069004 0.0558009 0.00249647 -0.0554373 -0.163877 0.0894052 -0.0157793 -0.00050533 0.125358 -0.0524247 -0.000575419 0.185281 -0.0482615 -0.00124618 -0.0705075 -0.161117 -0.0327952
internal_weight=4207.4 488.588 38.7911 449.797 88.4485 361.349 42.3922 33.1494 88.3926 64.0196 29.0782 24.373 318.957 295.823 24.4404 271.382 9.0516 3.04351 29.7395 4.0701 6.00809 14.3602 7.67406 34.9414 1.1711 23.1338 9.77056 2.41048 1.56135 9.24275
internal_count=1697744 62864 3955 58909 19976 38933 1759 1393 19959 17144 1735 2815 37174 28153 7766 20387 2749 333 1206 236 2416 375 392 15409 164 9021 1207 296 142 366
is_linear=0
shrinkage=0.08


Tree=190
num_leaves=31
num_cat=0
split_feature=1 11 2 0 6 1 10 6 0 7 10 3 3 8 8 1 10 0 12 3 10 12 6 17 16 3 3 6 7 8
split_gain=3.6444 3.3767 9.30933 6.09111 6.63246 8.7381 5.99523 5.8242 8.14043 4.89318 5.98301 4.53164 6.0021 6.72049 11.7151 5.31853 3.77533 3.54904 4.58564 5.4438 3.5237 6.48636 3.39939 9.8683 9.70476 3.29941 9.58374 8.95149 8.40505 7.4242
threshold=0.46589148044586187 5.5000000000000009 0.87206766009330761 0.67017546296119701 0.63333335518836986 0.73123827576637279 0.62019231915473949 0.81666666269302379 0.98484501242637645 3.5000000000000004 0.74166667461395275 0.36461389064788824 0.41223156452178961 12.500000000000002 16.500000000000004 0.93127068877220165 0.65476191043853771 0.83910790085792553 0.41428571939468389 0.93895298242568981 0.36038962006568914 0.30952382087707525 0.77500000596046459 1.0000000180025095e-35 1.0000000180025095e-35 0.99425286054611217 0.91266208887100231 0.6904762089252473 2.5000000000000004 10.500000000000002
decision_type=2 2 2 2 2 2 2 2 2 2 2 2 2 2 2 2 2 2 2 2 2 2 2 2 2 2 2 2 2 2
left_child=-1 6 20 4 5 -4 11 8 9 16 -11 15 13 -13 -15 -2 -8 -9 19 -19 21 -3 23 -14 -24 26 28 29 -22 -27
right_child=1 2 3 -5 -6 -7 7 17 -10 10 -12 12 22 14 -16 -17 -18 18 -20 -21 25 -23 24 -25 -26 27 -28 -29 -30 -31
leaf_value=-0.095140165850067612 0.058823663430687685 0.44291408101773555 0.080959547483578226 0.065353823197439806 0.020331854251912026 -0.54095540092162797 0.04765590432357452 0.065314775207918091 0.40874506102482888 -0.34224880225230553 -0.025071669418357378 -0.067892194073359349 0.0083722788447518383 0.15866763019260244 -0.14439256626475425 -0.12650190706627892 0.0033869273817875713 -0.085269003164364157 0.080450771563609913 0.024538263342133854 -0.013249257384673347 -0.088036600545298715 0.0046278555476250566 -0.0026142892988383778 -0.0084480481144265721 -0.21382411747635996 0.079891120564978546 -0.0047095622296156985 -0.25451900190768983 -0.043582314034655893
leaf_weight=2.5962028991425532 13.063393223141473 0.2995557217982413 0.23346723838767736 14.815271112149274 1.1756417341239285 0.37980924040311947 13.632627229628268 19.921473579659505 0.32189510230091301 0.56146391632500936 1.1817427964560918 15.630776868518423 850.89204927598075 2.3489909066952306 1.2511364090408892 1.0724216625274028 128.95635614842649 4.0121993063075942 5.375572761221064 10.326030412761611 205.6611739984528 0.28963503340492025 599.35303147961554 1358.8011624082337 922.20434661214153 3.0065520234202276 7.1475864699805234 11.794389419461368 0.92826132567279174 3.6054890559898922
leaf_count=18702 10292 28 56 12820 483 37 634 6938 65 39 421 12754 463118 2433 2951 1952 19649 274 20611 1912 11549 15 32389 996664 73994 264 1373 3243 183 1262
internal_value=-0.00038579 -0.000327194 -0.00935637 0.0485166 -0.0909239 -0.3042 0.000242914 0.0143314 0.00688695 0.00599071 -0.12723 -0.00044676 -0.000617162 -0.0451957 0.0533465 0.0447638 0.00761939 0.041501 0.0174363 -0.00618859 -0.0134853 0.181909 -0.000387404 0.00161634 -0.00329735 -0.0139812 -0.0111824 -0.0464813 -0.0143333 -0.120993
internal_weight=4200.84 4198.24 249.337 16.6042 1.78892 0.613276 3948.91 184.289 144.654 144.332 1.74321 3764.62 3750.48 19.2309 3.60013 14.1358 142.589 39.6353 19.7138 14.3382 232.733 0.589191 3731.25 2209.69 1521.56 232.143 213.737 18.4064 206.589 6.61204
internal_count=1697105 1678403 31313 13396 576 93 1647090 50543 20808 20743 460 1596547 1584303 18138 5384 12244 20283 29735 22797 2186 17917 43 1566165 1459782 106383 17874 13105 4769 11732 1526
is_linear=0
shrinkage=0.08


Tree=191
num_leaves=31
num_cat=0
split_feature=15 8 9 9 9 8 1 8 10 7 0 11 0 10 6 1 1 7 16 3 6 10 10 9 1 3 1 10 9 0
split_gain=3.66411 4.98033 6.50668 5.13468 27.2696 9.45262 8.80418 13.3481 8.52702 7.82778 7.62052 7.36131 6.83485 12.3154 10.7722 5.67085 26.2432 30.9128 5.43628 9.08112 7.45425 5.42632 8.25246 7.70448 5.37631 16.7291 5.03857 15.6115 33.3966 4.83845
threshold=1.0000000180025095e-35 13.500000000000002 0.8011976182460786 1.0000000180025095e-35 0.51911646127700817 6.5000000000000009 0.65419578552246105 2.5000000000000004 0.13961039483547213 1.5000000000000002 0.63798952102661144 1.5000000000000002 0.82952776551246654 0.24264705926179889 0.91666665673255932 0.76417112350463878 0.76631206274032604 1.5000000000000002 1.0000000180025095e-35 0.73746865987777721 0.77500000596046459 0.097619049251079573 0.13961039483547213 0.87332859635353099 0.70320320129394542 0.908033847808838 0.57321429252624523 0.43303571641445165 0.63759058713912975 0.88493064045906078
decision_type=2 2 2 2 2 2 2 2 2 2 2 2 2 2 2 2 2 2 2 2 2 2 2 2 2 2 2 2 2 2
left_child=-1 3 26 5 8 6 7 9 10 -2 -5 21 14 -14 -13 -7 17 -17 19 -8 -20 23 -23 -6 25 -10 27 -3 -29 -18
right_child=1 2 -4 4 11 15 18 -9 24 -11 -12 12 13 -15 -16 16 29 -19 20 -21 -22 22 -24 -25 -26 -27 -28 28 -30 -31
leaf_value=0.0019598435380480351 -0.080526725000286917 0.016069315006623914 0.0090686496185176518 -0.12080145291873341 -0.032766433172095329 -0.058643181186200918 -0.053226448579065673 -0.082548201459653581 0.010449416958731209 0.4249259088614103 -0.050611530662160752 -0.0048488738045099665 -0.095171175084079004 -0.01332461431577541 0.031970719173893249 1.6338968050134848 0.017870483404178791 -0.082082619058391967 0.0073565139091911688 0.0099963524725401286 -0.014985959100233256 0.078208742965011652 0.013519918456252061 0.15357667288511129 -0.03329887835470844 0.45673697448026146 -0.036959852659160963 2.1508605165510581 -0.086348507830677476 0.12075700545092932
leaf_weight=2249.0244754550777 0.24309747090561851 1.2886424927407336 33.56278708775244 12.541877755425693 22.475407599978841 5.9567385715719174 15.390161744889779 0.85484600472235239 7.4388630358536982 1.014097331848461 46.988352438980421 512.16814671914631 13.01621319055266 122.49145168922564 56.459901439546229 0.13993571710307051 183.67243177151977 0.12924289514194243 140.97826131363655 263.29599894695275 296.71483845589682 14.102045952401225 120.20188784983151 1.5157967958075449 23.178072034868666 0.57942714663113282 68.223997127511268 0.071598373644519486 0.10581820611696457 2.9726390950381747
leaf_count=945759 485 10252 2125 133825 8401 7898 8584 1095 34664 19 292478 45083 673 34358 7687 222 11972 37 17312 18293 1782 7212 20623 35 13578 76 74309 15 33 23
internal_value=-0.000245991 -0.0027671 -0.0198698 -0.00182 -0.00592512 0.00247339 -0.00174788 0.161348 -0.0476449 0.327189 -0.0653992 -0.00153626 -0.00504064 -0.0211864 -0.001193 0.0181987 0.0206475 0.80999 -0.00222872 0.00650494 -0.00778959 0.0140521 0.0203123 -0.020993 -0.0137653 0.0426996 -0.0338066 0.112934 0.816501 0.0195091
internal_weight=4216.8 1967.77 103.253 1864.52 953.157 911.362 718.491 2.11204 90.7266 1.25719 59.5302 862.431 704.136 135.508 568.628 192.871 186.914 0.269179 716.379 278.686 437.693 158.295 134.304 23.9912 31.1964 8.01829 69.6901 1.46606 0.177417 186.645
internal_count=1698908 753149 86734 666415 598693 67722 47570 1599 474621 504 426303 124072 87801 35031 52770 20152 12254 259 45971 26877 19094 36271 27835 8436 48318 34740 84609 10300 48 11995
is_linear=0
shrinkage=0.08


Tree=192
num_leaves=31
num_cat=0
split_feature=9 4 10 10 12 9 2 2 4 13 9 12 4 0 13 0 9 6 13 8 2 9 9 7 5 12 9 8 2 2
split_gain=2.58692 4.98635 3.6808 2.8717 9.60743 4.31585 4.11398 6.03838 5.6616 4.09751 6.22448 4.79935 8.18035 4.44692 3.72764 3.67739 3.67306 3.60763 8.79974 44.2628 4.97939 47.6665 3.45066 9.56783 5.96253 3.31312 4.48362 4.18792 3.28718 5.075
threshold=0.98367321491241466 0.74464204907417308 0.22474747896194461 0.93541666865348827 0.77500000596046459 0.8011976182460786 0.92403846979141246 0.8956778645515443 0.91024166345596325 1.5000000000000002 0.6072751283645631 0.77500000596046459 0.50878274440765392 0.84074437618255626 1.0000000180025095e-35 0.54261502623558056 0.97603827714920055 0.38750000298023229 2.5000000000000004 10.500000000000002 0.92403846979141246 0.97603827714920055 0.97035562992095958 2.5000000000000004 1.0000000180025095e-35 0.70833334326744091 0.49890829622745519 2.5000000000000004 0.62316370010375988 0.62575301527977001
decision_type=2 2 2 2 2 2 2 2 2 2 2 2 2 2 2 2 2 2 2 2 2 2 2 2 2 2 2 2 2 2
left_child=3 2 -2 9 5 -5 7 14 -9 16 25 12 15 -14 -7 -12 22 20 -19 -20 -6 -22 -1 -24 -25 28 -27 -28 -11 -30
right_child=1 -3 -4 4 17 6 -8 8 -10 10 11 -13 13 -15 -16 -17 -18 18 19 -21 21 -23 23 24 -26 26 27 -29 29 -31
leaf_value=-0.00088925100640792256 -0.10635318612933788 0.06829623181956275 0.01017906535156677 0.050941441138333154 0.0014664441208662358 -0.040951566969086306 0.084635698472547163 -0.1608158624344673 -0.59959932120699078 -0.042362898718861848 0.041741341722181018 0.024823768462855736 -0.028251309814217827 -0.21053105468803854 -0.11580019290216048 0.25815681361570053 0.051487401307708167 0.080240088736869664 0.080297467969611916 -4.1771915004276163 0.08005393787074791 -4.2809480059127409 -0.015027871168781357 -0.10334979950937084 -0.40568642181476772 -0.003991368653620409 0.3451490058034547 0.12783731335164938 0.38004379281658618 0.051365257551707844
leaf_weight=4008.4329292934272 1.8136429302398926 9.8891186636888033 39.86509142228897 2.2725553578784483 18.20997832173817 14.965292216817042 1.1253101291222254 0.94259040208998957 0.23515008791582659 2.1492846156834258 1.2272308886167622 42.266961539823569 19.581075631216667 0.89575441277702239 5.9520799726888063 0.85093771177344013 8.5424967976359749 6.2462888063455457 0.092845974788360652 0.018791336129652336 0.12777658434060768 0.018343362193263602 11.89978663169313 1.1568985692574631 0.65317662243342045 1.2233746861857069 0.72505243276100406 2.6129115290241316 0.33486447796894969 2.943304988926684
leaf_count=1644198 32 15042 5988 71 2445 782 624 52 76 625 49 8545 1028 934 160 14 2060 11631 205 20 331 23 1658 50 182 187 40 74 8 171
internal_value=-0.000582259 0.0172257 0.00510818 -0.000803236 -0.0198201 -0.0542767 -0.0645743 -0.0721736 -0.248424 -0.000570676 0.0179806 0.00892216 -0.0208767 -0.0362251 -0.0622499 0.130356 -0.000914993 0.0157226 0.0676578 -0.636344 -0.00226595 -0.46741 -0.00102629 -0.0410929 -0.21245 0.0767653 0.127023 0.17504 0.0345276 0.0849397
internal_weight=4207.27 51.5679 41.6787 4155.7 50.207 25.493 23.2204 22.0951 1.17774 4105.5 74.8108 64.822 22.555 20.4768 20.9174 2.07817 4030.69 24.714 6.35793 0.111637 18.3561 0.14612 4022.14 13.7099 1.81008 9.98879 4.56134 3.33796 5.42745 3.27817
internal_count=1697305 21062 6020 1676243 16420 1765 1694 1070 128 1659823 11675 10570 2025 1962 942 63 1648148 14655 11856 225 2799 354 1646088 1890 232 1105 301 114 804 179
is_linear=0
shrinkage=0.08


Tree=193
num_leaves=31
num_cat=0
split_feature=7 9 9 1 4 4 4 11 3 3 1 1 4 3 15 2 2 2 1 1 8 2 4 9 9 11 1 16 7 2
split_gain=3.22762 5.56215 6.45746 4.6081 5.3813 7.04628 5.69655 6.60698 4.12841 3.50743 5.16791 3.28161 4.66865 7.24927 4.10893 12.808 7.1097 4.32524 4.0007 3.47412 3.45047 3.43904 2.55351 2.26497 28.4632 13.4392 15.4677 8.78228 13.5381 7.19833
threshold=3.5000000000000004 0.64533194899559032 0.41910465061664587 0.88548010587692272 0.95488464832305919 0.74133810400962841 0.90366768836975109 2.5000000000000004 0.89512962102890026 0.92084378004074108 0.91042780876159679 0.86391696333885204 0.7897985875606538 0.88493064045906078 1.0000000180025095e-35 0.81375637650489818 0.82807883620262157 0.7897985875606538 0.93419912457466137 0.91847583651542675 4.5000000000000009 0.91715687513351452 0.83910790085792553 0.41138803958892828 0.25824573636054998 1.5000000000000002 0.68457102775573742 1.0000000180025095e-35 1.5000000000000002 0.30877573788166052
decision_type=2 2 2 2 2 2 2 2 2 2 2 2 2 2 2 2 2 2 2 2 2 2 2 2 2 2 2 2 2 2
left_child=23 2 11 -3 5 -5 8 -8 -7 -4 22 12 13 -2 15 17 18 -13 -16 -17 -15 -18 -11 24 -1 26 -26 28 -28 -27
right_child=1 3 9 4 -6 6 7 -9 -10 10 -12 14 -14 20 16 19 21 -19 -20 -21 -22 -23 -24 -25 25 29 27 -29 -30 -31
leaf_value=-0.00065158136699169358 -0.088538467732087206 0.058023027559891548 -0.072848341258891308 -0.72838853462213737 0.080880678163953168 -0.12820396940971965 -0.1713107529930748 0.028094040567228907 0.010082741109436067 0.06819413399008277 0.083996451982468717 -0.0082936881750404166 -0.087347058946623174 0.16784600631954436 -0.027482804328736791 0.25597034699387911 -0.053563748391922829 -0.18651274559421094 0.13740484966826944 0.08834409115623712 -0.082819893051876189 0.014034365917192076 0.33238230994204093 0.00068424603194345538 -0.14265941119632447 0.77899255990155725 -0.052229160075930023 -0.070987551003635505 0.020306263617639445 0.066430970304385967
leaf_weight=1863.6577721622175 1.8111787944626465 4.0100654228190278 0.6403352073584746 0.098482867761051973 2.1658456095810825 1.6637714709504496 3.8470096410128454 1.4697140796106394 8.1485560505643644 0.31049909182183888 4.4390258041166817 2.7895028777711586 4.12343542630515 1.9794832893967398 1.2752077079421749 0.84992502443492313 8.1189486984403647 1.2675526961684225 3.601562556650606 11.471711329508251 0.42732462794810988 11.842263486556474 0.95222446877960465 2165.9508922973487 9.9399327360280534 0.092207512382326828 38.621677331854194 34.398680396934992 28.708968843285867 5.6754043557472356
leaf_count=187299 178 449 190 45 2483 51 339 747 754 76 247 155 535 54 140 91 313 65 83 453 172 273 40 684101 157845 58 368292 263812 20486 7828
internal_value=-0.000801894 0.0153946 0.028673 -0.0192852 -0.0371087 -0.0538905 -0.0494999 -0.116189 -0.0133651 0.10468 0.124618 0.0189462 -0.0268146 0.032361 0.0282072 0.0593126 0.0076956 -0.063975 0.094289 0.0999067 0.123341 -0.0134602 0.267419 -0.00110381 -0.0030587 -0.0412584 -0.0474088 -0.0381019 -0.0213009 0.0778228
internal_weight=4224.35 77.3036 55.9002 21.4034 17.3934 15.2275 15.1291 5.31672 9.81233 6.34208 5.70175 49.5581 8.34142 4.21799 41.2167 16.3787 24.838 4.05706 4.87677 12.3216 2.40681 19.9612 1.26272 4147.05 1981.09 117.437 111.669 101.729 67.3306 5.76761
internal_count=1697654 7933 3065 4868 4419 1936 1891 1086 805 553 363 2512 939 404 1573 764 809 220 223 544 226 586 116 1689721 1005620 818321 810435 652590 388778 7886
is_linear=0
shrinkage=0.08


Tree=194
num_leaves=31
num_cat=0
split_feature=1 1 2 12 9 10 3 9 1 3 9 9 4 4 3 2 9 10 3 1 10 2 10 12 12 3 4 9 9 13
split_gain=2.66646 2.08799 7.95692 8.30677 7.13299 8.0528 61.2454 115.866 6.82998 6.52539 6.41667 27.9755 6.18242 5.32731 7.10736 5.52673 4.95099 6.6386 4.08399 3.90417 13.9972 9.19495 8.98515 8.47089 6.64894 5.92243 5.72138 3.21295 3.01383 6.7309
threshold=0.45222154259681707 0.60495716333389293 0.49424983561038976 0.77500000596046459 0.5885961949825288 0.093073595315217986 0.44562648236751562 0.6072751283645631 0.60120484232902538 0.6351073980331422 0.48198950290679937 0.47839424014091497 0.62575301527977001 0.53694942593574535 0.54201978445053112 0.52679425477981578 0.71885213255882274 0.59166666865348827 0.60120484232902538 0.62316370010375988 0.16228070110082629 0.54261502623558056 0.72077924013137828 0.30952382087707525 0.63333335518836986 0.36461389064788824 0.6776927411556245 0.74106001853942882 0.81983605027198803 1.0000000180025095e-35
decision_type=2 2 2 2 2 2 2 2 2 2 2 2 2 2 2 2 2 2 2 2 2 2 2 2 2 2 2 2 2 2
left_child=-1 2 4 16 -2 6 7 -6 13 12 11 -10 -7 15 -15 -5 17 18 -4 20 -3 22 25 26 -25 -22 -23 -12 29 -18
right_child=1 19 3 8 5 9 -8 -9 10 -11 27 -13 -14 14 -16 -17 28 -19 -20 -21 21 23 -24 24 -26 -27 -28 -29 -30 -31
leaf_value=-0.10226746886563502 -0.079662840575210711 -0.1084206373228819 -0.067448174456455179 -0.037431403794611733 14.879638651851371 -0.007712379174589965 -0.08036184455418402 -0.080090732226379815 -0.081315524674450232 0.10853892863009559 0.28200509030670717 3.1294677309243855 -0.29969226760863366 0.15346989956754667 0.03667190110180208 0.045266676288011225 0.0030484557552588349 0.55098867356611569 0.00077133868126853691 -9.6897354669338397e-06 0.19489876184621135 -0.050541118912743849 0.032467621849688419 0.10740785771257602 0.017095658281521126 -0.071121091153796126 0.44566697163637714 0.066969115821894493 0.0054428926358210802 0.12187711923278906
leaf_weight=1.6316524426920285 8.8450172609338207 9.6711304995947014 9.7941309404861716 7.2352176924031957 0.0053476775481404734 52.973269913517889 0.087051082965366011 0.0087110762697086841 0.057357227634915797 3.1319760511581825 0.84069099287626137 0.024910018015361857 0.46822488596080702 5.5499026555615982 8.3527738540492482 18.136860867394237 7.0905301054845022 0.1272986902622496 13.166109441092603 3957.1237471412369 0.54985204929203035 8.3122196762760652 8.6567965293361322 8.5959991631826398 13.27324608450472 20.684082035691237 0.15142351662325459 0.94407845260866452 23.379488784805289 5.3546924211550504
leaf_count=13642 116944 40388 47643 2770 26 11116 135 30 481 276 75 2 27 939 1666 3361 710 15 22095 1423817 117 2392 138 590 615 6719 46 37 516 169
internal_value=-1.85267e-05 2.12661e-05 0.00882585 0.0230176 -0.0128461 -0.00241826 0.710893 5.6103 0.0506011 -0.00369311 0.2001 0.89089 -0.0102705 0.0434943 0.0832973 0.0216841 0.00375442 -0.0251348 -0.028329 -0.000340741 -0.0190833 -0.00473693 -0.0362267 0.0262938 0.0525941 -0.0642325 -0.0416634 0.168259 0.0223723 0.0541758
internal_weight=4194.22 4192.59 165.574 100.054 65.5196 56.6746 0.10111 0.0140588 41.1418 56.5735 1.86704 0.0822672 53.4415 39.2748 13.9027 25.3721 58.9123 23.0875 22.9602 4027.02 69.8947 60.2236 29.8907 30.3329 21.8692 21.2339 8.46364 1.78477 35.8247 12.4452
internal_count=1697497 1683855 209033 80479 128554 11610 191 56 9331 11419 595 483 11143 8736 2605 6131 71148 69753 69738 1474822 51005 10617 6974 3643 1205 6836 2438 112 1395 879
is_linear=0
shrinkage=0.08


Tree=195
num_leaves=31
num_cat=0
split_feature=1 10 6 0 9 9 2 8 0 9 1 8 10 8 2 1 4 10 0 11 4 10 12 9 9 11 10 2 10 2
split_gain=23.2285 391.033 349.925 543.962 219.821 165.543 63.7037 15.7034 66.1428 3.12453 4.34528 4.73261 3.75097 4.81941 5.85321 4.32427 3.54101 4.24999 3.08256 2.49825 7.58443 7.73684 6.4908 10.0214 5.42709 7.71376 6.76136 5.07552 4.64128 4.65116
threshold=0.51316702365875255 0.093073595315217986 0.15476191043853763 0.54085850715637218 0.5885961949825288 0.5885961949825288 0.36700680851936346 11.500000000000002 0.41421362757682806 0.98367321491241466 0.85880398750305187 9.5000000000000018 0.22474747896194461 1.5000000000000002 0.47395551204681402 0.85028737783432018 0.64346247911453258 0.85164836049079906 0.50878274440765392 5.5000000000000009 0.90070420503616344 0.91987180709838878 0.77500000596046459 0.96435630321502697 0.87332859635353099 7.5000000000000009 0.55902779102325451 0.84889996051788341 0.62019231915473949 0.97617697715759288
decision_type=2 2 2 2 2 2 2 2 2 2 2 2 2 2 2 2 2 2 2 2 2 2 2 2 2 2 2 2 2 2
left_child=1 2 3 4 -1 -4 -7 8 -8 19 11 12 -11 14 -14 -15 -13 -18 -3 28 21 24 23 -23 26 -26 -21 -24 -2 -30
right_child=9 18 5 -5 -6 6 7 -9 -10 10 -12 16 13 15 -16 -17 17 -19 -20 20 -22 22 27 -25 25 -27 -28 -29 29 -31
leaf_value=-0.080013350333136446 -0.00021931053190620787 -0.035654562892334464 -0.080852625870850972 -64.289133202489126 -18.354948583607548 -5.1346817143600916 -1.3230521950057212 -1.6748032465722029 -5.4510834547750315 -0.09620142734260112 0.071523533384763582 -0.015337064493022103 -0.16566065899342136 0.053065262076238552 0.011160987067532926 -0.3217192022406406 0.084078513483170442 -0.19932305199467479 0.07646975276868391 0.0084638994345951086 0.064204404889747213 -0.054163090872543861 0.0011027078024276496 -0.23326506400743971 -0.011987265979239024 0.027844319947630442 -0.048890970204835002 -0.2107750804530463 0.011368862337311198 0.10461876145924642
leaf_weight=0.0081735322876431149 3742.4816922619793 8.8322633914345747 0.18498896930772429 0.001245301838874723 0.0086923613416729495 0.076770996810957559 0.057437446473159071 0.094615419415731594 0.043773046158044338 1.5665383093878542 8.6938845477739033 7.5358615968871145 1.5101674651959935 21.678387836280312 5.798528100738622 0.19883577401560515 0.4357885613280813 1.5194690208954851 1.9083037062300761 21.065385141333536 8.8449760834464524 7.039214336022269 9.7422105910500232 2.7926871714589652 87.137230670901772 48.400032034565811 35.028007774439175 0.78163999121170569 166.88627413721042 3.4949905868234046
leaf_count=1567 1561777 35975 13821 61 4 21 28 13 21 35 15960 246 45 2825 1643 123 32 109 1368 711 8465 231 1054 141 5472 4157 1061 340 28562 11495
internal_value=-0.000169052 -0.115142 -2.35965 -13.2659 -9.49857 -1.92798 -3.18147 -2.41575 -3.10841 0.000139263 0.0202351 0.00915515 0.0243961 0.0308691 -0.025375 0.049659 -0.0402274 -0.136158 -0.0157332 -9.86452e-05 -0.00837722 -0.0114056 -0.0582985 -0.105036 -0.00642449 0.0022365 -0.0273518 -0.0146341 0.000368575 0.0132817
internal_weight=4193.85 11.2163 0.475697 0.0181112 0.0168659 0.457586 0.272597 0.195826 0.10121 4182.63 48.9375 40.2436 30.7525 29.1859 7.3087 21.8772 9.49112 1.95526 10.7406 4133.69 220.831 211.986 20.3558 9.8319 191.631 135.537 56.0934 10.5239 3912.86 170.381
internal_count=1697363 52879 15536 1632 1571 13904 83 62 49 1644484 21018 5058 4671 4636 1688 2948 387 141 37343 1623466 21632 13167 1766 372 11401 9629 1772 1394 1601834 40057
is_linear=0
shrinkage=0.08


Tree=196
num_leaves=31
num_cat=0
split_feature=1 9 8 2 9 8 6 2 2 9 16 9 7 12 6 6 1 13 9 5 2 1 1 16 4 2 4 16 1 1
split_gain=6.2097 10.6434 5.08157 7.89065 4.39078 3.94223 5.67892 6.60121 23.3173 10.8675 7.14553 11.7855 9.59294 7.10704 7.5651 5.28682 7.05943 7.42811 54.5778 6.03747 5.78099 5.18224 11.1172 5.27854 4.83655 4.54935 4.94789 4.26202 4.17588 3.50895
threshold=0.51316702365875255 0.6072751283645631 8.5000000000000018 0.38742592930793768 0.59424430131912243 1.0000000180025095e-35 0.73214286565780651 0.81120249629020702 0.95713412761688244 0.71885213255882274 1.0000000180025095e-35 0.65682536363601696 1.5000000000000002 0.41428571939468389 0.77500000596046459 0.30952382087707525 0.97259759902954113 1.0000000180025095e-35 0.29222126305103308 1.0000000180025095e-35 0.42588071525096899 0.54669988155365001 0.54201978445053112 1.0000000180025095e-35 0.82426470518112194 0.680425524711609 0.67028987407684337 1.0000000180025095e-35 0.83910790085792553 0.61311829090118419
decision_type=2 2 2 2 2 2 2 2 2 2 2 2 2 2 2 2 2 2 2 2 2 2 2 2 2 2 2 2 2 2
left_child=1 2 -1 -4 -5 6 15 13 10 27 12 -12 -9 25 -15 20 17 19 -19 -17 29 22 -22 -23 -16 26 -8 -10 -27 -2
right_child=5 -3 3 4 -6 -7 7 8 9 -11 11 -13 -14 14 24 16 -18 18 -20 -21 21 23 -24 -25 -26 28 -28 -29 -30 -31
leaf_value=-0.10464385690783193 -0.0051325309979269188 -0.011026888919213008 -0.11804830307028338 -0.080206127752062803 -0.64172341793746224 -0.001244777968511288 0.23579562366488907 -0.084198926665150609 -0.012553267512010415 0.070329829391699281 -0.060390465955367026 -0.21494038277738414 0.026807173906315991 -0.76412513316212838 0.065064368992243701 0.014766010275928276 0.14018524334863255 2.3841881336048116 0.059905505232669284 -0.41195772129593416 0.019478497443575028 -0.025259484543109098 1.3538146083804474 0.046048286976018739 -0.1005290407349977 -0.01151765699626559 -0.0022732244310395182 0.0091055163962853215 0.081841099647996532 0.14456978237527465
leaf_weight=2.5058578451576725 1.6743753192110036 9.9180381964818345 0.66250520393005974 0.11181435813531126 0.43919182865633444 3579.944844337605 0.58231301971636362 8.3022050688414311 93.532555878155108 15.327969015026609 27.264636487019747 3.5714871735071929 12.460012821986311 0.095384252577786266 1.6985086199856594 170.72638045393836 3.1474247583100796 0.064891552725373169 17.913449041015369 0.21246212794358044 0.14166308409020723 45.513145243538702 0.055663959354813164 7.7794822618579849 3.3656598637562638 3.7121726011209857 13.790800026097713 153.69637019285437 17.624328104931919 2.4956901566965728
leaf_count=30463 1263 4667 7840 9631 178 1511179 80 674 2865 21360 2600 653 707 26 186 59306 277 71 4594 30 551 19089 125 5054 1299 488 808 8915 1121 622
internal_value=-0.000411214 -0.0543067 -0.169716 -0.304089 -0.527776 -0.000235575 0.00573862 -0.000763228 -0.00469781 0.0049641 -0.0538622 -0.0782907 -0.0175809 0.0294813 -0.0582841 0.0149821 0.0213599 0.0193802 0.0682948 0.0142356 -0.00626224 -0.013335 0.395881 -0.0148502 -0.0449895 0.0421622 0.00737191 0.000911486 0.0655983 0.0844609
internal_weight=4198.33 13.6374 3.71937 1.21351 0.551006 4184.69 604.749 355.024 314.155 262.557 51.5983 30.8361 20.7622 40.8692 5.15955 249.725 192.065 188.917 17.9783 170.939 57.66 53.49 0.197327 53.2926 5.06417 35.7096 14.3731 247.229 21.3365 4.17007
internal_count=1696722 52779 48112 17649 9809 1643943 132764 41782 37774 33140 4634 3253 1381 4008 1511 90982 64278 64001 4665 59336 26704 24819 676 24143 1485 2497 888 11780 1609 1885
is_linear=0
shrinkage=0.08


Tree=197
num_leaves=31
num_cat=0
split_feature=1 10 7 10 10 0 11 8 0 1 1 11 8 0 8 8 6 4 4 1 0 4 6 8 0 4 1 10 1 6
split_gain=5.82482 11.7995 4.06455 5.61841 4.99716 7.13707 6.78625 4.11211 4.10716 7.77813 11.2833 4.98027 3.09483 2.86155 6.77956 5.33731 5.97814 4.15169 8.6562 7.58135 2.84233 2.76483 2.69745 2.68974 5.89961 13.9086 9.37809 14.503 242.761 9.70855
threshold=0.51316702365875255 0.093073595315217986 3.5000000000000004 0.27525253593921667 0.36931818723678594 0.83910790085792553 1.5000000000000002 4.5000000000000009 0.87762087583541881 0.9759001135826112 0.97467949986457836 3.5000000000000004 8.5000000000000018 0.75134408473968517 3.5000000000000004 9.5000000000000018 0.6904762089252473 0.92907443642616283 0.90366768836975109 0.93063354492187511 0.85349595546722423 0.7933771312236787 0.81666666269302379 8.5000000000000018 0.74601566791534435 0.69631093740463268 0.89512962102890026 0.097619049251079573 0.54669988155365001 0.73214286565780651
decision_type=2 2 2 2 2 2 2 2 2 2 2 2 2 2 2 2 2 2 2 2 2 2 2 2 2 2 2 2 2 2
left_child=1 12 23 13 5 -5 -7 -8 11 10 -10 -6 -1 14 -4 17 20 18 -15 -19 -17 -18 -13 -2 26 -26 27 28 -25 -28
right_child=2 -3 3 4 8 6 7 -9 9 -11 -12 22 -14 15 -16 16 21 19 -20 -21 -22 -23 -24 24 25 -27 29 -29 -30 -31
leaf_value=-0.11667639640521152 0.00061011804377675435 -0.016683748758203904 0.069874690252571578 0.11697007755910149 0.058831511688585865 -0.60924756278062664 -0.26306542455759796 -0.0104389615337694 -0.08927556755085736 0.032901636205366305 -0.56846611290475513 -0.17095576982068028 -0.29299390252093305 0.039650784687087819 -0.12207816358189078 0.18322449288278328 -0.003511762944004921 -0.12589156231885029 -0.06314586991321923 0.059368124456866414 0.5669375371232046 0.10938607536098544 0.081335812548208736 -4.0028641530559286 -1.2188051963762723 -0.015949548052727573 0.02449688335734209 -0.003994061457422979 -0.048736427657821609 -0.0052638107814701593
leaf_weight=1.2367652610709829 3384.8502386291957 11.090635016198432 2.2707778007677453 0.58568497578380929 7.1538486138742865 0.23065547182341095 0.89083118436974451 0.76777763967402279 2.6532687163855821 3.2128769929659029 0.35677366670824984 1.0462600814134928 1.3140872957557705 13.631164496586281 2.4460806388415222 0.25874987099632463 1.9025082017415114 1.5066584926971724 8.5191496896477457 22.91963166275309 0.236452016455587 5.1362720797296788 0.36613830230271549 0.099667078154175637 0.061541604797041738 203.41109449515037 141.76826645720234 220.13095767152262 33.386549523290618 138.87476575279561
leaf_count=9327 1176931 37306 53 24 698 29 155 31 1201 2158 42 150 6223 1503 135 99 111 66 275 767 3 180 224 6156 9 66392 101616 139997 133510 12462
internal_value=-0.000175271 -0.0523663 -5.7024e-06 0.0183156 -0.0218123 -0.127025 -0.202665 -0.146123 -0.00420505 -0.0536688 -0.146073 0.0317277 -0.207507 0.0300919 -0.0296687 0.0353013 0.0977728 0.0251963 0.000114547 0.047941 0.366442 0.078871 -0.105554 -0.000343863 -0.0047209 -0.0163134 -0.000305921 -0.0114555 -0.0605053 0.00976996
internal_weight=4212.32 13.6415 4198.67 76.0916 17.2641 2.47495 1.88926 1.65861 14.7892 6.22292 3.01004 8.56625 2.55085 58.8274 4.71686 54.1106 7.53398 46.5766 22.1503 24.4263 0.495202 7.03878 1.4124 4122.58 737.733 203.473 534.26 253.617 33.4862 280.643
internal_count=1697833 52856 1644977 7904 4712 239 215 186 4473 3401 1243 1072 15550 3192 188 3004 393 2611 1778 833 102 291 374 1637073 460142 66401 393741 279663 139666 114078
is_linear=0
shrinkage=0.08


Tree=198
num_leaves=31
num_cat=0
split_feature=4 10 9 8 9 10 9 9 9 6 4 10 3 11 11 3 8 8 4 3 3 8 9 2 9 6 4 16 3 16
split_gain=3.31655 16.4776 13.9114 15.1298 7.34992 3.77608 10.2167 3.6725 58.4398 236.942 662.225 3.54626 3.50248 4.08962 5.15363 3.00692 3.40435 2.51612 6.09912 8.4991 7.79724 6.01472 6.6112 9.68062 4.90663 4.4487 22.0731 15.5056 20.3524 9.49098
threshold=0.45035210251808172 0.16228070110082629 0.5885961949825288 30.500000000000004 0.60041153430938732 0.081666667014360442 0.59424430131912243 0.42131063342094427 0.42078272998332983 0.46428571641445165 0.36088341474533087 0.69615384936332714 0.83752354979515087 2.5000000000000004 1.5000000000000002 0.49731183052062994 8.5000000000000018 5.5000000000000009 0.91331186890602123 0.99425286054611217 0.87298336625099193 6.5000000000000009 0.85014972090721141 0.89009663462638866 0.60041153430938732 0.38750000298023229 0.75440767407417308 1.0000000180025095e-35 0.60922586917877208 1.0000000180025095e-35
decision_type=2 2 2 2 2 2 2 2 2 2 2 2 2 2 2 2 2 2 2 2 2 2 2 2 2 2 2 2 2 2
left_child=1 2 7 5 -5 6 -4 8 -1 -10 -11 12 -3 14 -14 16 -13 25 -19 20 -20 22 -21 -24 -23 27 -27 -2 -29 -28
right_child=17 11 3 4 -6 -7 -8 -9 9 10 -12 15 13 -15 -16 -17 -18 18 19 21 -22 24 23 -25 -26 26 29 28 -30 -31
leaf_value=-0.0020240857280516594 -0.0083827994110972481 -0.021470220263744007 -0.66743598103650381 -2.2666960339054589 -0.080154489840539772 -0.15112481917053353 -0.17686643480690772 -0.088303018266501984 -0.080370007381625558 -0.080059520287226502 76.705571904330441 -0.10201186278225607 -0.03644157648045375 -0.030365449049827561 0.18323833128769371 0.11365653050816894 0.072201890099813967 -0.002548636214760684 -0.07154198267108676 -0.088552429904960206 0.061677773937036842 -0.053987472103905886 -0.66272334313583825 -0.15335069563892226 0.090206222515756634 0.020430862847482266 0.0067966230789478325 -0.051103621723578886 0.028748170562715388 -0.0063631049887751725
leaf_weight=3.4404696281137661 786.69347277560701 19.442432287666307 0.37964215366918197 0.034130237260171545 0.013824036791012143 2.6270705253114044 0.95560165839773525 4.6155986616371756 0.013124793348033298 0.0023183977689722468 0.0010418623494126084 1.187635388458147 1.0169205307292934 2.2560157838634041 2.0842754008799602 3.3347584174662188 1.8149113642139125 1311.0724441113548 4.3760336363047845 9.3514854386667157 7.8661215924239514 6.8195278123566805 0.32160680402011965 0.92726985455010436 1.9399724365503059 375.60276045680848 571.17694832325606 23.619549278693285 151.18035616478528 908.87014517654416
leaf_count=58118 457528 33981 25 23 76 2676 105 57612 577 31 63 26 150 189 306 524 83 641483 501 483 603 393 52 118 211 57853 100455 36352 90922 156711
internal_value=-0.000764858 -0.0228118 -0.102107 -0.223897 -1.63637 -0.206802 -0.316347 -0.041605 0.0207444 4.77258 23.7276 0.00795926 -0.00568868 0.0515858 0.111203 0.0613674 0.00329292 -0.000535794 -0.00338575 -0.0381149 0.0140576 -0.071106 -0.111641 -0.284523 -0.0220528 0.000822517 0.00311089 -0.00359397 0.0179583 -0.00128453
internal_weight=4203.04 43.2198 12.0828 4.01027 0.0479543 3.96231 1.33524 8.07255 3.45695 0.0164851 0.00336026 31.1369 24.7996 5.35721 3.1012 6.33731 3.00255 4159.82 1342.67 31.602 12.2422 19.3599 10.6004 1.24888 8.7595 2817.14 1855.65 961.493 174.8 1480.05
internal_count=1698230 154565 119306 2905 99 2806 130 116401 58789 671 94 35259 34626 645 456 633 109 1543665 643844 2361 1104 1257 653 170 604 899821 315019 584802 127274 257166
is_linear=0
shrinkage=0.08


Tree=199
num_leaves=31
num_cat=0
split_feature=0 9 9 6 10 5 1 3 0 1 3 6 3 0 6 4 1 10 9 0 4 4 4 6 0 7 9 11 10 9
split_gain=117.923 569.982 258696 1.06703e+06 29.1942 4.19447 6.27284 9.57086 7.63524 6.04993 19.6885 15.8039 11.2588 7.03069 12.4762 7.49738 5.5215 6.35281 9.19516 6.28271 30.2088 38.629 4.81103 6.72715 6.98645 4.58334 5.66184 4.45688 8.10214 7.81074
threshold=0.43534001708030706 0.42131063342094427 0.42078272998332983 0.46428571641445165 0.093073595315217986 1.0000000180025095e-35 0.97467949986457836 0.96824595332145702 0.94185259938240062 0.94201681017875682 0.8941769301891328 0.63333335518836986 0.9569842815399171 0.90070420503616344 0.63333335518836986 0.9529346525669099 0.98058068752288829 0.36038962006568914 0.5885961949825288 0.4403389841318131 0.44590643048286444 0.43951219320297247 0.94804319739341747 0.91666665673255932 0.95713412761688244 3.5000000000000004 0.97035562992095958 1.5000000000000002 0.24264705926179889 0.4884608536958695
decision_type=2 2 2 2 2 2 2 2 2 2 2 2 2 2 2 2 2 2 2 2 2 2 2 2 2 2 2 2 2 2
left_child=1 2 -1 -4 -3 6 8 -8 9 13 11 -11 -12 15 -15 -2 17 27 -19 20 21 -18 -10 -24 -25 -20 -27 28 -7 -29
right_child=5 4 3 -5 -6 16 7 -9 22 10 12 -13 -14 14 -16 -17 19 18 25 -21 -22 -23 23 24 -26 26 -28 29 -30 -31
leaf_value=-0.0054477539379745588 -0.0023168262143417689 -0.23193956252831299 -0.080268143338513898 -2080.563546113684 0.0065471250898482434 0.0089633399007481868 -0.079725862117420609 0.10332658801045641 0.050482748472147849 0.07792207888242772 -0.034079829132288436 -0.059431408622714683 0.072451218453496891 0.032338713737831426 -0.022994517627644082 -0.2167488598421842 0.057557355918739984 0.80013005424967154 0.051158973951844031 0.00014340789021991161 -0.080757873195184224 -6.061293685294129 0.014142595393433575 -0.28080607413905734 0.040062100757587295 -0.040173340843277575 -0.62110964110247391 0.13379097083538136 0.10890661217456694 -0.034914072369071895
leaf_weight=3.8228494479300226 2321.5463061538367 3.8301762728523938 0.0080705518780758156 0.001961082577178753 23.083697830185688 382.68843258511311 12.829227469975192 2.1317674084402816 26.980985989146575 21.462710275165595 135.97407837291667 7.1463541773518946 6.6602313173098073 92.716417811174324 36.2851126448586 1.0440115345481888 0.013366493899410581 0.10299682244658726 29.156858570737317 1001.4329059379058 0.19307240198259024 0.013050055613348377 46.490618890498808 1.0219635695175373 0.75523940008861234 1.9545758564727287 0.11361021709853947 1.8874771745322529 5.2626454441779051 25.28569420414351
leaf_count=56082 1300200 20809 530 98 53437 26484 1946 166 2207 3500 41641 780 565 8785 3078 57 57 32 21696 147819 658 46 3621 77 49 989 175 49 351 1595
internal_value=-0.00128237 -0.157378 -1.07012 -406.794 -0.0273925 -0.000128981 -0.00198462 -0.053643 -0.00169817 -0.00241901 -0.0169567 0.0436121 -0.0291054 -0.00140355 0.0167748 -0.00241321 0.00334759 0.0107469 0.0454851 4.96084e-05 -0.427917 -2.96522 0.023427 0.00830327 -0.14445 0.0429959 -0.0720855 0.00812529 0.0103191 -0.0231956
internal_weight=4191.9 30.7468 3.83288 0.0100316 26.9139 4161.15 2713.05 14.961 2698.08 2622.84 171.243 28.6091 142.634 2451.59 129.002 2322.59 1448.1 446.452 31.328 1001.65 0.219489 0.0264165 75.2488 48.2678 1.7772 31.225 2.06819 415.124 387.951 27.1732
internal_count=1697579 130956 56710 628 74246 1566623 1366672 2112 1364560 1358606 46486 4280 42206 1312120 11863 1300257 199951 51371 22892 148580 761 103 5954 3747 126 22860 1164 28479 26835 1644
is_linear=0
shrinkage=0.08


Tree=200
num_leaves=31
num_cat=0
split_feature=7 16 10 6 1 3 6 0 8 1 6 1 1 9 9 9 10 9 0 10 4 4 9 1 4 1 5 1 1 3
split_gain=6.0278 15.0645 19.3918 9.42091 20.8214 9.3756 11.6996 9.10554 8.53506 13.1865 9.76167 8.52636 10.653 7.5102 6.83912 20.557 16.9097 10.9959 8.68552 6.78878 7.15111 6.22736 6.09522 8.40053 6.79558 5.9962 6.52649 9.90456 8.97187 5.51651
threshold=2.5000000000000004 1.0000000180025095e-35 0.59166666865348827 0.81666666269302379 0.8216732144355775 0.93788579106330883 0.6904762089252473 0.93419912457466137 7.5000000000000009 0.94201681017875682 0.81666666269302379 0.92637759447097789 0.8216732144355775 0.8011976182460786 0.36151385307312017 0.46851994097232824 0.046536797657608993 0.44280262291431433 0.97915762662887584 0.72077924013137828 0.69860395789146434 0.85867896676063549 0.20766969025135043 0.97915762662887584 0.80673459172248851 0.91847583651542675 1.0000000180025095e-35 0.96449580788612377 0.93788579106330883 0.99425286054611217
decision_type=2 2 2 2 2 2 2 2 2 2 2 2 2 2 2 2 2 2 2 2 2 2 2 2 2 2 2 2 2 2
left_child=-1 2 14 4 -4 7 22 8 11 21 -11 12 -3 -13 18 16 17 -16 -2 -6 -21 -10 -7 -24 -25 29 27 -27 -28 -8
right_child=1 5 3 -5 19 6 25 -9 9 10 -12 13 -14 -15 15 -17 -18 -19 -20 20 -22 -23 23 24 -26 26 28 -29 -30 -31
leaf_value=-0.0019920580855559188 0.078604957654833399 -0.054965685347917431 -0.87838159517184833 0.0028847329035013437 -0.29083962632316601 0.16939564478833999 0.089288075042563503 0.085473701089161983 -0.032147408764190553 0.16303743815403132 0.025821844086475216 -0.038858945705082991 0.011881924608714392 -0.12161492967478303 0.3939345789923826 0.080320301272199066 0.21569024115265756 1.0749305894902772 -0.065399592882922089 -0.60324654792973875 0.050353445544105986 0.18697229679684582 0.10067475002981603 -0.016189485352130321 -0.41281912338725646 -0.0074207847815199804 -0.11612124057249908 -0.13433250328838514 0.0099370639275169204 0.020212905007666912
leaf_weight=3710.0976834509479 15.697734447647127 23.522200043308089 0.24910106230527107 5.4906122404318012 0.8234609994105998 4.293442616472019 9.905488262970719 5.7409169790953447 20.533503093111225 5.2251127064992007 9.0918510628143849 28.816481800766269 43.423723486084782 9.2779795103269844 0.32981150029809159 9.6903544429624144 1.6781660539418224 0.28106997947907075 3.2325351517647496 0.11660156925790932 1.3195232987018242 0.86505295902588741 3.8229883552357933 0.94285350123209333 0.39115716373271425 16.230050873213262 3.6713909428453908 5.1954457823940166 228.89172102910925 29.247723001401937
leaf_count=1635154 210 6786 10 2331 36 66 1282 700 4872 639 510 3125 7372 648 48 965 34 9 70 17 253 232 1170 1314 205 1467 247 370 22881 5012
internal_value=-0.000892649 0.00746582 0.0552188 -0.0557997 -0.184239 0.00332852 0.0113713 -0.0132841 -0.0173121 0.0164718 0.0759 -0.0287992 -0.0116057 -0.0590143 0.0839499 0.131255 0.346877 0.707265 0.0540147 -0.107715 -0.00271352 -0.0232893 0.0989824 0.0403601 -0.132489 0.00854689 0.00405462 -0.0381955 0.00794703 0.0376884
internal_weight=4198.1 487.998 38.909 7.9993 2.50869 449.089 302.592 146.497 140.756 35.7155 14.317 105.04 66.9459 38.0945 30.9097 11.9794 2.28905 0.610881 18.9303 2.25959 1.43612 21.3986 9.45044 5.157 1.33401 293.142 253.989 21.4255 232.563 39.1532
internal_count=1698035 62881 3983 2647 316 58898 34014 24884 24184 6253 1149 17931 14158 3773 1336 1056 91 57 280 306 270 5104 2755 2689 1519 31259 24965 1837 23128 6294
is_linear=0
shrinkage=0.08


Tree=201
num_leaves=31
num_cat=0
split_feature=4 9 9 4 7 0 2 3 2 1 1 1 12 4 9 0 0 1 0 9 9 3 3 0 3 3 1 4 2 2
split_gain=4.01166 21.6073 10.5844 17.925 61.3719 241.18 639.991 31.0789 585.693 6.8685 99.6765 22.3372 5.85807 5.31274 24.138 4.21997 6.57512 6.5577 10.9153 5.37029 6.63674 8.99679 4.45474 4.44523 17.012 14.5485 13.6401 11.0839 9.51603 8.66291
threshold=0.45035210251808172 0.6072751283645631 0.5885961949825288 0.43951219320297247 1.5000000000000002 0.47856706380844122 0.48912529647350317 0.53399342298507702 0.53144779801368724 0.5912291705608369 0.59317129850387584 0.60120484232902538 0.30952382087707525 0.42967033386230474 0.42131063342094427 0.47478812932968145 0.46697819232940679 0.53907206654548656 0.50878274440765392 0.62871870398521434 0.65682536363601696 0.48050633072853094 0.80874970555305492 0.55403152108192455 0.68870675563812267 0.77459675073623668 0.69183287024497997 0.5388936996459962 0.55403152108192455 0.54923510551452648
decision_type=2 2 2 2 2 2 2 2 2 2 2 2 2 2 2 2 2 2 2 2 2 2 2 2 2 2 2 2 2 2
left_child=1 2 3 12 7 -6 -7 8 -5 -4 -11 -12 13 -1 -15 16 -2 18 22 -20 21 -21 -17 24 26 29 -19 28 -25 -26
right_child=15 -3 9 4 5 6 -8 -9 -10 10 11 -13 -14 14 -16 17 -18 23 19 20 -22 -23 -24 27 25 -27 -28 -29 -30 -31
leaf_value=-0.05685744370197373 0.0089495863417611028 0.014248984932380943 -0.19882050974633628 -0.86242766221714495 -0.080060729276886997 -76.186194505197477 -0.08002382972085427 -0.08242497015042434 -49.232871138891525 -8.9429645739591894 -2.2417676789108452 -0.08168359600059924 0.035798269325189834 -1.2357278155303042 -0.1132497691721238 -0.10257992174052755 0.097860413644768121 -0.043050947331353465 -0.058048118314453556 0.67244642413905875 0.09543210356723808 0.10084010477810509 0.27622462639165801 0.0074381327254832317 0.11782539622771125 -0.010864558289331335 0.02603108466708675 -0.00050881608171830101 0.085389776890986979 0.02669289736662225
leaf_weight=5.4968635653486677 22.660430652893311 29.368862910195713 2.7748225621821803 0.10235420748134361 0.011042045090713604 0.0010511628215397204 0.0021607999965453928 0.44215096806876719 0.001627575505601441 0.0088989496227737663 0.0348995697473094 0.25093766843413856 3.6467812767897554 0.13854787384687584 1.0658250709531694 2.9062857243578959 6.9576676655634513 100.10859488683023 1.3090832113926669 0.31119303684681637 8.5427671520894801 0.40633162672141682 0.21326806523295649 22.985621277908024 11.369847130369811 40.992851720441109 22.382019475900961 3881.4662615770508 17.772117282762963 16.16948674379459
leaf_count=101443 36860 11506 2124 6474 229 47 39 8018 98 21 97 815 12682 4161 6586 8515 11174 135681 8648 26 266 74 36 13531 9002 28188 18846 1256126 7275 9407
internal_value=-0.000505994 -0.0247174 -0.106589 -0.0696609 -0.510342 -5.69251 -24.9869 -0.375088 -1.61955 -0.237822 -0.605006 -0.345421 -0.0457963 -0.0901997 -0.242377 -0.000253504 0.0298359 -0.000469449 0.0548095 0.0936195 0.11506 0.348748 -0.076683 -0.000653418 -0.0125705 0.0193471 -0.030428 -7.30262e-05 0.0414284 0.0643177
internal_weight=4199.9 43.3468 13.978 10.9084 0.560387 0.014254 0.00321196 0.546133 0.103982 3.06956 0.294736 0.285837 10.348 6.70124 1.20437 4156.55 29.6181 4126.94 13.6889 10.5694 9.26029 0.717525 3.11955 4113.25 191.023 68.5322 122.491 3922.22 40.7577 27.5393
internal_count=1697995 154340 142834 139777 14905 315 86 14590 6572 3057 933 912 124872 112190 10747 1543655 48034 1495621 17565 9014 366 100 8551 1478056 201124 46597 154527 1276932 20806 18409
is_linear=0
shrinkage=0.08


Tree=202
num_leaves=31
num_cat=0
split_feature=0 1 8 10 4 1 4 4 3 13 8 10 10 0 3 1 10 7 3 4 12 0 4 6 7 0 3 4 10 3
split_gain=4.72023 12.1213 15.4085 11.8587 12.2388 10.9704 9.79106 8.61714 6.39913 6.31359 6.14877 5.41414 5.03162 4.59951 9.25006 8.47622 9.86557 6.33095 4.45832 4.39662 4.35139 6.02202 118.959 4.0346 3.97611 3.94268 3.91585 48.9818 76.2691 3.87788
threshold=0.54261502623558056 0.64241620898246776 4.5000000000000009 0.15192308276891711 0.50287356972694408 0.57321429252624523 0.52976614236831676 0.5604878067970277 0.44562648236751562 1.5000000000000002 3.5000000000000004 0.39230769872665411 0.31414473056793218 0.51191151142120372 0.62258651852607738 0.53410854935646068 0.42261904478073126 2.5000000000000004 0.70299971103668224 0.51022112369537365 0.36666667461395269 0.51899951696395885 0.4901809841394425 0.30952382087707525 4.5000000000000009 0.53144779801368724 0.44562648236751562 0.50878274440765392 0.39230769872665411 0.79772728681564342
decision_type=2 2 2 2 2 2 2 2 2 2 2 2 2 2 2 2 2 2 2 2 2 2 2 2 2 2 2 2 2 2
left_child=1 3 9 8 13 6 -2 10 20 26 19 -8 -4 14 -5 16 -15 -17 -16 -6 21 -1 -23 -14 -7 -12 27 28 -3 -25
right_child=5 2 12 4 7 24 11 -9 -10 -11 25 -13 23 15 18 17 -18 -19 -20 -21 -22 22 -24 29 -26 -27 -28 -29 -30 -31
leaf_value=-0.18424224816788762 0.09484849127344791 -0.080152730553639376 -0.025703306657866742 -0.039391384942451535 -0.11696795878422085 0.00034593691838800581 -0.055089009521431705 0.083300725649234839 -0.056360449354001946 -0.082932700205187435 -0.063324094419078297 0.051822714822901857 -0.0099715684585016794 0.62971331232923267 0.091639540589771237 0.038177706668164321 0.085380211821806218 -0.52301453410114895 0.0072491094642837955 -0.011806769339567289 -0.038854009075596364 -10.412401084130668 -0.08262850100593655 0.076809191460199197 0.082387182053721406 -0.13588893672095489 0.081709665436404344 -0.028735346243171582 10.553587225196418 0.0038844565643302784
leaf_weight=4.1546231152182349 14.949792381837899 0.010128789323394893 42.762388217680659 22.221716490455773 2.9860317029160006 3939.1003062287705 6.0927136188194417 2.9246831127350665 11.829325341527753 1.5525311028195563 13.388022848438828 6.033611594728427 21.38104723821758 0.33584283014556326 6.4086561849817114 11.345146085066643 0.58303393493406475 0.13013036116899535 10.688794069065681 17.204315061804923 1.4318242288653023 0.0076454901579551251 0.10686023360162089 9.4843801119762983 3.784344073396368 7.4634358925743127 18.093429076502176 0.13537077741784742 0.0075228991918265811 9.1877696956411921
leaf_count=23628 3643 45 137309 39796 626 1302936 9272 755 136382 54 6681 179 1496 292 2472 3068 10 18 1230 4262 10139 92 1604 864 765 2047 6845 127 1 1008
internal_value=0.000146788 -0.0113752 0.00853859 -0.0294251 -0.0183423 0.000773172 0.0515215 -0.0493729 -0.0899149 0.0719403 -0.0588273 -0.00189368 -0.00661905 0.00803975 -0.0053555 0.0505348 0.28433 0.0318138 0.0388813 -0.0273595 -0.159539 -0.200016 -0.772342 0.0137561 0.000424679 -0.0892975 0.0851179 0.48811 4.4518 0.040926
internal_weight=4185.79 215.825 102.615 113.21 95.6798 3969.96 27.0761 43.9665 17.5303 19.799 41.0418 12.1263 82.8156 51.7133 39.3192 12.3942 0.918877 11.4753 17.0975 20.1903 5.70095 4.26913 0.114506 40.0532 3942.88 20.8515 18.2465 0.153022 0.0176517 18.6721
internal_count=1697646 380851 147749 233102 61257 1316795 13094 14371 171845 7072 13616 9451 140677 46886 43498 3388 302 3086 3702 4888 35463 25324 1696 3368 1303701 8728 7018 173 46 1872
is_linear=0
shrinkage=0.08


Tree=203
num_leaves=31
num_cat=0
split_feature=5 10 4 1 8 4 10 4 6 2 8 1 4 4 7 2 2 8 6 16 9 1 2 7 8 1 6 16 6 2
split_gain=4.94478 5.47237 5.22999 4.08498 33.1547 30.417 12.5541 9.29765 18.6768 13.0809 18.3708 8.9345 10.2828 8.89874 8.82612 7.99191 7.61091 15.2058 16.6916 10.3827 21.5866 9.79843 7.58419 7.16081 7.10841 7.72483 8.90053 7.72913 5.55198 23.0062
threshold=1.0000000180025095e-35 0.89444443583488475 0.34549072384834295 0.91476997733116161 3.5000000000000004 0.91945946216583263 0.63068181276321422 0.86319074034690868 0.63333335518836986 0.85270008444786083 11.500000000000002 0.92907443642616283 0.93643954396247875 0.93440860509872448 1.5000000000000002 0.90070420503616344 0.86240702867507946 6.5000000000000009 0.63333335518836986 1.0000000180025095e-35 0.81983605027198803 0.96190130710601818 0.87570226192474376 2.5000000000000004 6.5000000000000009 0.64747309684753429 0.21111111342906955 1.0000000180025095e-35 0.46428571641445165 0.76689496636390697
decision_type=2 2 2 2 2 2 2 2 2 2 2 2 2 2 2 2 2 2 2 2 2 2 2 2 2 2 2 2 2 2
left_child=2 -2 -1 7 5 6 14 24 13 10 -10 -7 -13 15 -5 -9 17 -6 -19 21 -21 -18 -15 -11 28 26 -26 -27 29 -4
right_child=1 -3 3 4 16 11 -8 8 9 23 -12 12 -14 22 -16 -17 19 18 -20 20 -22 -23 -24 -25 25 27 -28 -29 -30 -31
leaf_value=-0.096216360403428083 0.003459682848136119 0.060012838892964798 -0.011676222907497862 -0.074267808035060376 -0.024896618829284414 0.046973144426267953 0.059183013793407943 0.024177289424972988 0.026037565805194233 -0.057115635859385561 0.86626108730563278 -0.04094934468796179 0.0096448520149524236 0.055181449190591661 -0.034796674503403138 0.065374107860199607 0.072623412957599498 0.06708802571300862 -0.0089973641319122076 0.05801028697223852 -0.14639823341795111 0.0066847784024473833 -0.062307149099367555 0.015796272764863471 0.019488476532083333 -0.023095628643673254 -0.039810948980537109 0.0023969861642962925 0.0060032696783857351 0.018695095317845412
leaf_weight=3.7554111323129282 1457.6716378389601 11.033578835784736 610.85215336310648 75.94065050514746 61.984965822996855 22.93357359946458 6.3859771922470818 97.225622622900119 22.224723099860061 39.365177539179058 0.16779701642371847 39.185622779374171 74.756175157184771 5.1245754649571635 69.382783343211486 43.675365611608868 41.029101496478688 36.71549449185386 37.099971163093869 7.8906276897432672 5.6914147649658844 22.241685433767998 11.205229692015562 11.038011842130798 87.182768528852293 269.28198106407689 19.896102784153996 106.11105340634498 683.86534458993174 216.0912394930283
leaf_count=25117 216380 20391 514568 51721 28685 1765 1414 18105 2620 4256 54 3980 5861 312 8056 3378 4769 25751 4417 836 174 1977 653 1761 70314 240914 78124 76412 184002 100981
internal_value=0.000141944 0.00388454 -0.00187278 -0.00174274 -0.00826676 -0.0259288 -0.0505987 -0.000271916 0.0149571 -0.0185447 0.0323337 0.00141478 -0.00775495 0.030468 -0.0554228 0.0369472 0.0157018 0.00431628 0.0288472 0.0358201 -0.027645 0.0494439 -0.0254372 -0.0411483 -0.00202936 -0.0104833 0.00847017 -0.0158897 0.000670388 -0.0037398
internal_weight=4197.01 1468.71 2728.3 2724.55 501.238 288.585 151.709 2223.31 230.027 72.7957 22.3925 136.875 113.942 157.231 145.323 140.901 212.653 135.8 73.8155 76.8528 13.582 63.2708 16.3298 50.4032 1993.28 482.472 107.079 375.393 1510.81 826.943
internal_count=1697748 236771 1460977 1435860 139406 72797 61191 1296454 31139 8691 2674 11606 9841 22448 59777 21483 66609 58853 30168 7756 1010 6746 965 6017 1265315 465764 148438 317326 799551 615549
is_linear=0
shrinkage=0.08


Tree=204
num_leaves=31
num_cat=0
split_feature=0 10 2 10 0 2 1 0 6 7 6 4 4 1 8 7 10 2 5 10 9 9 1 8 8 1 4 4 1 0
split_gain=2.99099 8.46066 6.76433 8.47103 6.86698 15.1472 12.7079 12.0337 9.83736 8.28395 9.16539 7.36614 6.48043 6.37164 6.30402 5.94458 9.9305 7.12414 5.30287 5.27979 7.07074 14.3477 5.22225 20.205 8.22059 13.6272 7.93427 16.3699 7.77155 7.67488
threshold=0.96922349929809581 0.30384616553783422 0.92403846979141246 0.31009615957736975 0.90070420503616344 0.91331186890602123 0.90521115064620983 0.65545505285263073 0.63333335518836986 2.5000000000000004 0.91666665673255932 0.94804319739341747 0.89323708415031444 0.97467949986457836 4.5000000000000009 2.5000000000000004 0.31414473056793218 0.83424907922744762 1.0000000180025095e-35 0.51666668057441723 0.81983605027198803 0.87332859635353099 0.96190130710601818 2.5000000000000004 1.5000000000000002 0.95861870050430309 0.76689496636390697 0.75440767407417308 0.94494947791099559 0.96178188920021068
decision_type=2 2 2 2 2 2 2 2 2 2 2 2 2 2 2 2 2 2 2 2 2 2 2 2 2 2 2 2 2 2
left_child=2 -2 4 22 5 11 8 -7 12 -10 -11 -1 -6 14 -5 -8 -17 -18 -16 20 -15 -22 24 29 26 -26 27 -4 -28 -24
right_child=1 -3 3 13 6 7 15 -9 9 10 -12 -13 -14 19 18 16 17 -19 -20 -21 21 -23 23 -25 25 -27 28 -29 -30 -31
leaf_value=5.8067898712234601e-05 0.005017780072105793 0.077528655282027389 -0.0045996311528135048 0.048358041781925161 0.17945297748550157 0.11517815498880724 -0.0016809121978766878 -0.087135751686905669 -0.052937716899821699 -0.15052313123747657 0.20488058882150664 -0.052488858975516084 0.064617012295044671 0.026197460694535223 -0.3080549684869156 0.039444111508982797 0.086392199329442865 -0.073164405571362542 0.081205964514231205 0.046851977748211281 -0.43942507234173084 -0.032750080250037512 -0.1214263424981732 -0.0075164560192941534 -0.041889600742530543 0.058213859354408336 0.023603422605828563 -0.15797410049179361 -0.02907935271320651 -0.034519079517031641
leaf_weight=3201.0168734793197 299.79689465087722 10.664957175738889 22.653303149949355 28.192613287499629 3.6048247452854438 2.0832247406215201 188.67936663772161 19.441942502264283 7.7540686000229453 0.62062922154655109 1.844770042484015 17.165158839894502 24.658606896737183 1.5759433035163959 0.592447150433144 57.144630238492027 2.2223879671546447 9.2253078905778221 0.36013047687993094 2.3670751017762086 0.91748860275402 1.406184598972686 17.254230221018592 67.485591225718963 68.953643841221492 9.9606205504096561 87.483300069681718 5.5435663588432353 22.537112934198376 10.437395414905039
leaf_count=1592466 14306 22861 578 16109 304 129 23062 1213 826 236 90 1697 2222 351 48 2693 1158 2053 210 2486 171 287 1346 2661 2303 323 3610 211 1181 421
internal_value=-4.73295e-05 0.00750867 -0.000651434 -0.0112982 0.000395696 -0.000669582 0.0120648 -0.0675556 0.0549418 -0.0123239 0.115413 -0.000222207 0.0792636 0.0257836 0.041519 0.00565122 0.02582 -0.042189 -0.160891 -0.0473986 -0.104609 -0.193323 -0.0155028 -0.0311278 -0.0086537 -0.0292545 0.00310818 -0.0347534 0.0128116 -0.0886697
internal_weight=4193.64 310.462 3883.18 347.721 3535.46 3239.71 295.755 21.5252 38.4829 10.2195 2.4654 3218.18 28.2634 35.4119 29.1452 257.272 68.5923 11.4477 0.952578 6.26669 3.89962 2.32367 312.309 95.1772 217.132 78.9143 138.217 28.1969 110.02 27.6916
internal_count=1697612 37167 1660445 32296 1628149 1595505 32644 1342 3678 1152 326 1594163 2526 19662 16367 28966 5904 3211 258 3295 809 458 12634 4428 8206 2626 5580 789 4791 1767
is_linear=0
shrinkage=0.08


Tree=205
num_leaves=31
num_cat=0
split_feature=1 0 9 12 9 9 0 0 9 4 3 6 9 6 11 3 9 17 3 0 2 0 1 0 3 2 6 5 8 3
split_gain=3.43919 3.94795 3.3621 3.02037 7.8026 27.145 32.0298 844.199 5320.68 304.232 673.295 21.5939 5.85776 14.8536 8.60434 9.48675 14.1528 18.189 14.6979 9.03931 9.61602 8.29628 10.0718 6.73984 5.94693 6.02345 5.29977 5.98662 8.45933 13.4563
threshold=0.4901809841394425 0.51000401377677929 0.9348469376564027 0.41428571939468389 0.20766969025135043 0.43046765029430395 0.4403389841318131 0.43534001708030706 0.42078272998332983 0.40253165364265447 0.53399342298507702 0.91666665673255932 0.88384941220283519 0.21111111342906955 6.5000000000000009 0.67028987407684337 0.56572300195693981 1.0000000180025095e-35 0.91010102629661571 0.94185259938240062 0.54085850715637218 0.65648320317268383 0.62115561962127697 0.59417229890823375 0.45199692249298101 0.42933948338031774 0.91666665673255932 1.0000000180025095e-35 1.0000000180025095e-35 0.91266208887100231
decision_type=2 2 2 2 2 2 2 2 2 2 2 2 2 2 2 2 2 2 2 2 2 2 2 2 2 2 2 2 2 2
left_child=1 2 -1 4 26 6 7 -6 -9 10 -8 -11 14 21 15 19 18 -18 -17 20 -5 22 -14 -24 25 -15 27 28 -2 -30
right_child=3 -3 -4 12 5 -7 9 8 -10 11 -12 -13 13 24 -16 16 17 -19 -20 -21 -22 -23 23 -25 -26 -27 -28 -29 29 -31
leaf_value=-0.10647679879031621 0.025388059501361353 0.12130574647442136 0.05294387812034472 -0.0011401857168140727 -0.080065969421673974 -0.0030236386180606963 78.193876682735606 -0.080002105922072284 -123.94816772353261 -0.075424320741539402 -0.080008449415439387 0.0025772040444244047 0.019019119843956545 0.082027210825594207 -0.05537994318265177 0.023538024213434483 0.034456908040153382 -0.028389917629302423 -0.01054481444180631 -0.29284709005422066 0.027538784964344584 0.033360904847569435 -0.056563706509418332 -0.003912656427281138 0.045503105636060977 -0.33271078993744246 -0.0020566053655737587 0.018540018092979001 0.0065672555035289869 -0.02394595613216563
leaf_weight=4.9274702923520328 88.06041697588023 0.70362234846209748 1.022296542432741 145.35658491982187 0.54376729516906841 1278.1595104756839 0.0010220522789348022 0.015750853951754212 0.0025833686577201578 57.320490266540638 0.0022552511471810709 37.623994694011778 40.564919964293949 0.38560341629272343 17.359701180910633 159.99190769309448 34.418559230015973 205.10793684501411 163.96686649956317 0.61721065093297411 154.20601998168755 34.353990079305731 33.569583318192599 29.004347326088464 76.736337799522516 0.53516251646215096 925.54358671602677 207.55427708377783 344.47206098556802 126.4522969754093
leaf_count=32562 8382 632 19 97126 48686 395995 483 2187 328 697474 279 60185 757 93 977 73250 17556 10560 8265 71 45817 8054 784 1185 58121 32 7004 2683 110460 7830
internal_value=-0.000421681 -0.0578928 -0.0790849 -0.000329806 -0.00161848 -0.00609779 -0.0472376 -0.649351 -17.5335 -0.043673 24.3303 -0.0445144 0.00327433 0.0151085 0.000384369 0.00150523 -0.0046144 -0.0193592 0.00628751 0.0129928 0.0136229 -0.000688871 -0.0120303 -0.0321588 0.0430781 -0.159025 0.00201792 0.00693762 0.00262959 -0.00162613
internal_weight=4168.58 6.65339 5.94977 4161.93 3065.75 1373.67 95.5099 0.562102 0.0183342 94.9478 0.0032773 94.9445 1096.17 215.15 881.025 863.665 563.485 239.526 323.959 300.18 299.563 137.493 103.139 62.5739 77.6571 0.920766 1692.08 766.539 558.985 470.924
internal_count=1697837 33213 32581 1664624 1341976 1205617 809622 51201 2515 758421 762 757659 322648 69026 253622 252645 109631 28116 81515 143014 142943 10780 2726 1969 58246 125 136359 129355 126672 118290
is_linear=0
shrinkage=0.08


Tree=206
num_leaves=31
num_cat=0
split_feature=4 9 5 0 2 10 15 4 8 2 4 16 7 8 10 2 9 10 14 9 3 2 2 3 9 4 0 3 17 2
split_gain=9965.32 90768.5 1.52483e+06 2.48852e+07 1.97938e+08 13.1406 3.62653 5.76448 12.2581 11.101 6.69157 11.1066 10.085 10.5407 5.80861 5.18242 4.91974 7.0511 4.72596 23.207 4.51733 7.37418 4.48306 4.47089 4.29279 18.6106 7.76392 4.27289 4.17338 8.0397
threshold=0.40253165364265447 0.43046765029430395 1.0000000180025095e-35 0.4403389841318131 0.57804551720619213 0.093073595315217986 1.0000000180025095e-35 0.96178188920021068 2.5000000000000004 0.96609193086624157 0.93908473849296581 1.0000000180025095e-35 2.5000000000000004 1.0000000180025095e-35 0.28991597890853887 0.77459675073623668 0.91184088587760936 0.43303571641445165 1.0000000180025095e-35 0.40605320036411291 0.94791102409362804 0.77459675073623668 0.94791102409362804 0.81661397218704235 0.70031845569610607 0.65261757373809826 0.56980520486831676 0.84475743770599376 1.0000000180025095e-35 0.67669683694839489
decision_type=2 2 2 2 2 2 2 2 2 2 2 2 2 2 2 2 2 2 2 2 2 2 2 2 2 2 2 2 2 2
left_child=1 2 3 -1 -5 -3 7 10 14 15 16 20 13 -13 -9 23 24 -18 19 -8 -12 -22 -14 -10 26 -26 -2 -17 -20 -30
right_child=6 5 -4 4 -6 -7 18 8 9 -11 11 12 22 -15 -16 27 17 -19 28 -21 21 -23 -24 -25 25 -27 -28 -29 29 -31
leaf_value=-0.080586425282042809 -0.023025727578483781 -0.17752207523336466 0.03259627303400859 -37881.501120328874 -0.080486049959529751 0.012139439915758103 -0.078297649887071261 0.006309629956841146 0.10821640355720906 0.62743838921555828 0.052720992135641714 0.062944047293568742 -0.022872661314973289 -0.10879838928515144 0.07225021595327609 0.39453240768755948 0.060901154133878976 0.0080699587413152127 -0.0025662088094780332 -0.0043402794559253225 0.20779905321165179 -0.017360698280812794 0.095375858156527646 -0.093381941621012182 0.015266508594315312 -0.017243113592877005 0.0045528420246763856 0.085652294114523353 -0.026326385457037083 0.012745733710193372
leaf_weight=0.12981573230738527 68.987322923785086 2.6925800475293924 2.0842293435384316 0.0010010184113118659 0.0074741645062843531 17.751349333253245 27.941015683292449 228.16126207684283 1.0862626322814386 0.23284595847144274 10.704285477615484 2.5955760505894458 14.851841284462354 19.247751368890022 8.8824615006128607 0.29283152651623723 20.438932970229871 77.373138867562375 596.99287970962382 964.21416989013471 0.966787855380974 25.091443084782441 2.3808738087082011 2.0008887193580449 174.89169962242704 316.91275017372573 1232.5672644867427 13.535330302804139 37.840910610582625 308.32389285878588
leaf_count=23343 196504 12528 17432 915 41 37760 314426 11356 104 18 636 409 1451 1251 15499 36 1210 17085 28216 330183 49 1465 244 245 6025 17903 618201 1376 17145 25434
internal_value=-0.00915962 -1.68203 -17.0362 -274.285 -4474.32 -0.01284 -3.70521e-05 0.00216868 0.0135057 0.0788227 0.000703625 -0.0225972 -0.0522922 -0.0883908 0.00878054 0.0712708 0.00163802 0.0191096 -0.00256862 -0.00642306 0.00896656 -0.00900703 -0.00653543 -0.0224464 0.000685096 -0.00568229 0.00309107 0.0921933 0.00148606 0.00847458
internal_weight=4179.18 22.6664 2.22252 0.138291 0.00847518 20.4439 4156.51 2221.2 254.192 17.1482 1967.01 75.8386 39.076 21.8433 237.044 16.9153 1891.17 97.8121 1935.31 992.155 36.7625 26.0582 17.2327 3.08715 1793.36 491.804 1301.55 13.8282 943.158 346.165
internal_count=1698490 92019 41731 24299 956 50288 1606471 891067 28634 1779 862433 5505 3355 1660 26855 1761 856928 18295 715404 644609 2150 1514 1695 349 838633 23928 814705 1412 70795 42579
is_linear=0
shrinkage=0.08


Tree=207
num_leaves=31
num_cat=0
split_feature=5 3 3 2 2 6 3 8 8 6 0 9 2 8 8 0 10 3 0 0 0 9 3 0 2 8 9 6 0 2
split_gain=3.22659 5.44537 21.4154 19.8656 12.3569 14.1349 10.2395 13.0244 10.7393 7.00996 6.83334 11.6444 6.75473 7.61038 6.20344 5.33448 9.1943 5.48769 17.9296 11.6412 30.997 13.9428 12.6046 13.9207 8.57987 8.83512 7.59 6.56903 17.6818 9.93774
threshold=1.0000000180025095e-35 0.9529346525669099 0.97700846195220958 0.87206766009330761 0.77376341819763195 0.81666666269302379 0.99425286054611217 10.500000000000002 2.5000000000000004 0.63333335518836986 0.89022758603096019 0.20766969025135043 0.77629500627517711 6.5000000000000009 5.5000000000000009 0.423303171992302 0.36931818723678594 0.91266208887100231 0.87939393520355236 0.91715687513351452 0.83609226346015941 0.71885213255882274 0.92403846979141246 0.92718276381492626 0.52027395367622387 3.5000000000000004 0.56572300195693981 0.77500000596046459 0.80621087551116954 0.80735492706298839
decision_type=2 2 2 2 2 2 2 2 2 2 2 2 2 2 2 2 2 2 2 2 2 2 2 2 2 2 2 2 2 2
left_child=1 15 3 10 14 6 8 -8 -6 -5 11 -3 -7 -14 -4 16 -1 18 27 20 21 -19 -21 -24 26 -26 -20 29 -29 -17
right_child=-2 2 4 9 5 12 7 -9 -10 -11 -12 -13 13 -15 -16 17 -18 19 24 22 -22 -23 23 -25 25 -27 -28 28 -30 -31
leaf_value=-0.11957389884338641 0.0028555215953528705 0.2571391654286605 0.12041183337135941 0.040076848411238694 -0.013587534256843344 -0.34305895116984814 -0.091148060217257409 0.055112331187707662 0.22462453198980054 -0.02563220181922175 0.053703088501283282 0.096115301839662992 -0.0084396567897251275 0.042807769621167203 0.020428996842960536 -0.0040948010185905938 0.016440154200368789 -0.011406688135708365 0.13186183033572671 0.057315131028350008 -0.055078260812117412 0.05498945786955934 -0.063931470889682623 0.0070751172171404078 0.014514794845288042 0.063360023380868519 0.68953057428360898 -0.0014897584619831504 -0.052152553704944753 0.012309649070952302
leaf_weight=6.6501937486749849 1450.1576848390696 4.1339745721778653 6.4430689239907197 30.506023874480888 11.45050258590163 0.35732774038478865 30.015583984768455 4.4778933836287242 1.3545144886702463 15.75808567309832 8.499947464813884 9.4318044306537541 68.54177648870791 25.424996632831608 10.353649282748055 1489.3941641443262 6.0968659168002759 70.901534367324984 0.53290292617748392 24.707313967743175 103.16511924394035 28.329258183541242 21.40568910595357 101.25781145931796 113.43873539453398 29.959163692409675 0.22095999617886264 150.01847573165469 62.438722739865625 280.92181034867281
leaf_count=79059 236616 43 460 2827 954 45 7921 2565 32 1232 407 664 8362 1278 4345 1130600 829 36905 72 2129 40454 2006 2993 7803 16480 2812 38 15079 6945 83984
internal_value=-0.000191365 -0.00181808 0.0100506 0.0474857 -0.00609605 -0.0137907 -0.0494815 -0.0721607 0.0116105 0.0176956 0.109945 0.145185 0.00410641 0.00542658 0.0587815 -0.00289913 -0.0545189 -0.00263345 -0.00110637 -0.0119196 -0.0243735 0.00754865 0.00518431 -0.00531606 0.0261348 0.0247197 0.295317 -0.00308687 -0.016379 -0.00149167
internal_weight=4166.35 2716.19 226.749 68.3298 158.419 141.623 47.2985 34.4935 12.805 46.2641 22.0657 13.5658 94.3241 93.9668 16.7967 2489.44 12.7471 2476.69 2126.92 349.767 202.396 99.2308 147.371 122.664 144.152 143.398 0.753863 1982.77 212.457 1770.32
internal_count=1695939 1459323 31135 5173 25962 21157 11472 10486 986 4059 1114 707 9685 9640 4805 1428188 79888 1348300 1256010 92290 79365 38911 12925 10796 19402 19292 110 1236608 22024 1214584
is_linear=0
shrinkage=0.08


Tree=208
num_leaves=31
num_cat=0
split_feature=2 10 3 1 10 3 12 2 3 5 4 1 1 4 1 3 1 3 8 16 8 3 6 10 13 2 8 15 6 4
split_gain=3.24493 8.08236 6.92622 6.6628 8.93042 6.36323 6.60741 6.17985 8.73923 6.46519 6.10249 7.3155 12.7179 6.0731 11.5863 6.04205 5.99437 5.962 18.0262 6.36378 5.85785 5.84687 17.9681 5.41387 7.73068 15.5664 5.35502 5.29252 5.2775 5.78401
threshold=0.59896907210350048 0.28991597890853887 0.65648320317268383 0.7454303801059724 0.097619049251079573 0.71516755223274242 0.30952382087707525 0.64174234867095958 0.64051282405853283 1.0000000180025095e-35 0.95488464832305919 0.95861870050430309 0.9495762586593629 0.60922586917877208 0.61633428931236278 0.58898946642875682 0.74322345852851879 0.6900656819343568 9.5000000000000018 1.0000000180025095e-35 7.5000000000000009 0.598850578069687 0.15476191043853763 0.40588235855102545 1.0000000180025095e-35 0.59491634368896495 12.500000000000002 1.0000000180025095e-35 0.38750000298023229 0.94474968314170849
decision_type=2 2 2 2 2 2 2 2 2 2 2 2 2 2 2 2 2 2 2 2 2 2 2 2 2 2 2 2 2 2
left_child=1 3 7 4 -1 6 16 8 28 -10 11 12 27 17 -15 -8 -6 23 -19 -20 -7 26 -23 24 25 -3 -16 -5 -2 -30
right_child=2 13 -4 10 5 20 15 -9 9 -11 -12 -13 -14 14 21 -17 -18 18 19 -21 -22 22 -24 -25 -26 -27 -28 -29 29 -31
leaf_value=-0.07436009378083068 0.025928788466980057 -0.03510165007369296 0.00097023617199908042 0.022601093183887696 -0.055728224872033154 0.083261823217348124 -0.001452266622173492 0.051402683734982607 -0.088270064139612775 0.22845002601725548 -0.051947280706923914 -0.028835035937947104 0.16114657836449034 -0.14719983452096322 0.0024103717596986023 -0.052952473970952089 0.4501418337740517 0.097124342822247245 -0.05323483948733454 0.038621415497185424 -0.084616758901057826 -0.090771511627868201 0.0094828729064384467 -0.0019573822941235585 0.041339114722070608 1.2598121662255752 0.090953834610803461 -0.014111521193848647 -0.037456281166168053 0.15005285448357947
leaf_weight=20.870587402271155 75.970386186323879 12.681878412548285 3345.3784610799776 62.793734365920024 32.676175071282302 6.6515595440499311 73.945567431583257 30.323775169365078 7.4392885356000837 0.43670054248650547 14.420240567626022 35.570557128633169 3.5849478963328769 3.9125139468160333 57.504251361724528 18.160221522958707 0.15060618728577324 18.109413047426649 11.15795038448433 8.5073387092634221 1.6627647059752471 18.217739944818049 30.758893361016817 171.21128151792118 46.263017688011132 0.059693466380848714 4.7311326257622559 41.900316429630386 15.073267004644693 1.1319058146254963
leaf_count=207824 35026 5294 957398 66660 168845 2733 64187 14011 6051 22 886 67015 681 135 4020 14821 347 898 1508 751 7577 741 2332 4516 2465 43 984 53085 6118 187
internal_value=0.000677112 -0.00431098 0.00167524 -0.0138615 -0.0257013 -0.0180799 -0.0225899 0.0197652 0.0101765 -0.0707089 -0.00233234 0.00264133 0.0129816 0.00347641 -0.0118912 -0.0116064 -0.0534073 0.0100781 0.0395354 -0.0134972 0.0496881 -0.00713095 -0.0278085 0.00524462 0.0261424 -0.0290351 0.00914144 0.00790809 0.0170878 -0.0243591
internal_weight=4171.26 695.502 3475.75 312.387 154.117 133.247 124.933 130.375 100.052 7.87599 158.27 143.85 108.279 383.115 115.125 92.1058 32.8268 267.991 37.7747 19.6653 8.31432 111.212 48.9766 230.216 59.0046 12.7416 62.2354 104.694 92.1756 16.2052
internal_count=1697161 678348 1018813 654661 466334 258510 248200 61415 47404 6073 188327 187441 120426 23687 8212 79008 169192 15475 3157 2259 10310 8077 3073 12318 7802 5337 5004 119745 41331 6305
is_linear=0
shrinkage=0.08


Tree=209
num_leaves=31
num_cat=0
split_feature=8 8 4 2 0 3 17 0 2 0 3 10 2 4 4 12 9 8 11 5 4 3 4 11 3 17 0 0 10 11
split_gain=3.02597 5.48079 12.6838 14.4736 11.9963 12.2083 14.405 10.7469 9.28067 23.0733 5.91165 33.1664 12.9674 10.624 13.0395 10.202 9.69261 9.49177 9.04554 8.71977 7.74259 7.56868 6.34571 6.24073 9.3865 6.77134 6.16893 4.97868 4.85008 4.51856
threshold=8.5000000000000018 11.500000000000002 0.83910790085792553 0.86706829071044933 0.76833632588386547 0.91476997733116161 1.0000000180025095e-35 0.82807883620262157 0.76506900787353527 0.76689496636390697 0.99425286054611217 0.31414473056793218 0.78007438778877269 0.91476997733116161 0.86729559302330028 0.30952382087707525 0.64533194899559032 9.5000000000000018 5.5000000000000009 1.0000000180025095e-35 0.87007671594619762 0.86526826024055492 0.56691542267799389 3.5000000000000004 0.96684980392456066 1.0000000180025095e-35 0.49089705944061285 0.82413583993911754 0.72077924013137828 4.5000000000000009
decision_type=2 2 2 2 2 2 2 2 2 2 2 2 2 2 2 2 2 2 2 2 2 2 2 2 2 2 2 2 2 2
left_child=-1 10 3 4 8 6 -6 -4 9 -3 12 15 23 14 21 20 -13 19 -19 -18 -12 -14 -17 24 25 -2 -25 -16 -7 -28
right_child=1 2 7 -5 5 28 -8 -9 -10 -11 11 16 13 -15 27 22 17 18 -20 -21 -22 -23 -24 26 -26 -27 29 -29 -30 -31
leaf_value=0.001312365090295062 -0.00082810008510591951 0.0017892979122176088 0.15844921793361913 1.1970776254653206 0.20103202741550921 -0.059121581842260094 -0.025697618258612928 0.018676144392783908 0.088963753491087483 1.9243873420642996 0.0090850408106874711 0.20151188807255996 -0.012003117453384251 0.97489532802664303 -0.42084629784820599 0.15327259765379161 -0.081237266014024673 -0.039930094974253136 -0.23527323988582877 -0.21236769625170784 -0.11022050870720065 0.085404894692306624 -0.11661194651216052 0.1240387416943077 0.70145083595942159 -0.039234857433081832 0.040994741970222216 -0.07965289071139986 0.058720234691333195 -0.014658261713508714
leaf_weight=3410.2372476115552 51.885205373594445 361.14848325366921 5.8733994766389506 0.064521713182329132 2.7934661898793811 42.576920144972974 5.009477265157102 8.7886492058660206 8.0287979705376511 0.039953997792962492 84.141870047958321 0.65651811134012206 6.8697192897934896 0.078400552083620734 0.30350746944350193 0.60812396043911476 5.5538706273655425 12.40481127030216 1.7285104267357372 7.8084280027323985 3.6315817609065553 19.875504898892743 6.7080278849607566 3.0064552101646305 0.1147074259351929 67.730418014275571 14.548327479495127 2.7880924607698034 2.3591222742652453 26.065100704498036
leaf_count=1216792 35296 285206 650 2 916 5704 2737 575 1744 225 21907 20 2652 26 65 25 69 1031 170 836 460 7408 221 227 4 109986 940 325 988 1122
internal_value=0.000298788 -0.00429041 0.00151948 -0.00102185 -0.00120506 -0.0368957 0.055472 0.0746672 0.003893 0.00200197 -0.0123063 -0.0259978 -0.00357547 0.0448477 0.0424039 -0.00341646 -0.102271 -0.109524 -0.0638206 -0.157865 0.00414883 0.0603849 -0.0941789 -0.0124435 -0.0218817 -0.0225753 0.013463 -0.113148 -0.0529349 0.00527746
internal_weight=4163.43 753.19 436.683 422.021 421.956 52.739 7.80294 14.662 369.217 361.188 316.507 123.242 193.265 29.9152 29.8368 95.0896 28.1521 27.4956 14.1333 13.3623 87.7735 26.7452 7.31615 163.35 119.73 119.616 43.6199 3.0916 44.936 40.6134
internal_count=1698329 481537 298747 297522 297520 10345 3653 1225 287175 285431 182790 24739 158051 10476 10450 22613 2126 2106 1201 905 22367 10060 246 147575 145286 145282 2289 390 6692 2062
is_linear=0
shrinkage=0.08


end of trees

feature_importances:
Column_9=818
Column_1=673
Column_2=575
Column_3=564
Column_0=550
Column_4=484
Column_6=459
Column_10=431
Column_8=377
Column_12=308
Column_16=213
Column_7=181
Column_13=167
Column_5=162
Column_11=155
Column_15=102
Column_17=47
Column_14=34

parameters:
[boosting: gbdt]
[objective: binary]
[metric: binary_logloss]
[tree_learner: serial]
[device_type: cpu]
[data_sample_strategy: bagging]
[data: ]
[valid: ]
[num_iterations: 400]
[learning_rate: 0.08]
[num_leaves: 31]
[num_threads: -1]
[seed: 42]
[deterministic: 0]
[force_col_wise: 0]
[force_row_wise: 0]
[histogram_pool_size: -1]
[max_depth: 7]
[min_data_in_leaf: 20]
[min_sum_hessian_in_leaf: 0.001]
[bagging_fraction: 0.85]
[pos_bagging_fraction: 1]
[neg_bagging_fraction: 1]
[bagging_freq: 1]
[bagging_seed: 400]
[bagging_by_query: 0]
[feature_fraction: 0.85]
[feature_fraction_bynode: 1]
[feature_fraction_seed: 30056]
[extra_trees: 0]
[extra_seed: 12879]
[early_stopping_round: 0]
[early_stopping_min_delta: 0]
[first_metric_only: 0]
[max_delta_step: 0]
[lambda_l1: 0]
[lambda_l2: 0]
[linear_lambda: 0]
[min_gain_to_split: 0]
[drop_rate: 0.1]
[max_drop: 50]
[skip_drop: 0.5]
[xgboost_dart_mode: 0]
[uniform_drop: 0]
[drop_seed: 17869]
[top_rate: 0.2]
[other_rate: 0.1]
[min_data_per_group: 100]
[max_cat_threshold: 32]
[cat_l2: 10]
[cat_smooth: 10]
[max_cat_to_onehot: 4]
[top_k: 20]
[monotone_constraints: ]
[monotone_constraints_method: basic]
[monotone_penalty: 0]
[feature_contri: ]
[forcedsplits_filename: ]
[refit_decay_rate: 0.9]
[cegb_tradeoff: 1]
[cegb_penalty_split: 0]
[cegb_penalty_feature_lazy: ]
[cegb_penalty_feature_coupled: ]
[path_smooth: 0]
[interaction_constraints: ]
[verbosity: -1]
[saved_feature_importance_type: 0]
[use_quantized_grad: 0]
[num_grad_quant_bins: 4]
[quant_train_renew_leaf: 0]
[stochastic_rounding: 1]
[linear_tree: 0]
[max_bin: 255]
[max_bin_by_feature: ]
[min_data_in_bin: 3]
[bin_construct_sample_cnt: 200000]
[data_random_seed: 175]
[is_enable_sparse: 1]
[enable_bundle: 1]
[use_missing: 1]
[zero_as_missing: 0]
[feature_pre_filter: 1]
[pre_partition: 0]
[two_round: 0]
[header: 0]
[label_column: ]
[weight_column: ]
[group_column: ]
[ignore_column: ]
[categorical_feature: ]
[forcedbins_filename: ]
[precise_float_parser: 0]
[parser_config_file: ]
[objective_seed: 16083]
[num_class: 1]
[is_unbalance: 0]
[scale_pos_weight: 1]
[sigmoid: 1]
[boost_from_average: 1]
[reg_sqrt: 0]
[alpha: 0.9]
[fair_c: 1]
[poisson_max_delta_step: 0.7]
[tweedie_variance_power: 1.5]
[lambdarank_truncation_level: 30]
[lambdarank_norm: 1]
[label_gain: ]
[lambdarank_position_bias_regularization: 0]
[eval_at: ]
[multi_error_top_k: 1]
[auc_mu_weights: ]
[num_machines: 1]
[local_listen_port: 12400]
[time_out: 120]
[machine_list_filename: ]
[machines: ]
[gpu_platform_id: -1]
[gpu_device_id: -1]
[gpu_device_id_list: ]
[gpu_use_dp: 0]
[num_gpu: 1]

end of parameters

pandas_categorical:null
